patent_id,title,abstract,ipc_codes,cpc_codes,citations,publication_year
074-405-918-071-305,Solar energy electricity charger,"The utility model provides a solar energy electricity charger, this solar energy electricity charger includes: solar receiver, solar energy electric energy transducer and accumulate pond, wherein, solar receiver and solar energy electric energy transducer connect, and solar energy electric energy transducer is connected with the accumulate pond, solar receiver for absorb solar energy, and with absorptive solar energy transmit for solar energy electric energy transducer, solar energy electric energy transducer is used for acquireing the solar energy of solar receiver transmission is the electric energy with received solar energy conversion, and will power transfer extremely the accumulate pond, the accumulate pond for the storage electric energy. Realized charging to precious realization ofcharging through solar energy for the precious charge mode that charges no longer confines to indoorly.",H02J7/35,,cited_by:1 | cites:0,2018
163-731-076-804-065,Solar charger pal,"The invention provides a solar charger pal. The solar charger pal comprises a solar receiver, a solar-energy-electricity-energy converter and an electricity storage battery, wherein the solar receiver is connected with the solar-energy-electricity-energy converter, the solar-energy-electricity-energy converter is connected with the electricity storage battery, the solar receiver is used for absorbing solar energy, and transmitting the absorbed solar energy to the solar-energy-electricity-energy converter, the solar-energy-electricity-energy converter is used for obtaining the solar energy transmitted by the solar receiver, converting the received solar energy into electricity energy, and transmitting the electricity energy to the electricity storage battery, and the electricity storage battery is used for storing the electricity energy. In the solar charger pal, purpose that the solar energy is utilized to charge the charger pal is achieved, and thus the charging mode of the charging pal is not limited indoors anymore.",H02J7/35,H02J7/35,cited_by:0 | cites:0,2017
160-445-398-054-635,Solar energy utilization device,"The embodiment of the invention discloses a solar energy utilization device, and relates to the technical field of solar energy utilization. The solar energy utilization device is designed to increase the light energy utilization rate. The solar energy utilization device comprises a solar energy reflector and a solar energy thermoreceptor. The solar energy thermoreceptor is columnar. The solar energy reflector is used for reflecting sunlight to the solar energy thermoreceptor, so that an annular columnar heated area is formed on the solar energy thermoreceptor. The solar energy utilization device is suitable for occasions where solar energy is used.",F24H1/20; F24J2/46; F24S10/40; F24S23/71,F24H1/20; Y02E10/44,cited_by:3 | cites:0,2016
058-043-644-692-597,Sunshine application system for building houses,"The invention belongs to the technical field of solar energy application, and particularly relates to a sunshine application system for building houses. The problem that the solar energy applied for the masses is insufficient exists in the prior art. For achieving the aim, the technical scheme is that the sunshine application system for the building houses comprises a solar energy receiver, a special solar energy joint, a solar energy stove, solar energy lighting equipment, solar energy medical equipment, nursing home solar energy equipment and cultivation solar energy equipment; the solar energy receiver is connected with the special solar energy joint which is respectively connected with the solar energy stove, the solar energy lighting equipment, the solar energy medical equipment, the nursing home solar energy equipment and the cultivation solar energy equipment by solar energy optical cables. The sunshine application system for the building houses is applied to life of people and accords with the society guiding, advocating and developing direction.",F24S20/30; F21S11/00,Y02B10/20; Y02B40/18; Y02E10/40,cited_by:0 | cites:0,2014
160-864-525-821-398,GLOBAL SOLARENERGYTRANSPORTATIONNETWORK,A solar energy transportation system for transporting solar energy is described. The solar energy transportation system comprises one or more solar energy collectors configured to collect solar energy and are configured to be enabled in the presence of solar energy. The system further includes one or more solar energy converters configured to receive the collected solar energy from the one or more solar energy collectors and configured to be enabled in the presence of minimal solar energy. The solar energy collectors and solar energy converters are distributed across a plurality of time zones thereby forming a global network. The system further includes one or more guiding devices configured to couple the solar energy collectors to the solar energy converters.,G02B6/42; F24J2/00; H01L27/14,F24S90/00; F24S23/12; F24S23/74; F24S50/00; Y02E10/40,cited_by:2 | cites:0,2014
084-129-502-115-903,Mobile lattice array solar energy focusing photovoltaic power generation system,"The invention relates to solar energy utilization, in particular to that solar energy collection is realized by a point focusing solar energy mirror and is applied to a mobile lattice array solar energy focusing photovoltaic power generation system. The mobile lattice array solar energy focusing photovoltaic power generation system at least comprises one or one group of point focusing solar energy mirrors, at least one solar energy photovoltaic cell panel and a tracking control device, wherein the solar energy mirrors are arranged on a solar energy mirror bracket; the solar energy photovoltaic cell panel is arranged on a solar energy photovoltaic cell panel bracket; the solar energy photovoltaic cell panel is arranged in the dotted area focused by the solar energy mirrors and is arranged above or below the solar energy mirrors; the tracking control device controls the solar energy mirrors to focus sunlight to at least one solar energy photovoltaic cell panel when the sunlight changes; in the process that the solar energy mirrors track solar energy, the solar energy photovoltaic cell panel moves; and each or each group of solar energy mirrors selects the solar energy photovoltaic cell panel which can achieve the highest solar energy use ratio for focusing so as to realize the tracking focusing use of the solar energy.",H02N6/00; F24S50/20; H01L31/052,H02S20/32; H02S40/22; H10F77/42; Y02E10/52,cited_by:0 | cites:0,2013
084-201-840-963-140,Building domestic sunlight application system,"The invention belongs to the technical field of solar energy application, particularly relates to a building domestic sunlight application system, and aims to solve the problem in the prior art, the solar energy is insufficiently applied to the domestic life of the masses. According to the technical scheme, the building domestic sunlight application system comprises a solar energy receiver, a dedicated solar energy connector, a solar energy stove, solar energy illumination equipment, solar energy medical equipment, nursing home solar energy equipment and breeding industry solar energy equipment, wherein the solar energy receiver is connected with the dedicated solar energy connector; the dedicated solar energy connector is connected with the solar energy stove, the solar energy illumination equipment, the solar energy medical equipment, the nursing home solar energy equipment and the breeding industry solar energy equipment through solar energy optical cables. The building domestic sunlight application system can be conveniently applied to the domestic life of the masses and is a development trend for guiding and advocating the low-carbon life.",F24J2/00; F24S20/30,Y02A40/926; Y02B10/20; Y02B40/18; Y02E10/40,cited_by:0 | cites:0,2017
114-854-498-789-398,Solar car carries air purifier with folding function,"The utility model discloses a solar car carries air purifier with folding function, including casing, operating button, solar energy folded sheet, humidifier, filtering layer, base, controller, battery and anion generator, the solar energy folded sheet is installed the casing top for be solar energy transformation the electric energy and save being in in the battery. Beneficial effect lies in: utilize the solar energy folded sheet to set up on the casing, utilize the solar cell panel that sets up solar energy transformation for the electric energy on the solar energy folded sheet to the storage is in the battery, the two sides that utilizes first solar energy folded sheet all is provided with solar cell panel, closes the lid when first solar energy folded sheet and is in in the time of onthe second solar energy folded sheet, only a folded sheet is the electric energy to solar energy transformation, when first solar energy folded sheet and the expansion of second solar energy folded sheet, will have two solar cell panel and receive solar energy to charge for the electric energy solar energy transformation for the battery, conversion efficiency is higher.",B60H3/00; B60H3/06; H02J7/35,,cited_by:0 | cites:0,2018
133-264-015-871-581,Solar energy lamp,"The utility model relates to a solar energy lamp. The solar energy lamp comprises a lamp body and a solar energy panel, wherein the back surface of the solar energy panel is provided with a protection cover; a solar energy panel assembly is formed by the protection cover and the solar energy panel and is articulated on the lamp body. When the solar energy lamp is not in use, the solar energy panel assembly is turned over, so that the solar energy panel faces inward and the protection cover faces outward; when the solar energy lamp is in use, the solar energy panel assembly is turned over, so that the solar energy panel faces outward and the protection cover faces inward.",F21S9/03; F21V17/10,,cited_by:1 | cites:0,2009
162-224-523-760-031,Solar energy tracking device,"The utility model relates to a solar energy tracking device, which comprises a solar energy photovoltaic panel, a solar energy attitude adjusting device, a time device, a solar energy illuminating angle storage and a controller, wherein the solar energy photovoltaic panel is used for collecting solar energy; the solar energy attitude adjusting device comprises a rack used for placing the solar energy photovoltaic panel and a driving motor used for adjusting the rotation of the rack; the time device is used for getting real-time time information; the solar energy illuminating angle storage is used for storing solar energy illuminating angles of different time of different latitudes everyday; the driving motor is controlled by the controller according to the time information acquired by the time device and the solar energy illuminating angle in the solar energy illuminating angle storage; and the solar energy photovoltaic panel is adjusted to be perpendicular to the solar incident light rays by the controller. The solar energy tracking device has the benefits that the structure is simple; the solar energy photovoltaic panel is adjusted to be perpendicular to the solar incident light rays by the controller according to time and the solar energy illuminating angle; and the solar energy tracking device can be used for tracking the solar energy illuminating angle in real time, so that the solar energy utilization efficiency is improved effectively.",G05D3/10,Y02E10/50,cited_by:3 | cites:0,2012
192-336-729-909-801,Solar energy heat reservoir and solar energy utilization device,"The embodiment of the invention discloses a solar energy heat reservoir and a solar energy utilization device and relates to the technical field of solar energy utilization. The solar energy heat reservoir and the solar energy utilization device achieve the purposes of simple processing procedures, high production efficiency and fast accumulation of solar energy. The solar energy heat reservoir comprises a container with an opening, a circulating water-outlet pipe arranged at an opening and a circulating water-inlet pipe sleeved with the circulating water-outlet pipe. The solar energy utilization device is provided with the solar energy heat reservoir. The solar energy heat reservoir and the solar energy utilization device are suitable for occasions where solar energy is utilized.",F24J2/34; F24J2/46; F24S23/70; F24S50/20,Y02E10/47; Y02P90/50,cited_by:0 | cites:0,2016
090-502-868-810-10X,Movable solar energy application system,"The utility model discloses a movable solar energy application system. The movable solar energy application system comprises a solar energy photothermal conversion system, a mobile energy storage system and a thermal energy utilization system, wherein the solar energy photothermal conversion system is used for collecting solar energy and converting the solar energy into thermal energy, the mobile energy storage system is connected with the solar energy photothermal conversion system and used for storing the thermal energy and conveying the thermal energy to the thermal energy utilization system, and the thermal energy utilization system is connected with the mobile energy storage system and used for heating or refrigeration through thermal energy stored in the mobile energy storage system. The thermal energy produced by the solar energy photothermal conversion system can be transferred to areas where solar energy resources are not rich through the mobile energy storage system, movability of the solar energy is achieved, flexibility of solar energy thermal storage is improved, and the application range of the solar energy is widened.",F24J2/34; F24H1/00; F25B27/00,F28D2020/0026; Y02E10/40,cited_by:3 | cites:0,2014
053-951-003-150-474,Integral type solar energy mushroom aeration machine,"The utility model discloses an integral type solar energy mushroom aeration machine belongs to river course treatment equipment field, has solved the great unstable problem of whole solar energy aeration machine that causes of solar energy component occupation space in the solar energy aeration machine on current phase. Its technical scheme main points are integral type solar energy mushroom aeration machine, including body subassembly, aeration motor and solar energy component, polylith solar energy curb plate that solar energy component includes the solar energy mainboard, arranged along solar energy mainboard border circumference and install in body subassembly top and support the support frame of solar energy mainboard and solar energy curb plate, the solar energy curb plate is along keeping away from the downward sloping of solar energy mainboard direction, solar energy component compact structure among the integral type solar energy mushroom aeration machine, the effective area of the receipt solar energy in unit space volume is bigger, and whole platform integral type solar energy mushroom aeration machine stable higher on the river.",C02F7/00,Y02W10/10,cited_by:0 | cites:0,2019
180-118-540-907-844,SOLAR ENERGY COLLECTOR AND SYSTEM,There is disclosed a solar energy comprising an optical solar radiation concentrator that is operable to direct incident solar radiation to a primary solar energy collector and a secondary solar energy collector that is configured to collect at least some solar energy from diffuse solar radiation not directed to the primary solar energy collector. Also disclosed is a holistic solar energy system and energy supply system.,F24J2/00; F24J2/04; F24J2/34; F24S20/20; F24S23/30; F24S23/74,F24S23/31; F24S10/20; F24S20/20; F24S20/25; F24S20/40; F24S23/74; F24S60/30; Y02E10/44; F24S23/31; F24S23/74; F24S60/30,cited_by:11 | cites:0,2009
175-845-570-063-064,Solar mounting bracket capable of being adjusted in multiple directions,"The utility model discloses a solar energy installation support capable of being adjusted in multiple directions, which comprises a solar energy installation base, an installation plate, an illumination detection device, a solar energy main body, a solar energy angle adjusting device and a solar energy movable end. The solar energy is enabled to directly face the sun, the conversion efficiency of the solar energy is improved, a solar energy angle adjusting device is arranged at the bottom of the solar energy main body, the angle of the solar energy is adjusted through a hydraulic cylinder of the solar energy angle adjusting device, and it is guaranteed that the sunlight can vertically irradiate on the solar energy. The device can be suitable for different places such as the ground, a pitched roof and the like, and the convenience of solar installation is ensured.",F24S30/425; F24S50/80; H02S20/32,Y02B10/20; Y02E10/47; Y02E10/50,cited_by:1 | cites:0,2022
014-363-434-147-896,Solar energy and geothermal energy complementation type building energy system,"The invention discloses a solar energy and geothermal energy complementation type building energy system. According to the solar energy and geothermal energy complementation type building energy system, a solar energy and geothermal energy mutual complementation way is used for heating of buildings, and not only a solar heat collector is used for collecting solar energy, but also is a glass cover type air flowing way adopted for achieving solar heating; solar energy and geothermal energy are combined, so that solar energy and geothermal combined heat supply is achieved, the energy utilization rate is increased, and the energy supply effect of the buildings is improved. The solar energy and geothermal energy complementation type architecture energy system is reasonable in structure, the energy saving performance of the buildings can be greatly improved, the solar heat collector is used for solar energy conversion, and the solar heat collector is also matched with a transparent glass layer, so that an indoor fresh air system is obtained.",F24D15/02; E04D13/18; F24F7/007; F24J2/04; F24J2/52; F24J3/08,F24D15/02; F24D2200/11; F24D2200/14; F24F7/007; F24S10/00; F24S25/30; F24T10/10; Y02B10/20; Y02E10/10; Y02E10/44; Y02E10/47,cited_by:5 | cites:0,2016
043-970-440-698-260,RANKING CALCULAION APPARATUS OF PHOTOVOLTAIC POWER GENERATION SYSTEM AND DETECTION METHOD,"The present invention relates to a device for calculating the generation ranking of a solar energy generation system and a method thereof capable of improving the efficiency of solar energy generation by analyzing an installation state and an operation state of each solar energy generation unit installed for each field, calculating the generation ranking, and displaying the generation ranking. The device for calculating the generation ranking of the solar energy generation system comprises a plurality of solar energy generation units, a solar energy measurement unit, a solar energy generation ranking calculation unit, and a solar energy generation monitoring unit. The plurality of solar energy generation units comprises a solar battery module which is installed in each field and converts solar energy into electric energy. The solar energy measurement unit is installed in each solar energy generation unit; measures air temperature and the temperature, the amount of solar radiation, the generation time, and the generation amount of the solar battery module; and diagnoses fault, cleaning, and maintenance. The solar energy generation ranking calculation unit calculates reference generation amount with the generation time and the generation ratio of each solar energy generation unit based on a lot of information measured in the solar energy measurement unit and calculates the generation ranking by comparing the reference generation amount with real generation amount and calculating an increase ratio of solar energy generation according to the installed capacity of each solar energy generation unit. The solar energy generation monitoring unit monitors a generation state, monitoring, diagnosis, analysis, and a report with the ranking information of each solar energy generation unit, which is calculated in the solar energy generation ranking calculating unit, in real time.",G06F19/00,Y02E10/50; H02S50/00; Y02E10/40,cited_by:5 | cites:0,2014
091-331-973-977-246,Solar energy drone accessory maintenance method and device and computer storage medium,"The invention is applicable to the drones, and provides a solar energy drone accessory maintenance method and device and a computer storage medium. The method comprises the steps of shooting a solar energy drone accessory to be maintained, and generating a solar energy drone accessory image; importing the solar energy drone accessory image; obtaining a solar energy drone type; obtaining a solar energy drone accessory template image database; obtaining a solar energy drone accessory template image; generating solar energy drone accessory similarity according to a solar energy drone accessory similarity generating model, the solar energy drone accessory image and the solar energy drone accessory template image; obtaining a maintenance website of the solar energy drone accessory; loading thewebsite, obtaining a maintenance video of the solar energy drone accessory embedded in the website, and playing the maintenance video of the solar energy drone accessory. According to the solar energydrone accessory maintenance method and device and the computer storage medium, the maintenance website of the solar energy drone accessory can be directly obtained, which helps to improve the maintenance efficiency of the solar energy drone accessory.",G06F17/30; G06K9/62; G06Q10/00,G06F16/583; G06Q10/20; G06V10/751; Y02D10/00,cited_by:3 | cites:0,2018
044-106-645-475-460,Electric energy and solar energy mixed lighting system,"The invention provides an electric energy and solar energy mixed lighting system used for lighting road surfaces. The electric energy and solar energy mixed lighting system comprises a plurality of solar lighting devices supplying power through the solar energy, a plurality of electric energy lighting devices supplying power through the electric energy and an energy distributor, wherein at least one solar lighting device is arranged between every two adjacent electric energy lighting devices in the multiple electric energy lighting devices; and the energy distributor is connected with the multiple solar lighting devices and the multiple electric energy lighting devices and used for collecting surplus solar energy except the solar energy used for supplying power of the multiple solar lighting device, converting the surplus solar energy into the electric energy and transmitting the converted electric energy to the electric energy lighting devices. According to the electric energy and solar energy mixed lighting system, the solar lighting devices and the electric energy lighting devices are used at intervals, energy saving can be carried out to a certain degree. Moreover, by arrangingthe energy distributor, the solar energy can be utilized more reasonably, and under the situation that the solar energy is sufficiently utilized, the solar energy can be converted into the electric energy to supply power to the electric energy lighting devices.",F21S9/03; F21V21/14; F21V23/00; F21V23/04; F21W131/103; F21Y115/10,F21S9/03; F21V21/14; F21V23/02; F21V23/0471; F21W2131/103; F21Y2115/10; Y02B20/72,cited_by:0 | cites:0,2018
078-251-205-599-560,Solar-energy power-supply synergistic device,"This model utility relates to a solar energy power supply, concretely speaking, it refers to a solar energy power amplifier, which reflects sunlight to the solar energy battery panels by the lens of solar stoves to amply the solar energy. The solar energy power amplifier of this model utility comprises solar battery panels, lens of solar stoves, brackets of the solar stoves, brackets of battery panels and solar energy trackers. This model utility has the following beneficial effects: this model utility effectively integrates the solar stove and solar energy battery panes, reflects lights to the solar energy battery panels by the lens of solar stove, integrates and magnifies solar energies, thus the power energies of the solar energy battery panels are 2 3 times of energy output of common solar battery panels. This model utility has a simple structure, easy to be produced and mounted and is very cheap. This model utility can be used widely for herdsman home in pasturing areas and also for power supply net of power stations.",G02B17/06; G05D3/00; H02S20/32; H02S40/22,Y02B10/10; Y02E10/50,cited_by:0 | cites:0,2007
093-348-142-272-222,Solar-powered seawater desalination system in fixed point array,"The invention relates to focusing of solar energy, and in particular relates to a solar-powered seawater desalination system which collects solar energy by means of point focusing solar energy mirrors and is applied to focusing tracking solar energy. The invention provides the solar-powered seawater desalination system in a fixed point array. The system comprises at least one or one group of point focusing solar energy mirrors, at least one seawater desalination device and a tracking control device. The solar energy mirrors are arranged on a solar energy bracket, and the seawater desalination device is arranged in a pointy area focused by the solar energy mirrors. The focal length of the solar energy mirrors in the process of tracking solar energy changes and is always maintained in the pointy area of the seawater desalination device. The tracking control device controls the solar energy mirrors to focus sunlight to at least one seawater desalination device when sunlight changes. The seawater desalination devices do not move with the solar energy mirrors in the process of tracking solar energy by the solar energy mirrors, and the seawater desalination devices are stationary relative to the ground, so that solar energy is tracked and focused.",C02F1/14; C02F103/08; F24S50/20,Y02A20/124; Y02A20/142; Y02A20/212; Y02E10/47,cited_by:1 | cites:0,2013
081-451-632-467-276,Solar energy light heat converter,"The utility model discloses a solar energy photo-thermal convertor by which solar energy is converted to heat energy, adopting at least a solar energy lens, at least a heat absorption part, a heat preservation material, and a solar energy transmittance material. The solar light is transmitted by solar energy transmittance material and then is irradiated on the heat absorption part; the solar energy is converted to the heat energy by the heat absorption part, thereby realizing the new conversion utilization of solar energy, in particular to the medium-high temperature application of solar energy.",F24J2/34,Y02E10/40,cited_by:1 | cites:0,2007
094-185-213-439-206,Control processing system based on solar energy power generation,"The utility model provides a control processing system based on solar energy power generation, includes solar PV modules, controller, solar energy power generation processing apparatus, solar energy power generation instrument and equipment, solar energy power generation monitoring device, solar energy power generation output device, solar energy power generation processing apparatus's left side link to each other with controller, solar energy power generation instrument and equipment respectively for accomplish the electricity generation control of solar energy, the right side links to each other with solar energy power generation output device, solar energy power generation monitoring device respectively for accomplish solar energy power generation's the output and the control of solar energy, solar energy power generation monitoring device include camera, industrial computer, LCD display, accomplish the making a video recording of solar energy power generation, solar energy power generation running state's control. The utility model discloses a control processing system based on solar energy power generation simple structure, operation are stabilized, convenient operation, have improved solar energy power generation's utilization efficiency, have reduced solar energy power generation's cost, can produce fine economy and social.",G05B19/042,,cited_by:0 | cites:0,2017
001-104-750-547-789,3-three dimensional solar energy system-high tech,"PURPOSE: A three-dimensional solar energy system is provided to pragmatize, commercialize and generalize a solar energy system by using a solar cell. CONSTITUTION: An outer frame of a solar energy system is installed, and mirrors are installed on the bottom and on the sidewalls of the solar energy system. A cylindrical solar energy system, a pole-shaped solar energy system, a weight-shaped solar energy system, a polygonal solar energy system and a ball-shaped solar energy system are installed in the solar energy system. The sunlight is absorbed in the solar energy system and continuously reflected on the mirrors. By repeating absorption and reflection of the sunlight in the solar energy system, the amount of light and heat absorption is maximized. Herein, a both-sided mirror, a polygonal mirror, a spherical mirror, a cylindrical mirror and a pole-shaped mirror are included in the solar energy system. Thus, chain reflection occurs and light is geometrically activated, intensified and developed. Therefore, the amount of light and heat absorbed in the solar energy system is maximized.",F24S23/00,Y02E10/50; H10F19/00,cited_by:0 | cites:0,2001
150-027-594-451-086,A solar-energy charger,"The utility model relates to a solar-energy charger. The main technical characteristics of the solar-energy charger are that the solar-energy charger comprises a solar-energy power generating device and a charger, that the solar-energy power generating device comprises a solar-energy power battery assembly, a controller, an inverter, and a storage battery, that the solar-energy power battery assembly is successively connected with the controller and the inverter in series through wires, and that the controller is connected with the storage battery. The solar-energy charger has reasonable design and generates electricity with solar energy. Then, a load is charged through the charger. Through a solar-energy photovoltaic power generation system, solar energy is converted into electric energy to be provided for users, achieving the use of clean energy.",H02J7/00,,cited_by:0 | cites:0,2013
054-999-224-822-464,Solar energy collector adaptable to variable focal point,A solar energy collector includes: a solar energy collection tube having an absorption medium flow path for allowing an absorption medium to flow therethrough; a lens configured to concentrate solar energy on the solar energy collection tube; and an actuator configured to move the solar energy collection tube or the lens based on an incidence angle of the solar energy so that the solar energy is focused on the solar energy collection tube.,F24S23/71; F24S20/20; F24S23/70; H01L31/054,F24S23/30; F24S20/20; F24S23/31; F24S23/71; F24S80/56; F24S80/60; F24S2020/23; F24S2080/503; Y02E10/46; Y02E10/47; Y02E10/52; F24S20/20; F24S23/30; F24S23/31; F24S23/71; F24S30/20; F24S30/40; F24S50/80; F24S80/56; F24S80/60; F24S2020/23; F24S2080/503; Y02E10/46; H10F77/484; F24S20/20; F24S23/71; F24S2023/86,cited_by:1 | cites:0,2023
008-283-856-165-691,SOLAR ENERGY COLLECTOR ADAPTABLE TO VARIABLE FOCAL POINT,A solar energy collector includes: a solar energy collection tube having an absorption medium flow path for allowing an absorption medium to flow therethrough; a lens configured to concentrate solar energy on the solar energy collection tube; and an actuator configured to move the solar energy collection tube or the lens based on an incidence angle of the solar energy so that the solar energy is focused on the solar energy collection tube.,H01L31/054; F24S20/20; F24S23/71,F24S23/30; F24S20/20; F24S23/31; F24S23/71; F24S80/56; F24S80/60; F24S2020/23; F24S2080/503; Y02E10/46; Y02E10/47; Y02E10/52; F24S20/20; F24S23/30; F24S23/31; F24S23/71; F24S30/20; F24S30/40; F24S50/80; F24S80/56; F24S80/60; F24S2020/23; F24S2080/503; Y02E10/46; H10F77/484; F24S20/20; F24S23/71; F24S2023/86,cited_by:0 | cites:0,2021
166-660-333-486-859,Solar vehicle air conditioning system,"The utility model provides a solar vehicle air conditioning system, including solar cell panel, energy storage battery, air conditioner, solar?control ware and solar energy tracking means, solar cell panel with the energy storage battery electricity is connected, energy storage battery with the air conditioner electricity is connected, solar energy tracking means with solar cell panel connects, the solar?control ware with energy storage battery solar energy tracking means and automobile storage battery electricity are connected. This solar vehicle air conditioning system passes through solar cell panel absorbs solar energy and produces the electric energy, and save in among the energy storage battery, do through energy storage battery the air conditioner power supply. Solar energy tracking means can follow the tracks of the solar angle of shining in real time to make the rotatory optimum location to sun illumination of solar cell panel, make full use of solar energy, energy saving, environmental protection.",B60H1/00,Y02T10/88,cited_by:8 | cites:0,2016
042-447-556-010-752,SOLAR ENERGY COLLECTOR ADAPTABLE TO VARIABLE FOCAL POINT,A solar energy collector includes: a solar energy collection tube having an absorption medium flow path for allowing an absorption medium to flow therethrough; a lens configured to concentrate solar energy on the solar energy collection tube; and an actuator configured to move the solar energy collection tube or the lens based on an incidence angle of the solar energy so that the solar energy is focused on the solar energy collection tube.,F24S23/30; F03G6/06; F24S10/40; F24S10/70; F24S20/20; F24S23/70,F24S23/30; F24S20/20; F24S23/31; F24S23/71; F24S80/56; F24S80/60; F24S2020/23; F24S2080/503; Y02E10/46; Y02E10/47; Y02E10/52; F24S20/20; F24S23/30; F24S23/31; F24S23/71; F24S30/20; F24S30/40; F24S50/80; F24S80/56; F24S80/60; F24S2020/23; F24S2080/503; Y02E10/46; H10F77/484; F24S20/20; F24S23/71; F24S2023/86,cited_by:0 | cites:0,2021
155-390-893-840-071,METHOD OF TRACKING AND COLLECTING SOLAR ENERGY,"A method of tracking and collecting solar energy includes receiving solar energy on at least two solar energy receivers, measuring an energy output from each of the at least two solar energy receivers, comparing the energy output from one of the at least two solar energy receiver with the energy output from another of the at least two solar energy receivers, and shifting the at least two solar energy receivers until the energy output from the one of the at least two solar receivers is substantially equal to the another of the at least two solar receivers.",F24S50/20; F24S23/00,F24S50/20; H02S20/32; H10F77/42; Y02E10/47; Y02E10/52; Y02E70/30; F24S50/20; G05D3/105; H02S20/32; H10F77/42; Y02E10/47; Y02E10/52,cited_by:5 | cites:0,2013
134-426-480-592-284,Method of tracking and collecting solar energy,"A method of tracking and collecting solar energy includes receiving solar energy on at least two solar energy receivers, measuring an energy output from each of the at least two solar energy receivers, comparing the energy output from one of the at least two solar energy receiver with the energy output from another of the at least two solar energy receivers, and shifting the at least two solar energy receivers until the energy output from the one of the at least two solar receivers is substantially equal to the another of the at least two solar receivers.",F24S50/20; F24S23/00; G01S3/78; G05D3/00; G05D3/10; H01L31/054,F24S50/20; H02S20/32; H10F77/42; Y02E10/47; Y02E10/52; Y02E70/30; F24S50/20; G05D3/105; H02S20/32; H10F77/42; Y02E10/47; Y02E10/52,cited_by:2 | cites:0,2015
178-322-548-271-226,SOLAR THERMAL POWER PLANT WITH SUPERCRITICAL WORKING FLUID FOR CONVERTING SOLAR ENERGY INTO ELECTRICAL ENERGY AND METHOD FOR CONVERTING SOLAR ENERGY INTO ELECTRICAL ENERGY,"A solar thermal power plant for converting solar energy into electrical energy is provided. The solar thermal power plant comprises at least one solar energy absorber unit for absorbing the solar energy and for converting absorbed solar energy into thermal energy of a working fluid of the solar energy absorber unit and at least one converter unit for converting the thermal energy of the working fluid into the electrical energy, wherein the working fluid is a supercritical fluid. The supercritical fluid is preferably supercritical water. Additionally a method for converting solar energy into electrical energy by using the solar thermal power plant is provided, wherein the solar energy is converted into thermal energy of the working fluid and the thermal energy of the working fluid is converted into electrical energy.",F22B3/08; F01K3/18; F22B1/00; F22B29/02; F22B29/06; F22B35/08; F22B35/12,F22B3/08; F01K3/18; F22B1/006,cited_by:2 | cites:0,2013
146-376-462-084-780,Solar energy utilization system,"An embodiment of the utility model discloses a solar energy utilization system relates to solar energy and utilizes technical field, invents for improving the efficiency of light energy utilization. Solar energy utilization system includes: solar mirror and solar energy heat rceicer, the solar energy heat rceicer is the cylindricality, solar mirror is used for reflecting the Sun's rays on the solar energy heat rceicer, with form the annular cylindrical shape heat -affected zone on the solar energy heat rceicer. The utility model is applicable to occasions with solar energy application.",F24H1/20; F24J2/46; F24S10/40; F24S23/71,Y02E10/44,cited_by:2 | cites:0,2017
147-031-850-675-024,Solar energy bag,"The utility model relates to a solar energy bag, which comprises a folding solar energy collection module, and an accommodating bag capable of accommodating the folded solar energy collection module, wherein an electrical storage device is arranged in the accommodating bag and is coupled with solar panels of the solar energy collection module. According to the solar energy collection module, a plurality of solar panels are concentratively and fixedly arranged on a flexible base material layer; the unfolded solar energy collection module can supply a sufficient energy collection area, so that solar energy is converted into electric energy and is accumulated into the electrical storage device; and the solar energy collection module can be folded into a small-size solar energy collection module and is accommodated into the accommodating bag, so that the solar energy bag is convenient to carry.",A45C15/00; H02N6/00; H02S30/20,Y02E10/50,cited_by:3 | cites:0,2012
116-408-838-463-961,SOLAR ENERGY POWER GENERATION SYSTEM,"Disclosed is a solar energy power generation system capable of effectively collecting solar energy resulting in high electricity generation efficiency. The solar energy power generation system includes a solar energy collector configured to collect solar heat and to convert an energy absorption medium into a gaseous state, a steam turbine configured to generate kinetic energy using the energy absorption medium in the gaseous state generated in the solar energy collector, a generator configured to convert the kinetic energy generated in the steam turbine into electric energy, a condenser configured to cool the energy absorption medium in the gaseous state discharged from the steam turbine into a liquid state, and a circulation pump configured to pump the energy absorption medium in the liquid state cooled by the condenser toward the solar energy collector. The solar energy collector includes a solar energy collection pipe having an absorption medium flow path for allowing the energy absorption medium to flow therethrough, and at least one lens configured to concentrate solar energy on the solar energy collection pipe Disclosed is a solar energy power generation system capable of effectively collecting solar energy resulting in high electricity generation efficiency. The solar energy power generation system includes a solar energy collector configured to collect solar heat and to convert an energy absorption medium into a gaseous state, a steam turbine configured to generate kinetic energy using the energy absorption medium in the gaseous state generated in the solar energy collector, a generator configured to convert the kinetic energy generated in the steam turbine into electric energy, a condenser configured to cool the energy absorption medium in the gaseous state discharged from the steam turbine into a liquid state, and a circulation pump configured to pump the energy absorption medium in the liquid state cooled by the condenser toward the solar energy collector. The solar energy collector includes a solar energy collection pipe having an absorption medium flow path for allowing the energy absorption medium to flow therethrough, and at least one lens configured to concentrate solar energy on the solar energy collection pipe.",,F01K7/16; F01K13/006; F22B1/006; Y02E10/46; F03G6/061; F03G6/065; F03G6/067; F03G6/071; F03G6/071; F03G6/061; F03G6/065; F01K7/16; F01K13/006; F03G6/067; F22B1/006,cited_by:0 | cites:0,2019
149-855-162-798-981,SOLAR ENERGY COLLECTOR AND SYSTEM,"There is disclosed a solar energy collector (10) comprising an optical solar radiation concentrator (12) that is operable to direct incident solar radiation to a primary solar energy collector (14) and a secondary solar energy collector (16, 18) that is configured to collect at least some solar energy from diffuse solar radiation not directed to the primary solar energy collector. Also disclosed is a holistic solar energy system and energy supply system.",F24J2/00; F24J2/04; F24J2/34; F24S20/20; F24S23/30; F24S23/74,F24S23/31; F24S10/20; F24S20/20; F24S20/25; F24S20/40; F24S23/74; F24S60/30; Y02E10/44; F24S23/31; F24S23/74; F24S60/30,cited_by:0 | cites:0,2009
036-386-465-297-694,Solar energy shaver,"The utility model relates to a shaver, particularly to a solar energy shaver. The solar energy shaver comprises a switch, a shaver, a solar energy panel and a storage battery, wherein the solar energy panel is connected with the storage battery; the storage battery is connected with the switch; and the switch is connected with the shaver. The solar energy shaver converts solar energy to electric energy and stores the electric energy by utilizing the battery. When a user turns on the switch, a circuit of the shaver is connected. Therefore, the renewable solar energy is fully utilized; and as the circuit of the solar energy shaver is simple, the solar energy shaver is safer when in use.",B26B19/28; B26B19/38,,cited_by:0 | cites:0,2011
064-927-036-861-183,Optical signal transducer,"The utility model relates to an optical signal transducer, which includes a first solar energy battery, a second solar energy battery and a sampling circuit, wherein the anode of the first solar energy battery and the cathode of the second solar energy battery are electrically connected; the cathode of the first solar energy battery and the anode of the second solar energy battery are electrically connected; the sampling circuit has bridge joint between the anode and the cathode of the first solar energy battery or the second solar energy battery; when the first solar energy battery receives the illuminance stronger than the illuminance received by the second solar energy battery, the first solar energy battery generates the voltage higher than the voltage generated by the second solar energy battery; and when the second solar energy battery receives the illuminance stronger than the illuminance received by the first solar energy battery, the second solar energy battery generates the voltage higher than the voltage generated by the first solar energy battery. The optical signal transducer provided by the utility model can efficiently catch optical signals and send the optical signals to follow tracing equipment to ensure that the position of a tracer is adjusted accurately, and has values of popularization and application.",H01L25/16; H02S20/32,Y02E10/50,cited_by:0 | cites:0,2010
168-988-421-057-343,Fixed point array solar energy seawater desalination system,"The utility model relates to focusing utilization of solar energy, particularly relates to a seawater desalination system which utilizes point-focusing solar energy lenses to achieve solar energy collection and is applied to focus tracking of the solar energy, and provides a fixed point array solar energy seawater desalination system. The fixed point array solar energy seawater desalination system comprises at least one or a group of point-focusing solar energy lenses, at least one seawater desalination device and a tracking control device. The solar energy lenses are installed on a solar energy lens support, the seawater desalination device is installed inside a dotted area of focusing of the solar energy lenses, and focal distances of the solar energy lenses change during tracking the solar energy and are throughout positioned inside the dotted area of the seawater desalination device. The tracking control device controls the solar energy lenses to enable sunlight to be focused on the at least one seawater desalination device when the sunlight changes, the seawater desalination device does not move together with the solar energy lenses when the solar energy lenses track the solar energy, the seawater desalination device is kept stationary relative to ground, and utilization of the focus tracking of the solar energy is achieved.",C02F1/14; C02F103/08; F24S23/00; F24S50/20,Y02A20/124; Y02A20/142; Y02A20/212; Y02E10/44; Y02E10/47,cited_by:2 | cites:0,2012
181-797-722-913-325,SOLAR ENERGY COLLECTION PIPE RETAINING STRUCTURE OF PHOTOVOLTAIC POWER GENERATION SOLAR ENERGY COLLECTION COMPOSITE PANEL,"<P>PROBLEM TO BE SOLVED: To provide a solar energy collection pipe retaining structure of a photovoltaic power generation solar energy collection composite panel that has a satisfactory assembly workability and efficiently collects solar energy, in the photovoltaic power generation solar energy collection composite panel where a solar battery cell and a solar energy collection body are placed side by side. <P>SOLUTION: In the photovoltaic power generation solar energy collection composite panel where the solar heat solar energy collection body is provided at the rear side of a photovoltaic power generation cell (1), the solar heat solar energy collection body has a solar energy collection plate (2), a solar energy collection pipe, and a retaining member (3). In the solar energy collection pipe retaining structure, the solar energy collection plate (2) is provided at the rear side of the photovoltaic power generation cell (1) in one piece, and the retaining member (3) has a nearly L-shaped section and has a distribution section (4) to the solar energy collection plate (2) and a pinching section (5) of the solar energy collection pipe, is distributed on the solar energy collection plate (2) at the distribution section (4), and is pinched by the pinching section of the pair of retaining members (3) where the solar energy collection pipes oppose for retaining. <P>COPYRIGHT: (C)2004,JPO",F24S10/70; F24S10/75; F24S20/00; F24S70/60; H01L31/042,F24S10/75; F24S2025/6003; Y02E10/44,cited_by:5 | cites:0,2003
147-385-023-774-780,Solar energy corridor lighting device,"A solar energy corridor lighting device installed on a building comprises sunlight receiving panels, a solar energy battery, a solar energy lamp and a switch. The output end of each sunlight receiving panel is connected with the input end of the solar energy battery through a wire, the output end of the solar energy battery is connected with the input end of the solar energy lamp through the wire, and the switch is arranged between the output end of the solar energy battery and the solar energy lamp. The solar energy corridor lighting device has the advantages that the solar energy corridor lighting device can collect solar energy from an east outer wall, a south outer wall and a west outer wall for building corridor lighting; and due to the safety of the solar energy lamp, the solar energy lamp can be installed in a lower portion of a corridor to enable people going upstairs or downstairs to see the corridor clearly and not to be hurt by a stumble. The solar energy corridor lighting device can be widely popularized and used.",F21S9/03; F21V19/00; F21V23/04,,cited_by:1 | cites:0,2012
078-035-910-831-031,Solar -energy light collector,"The utility model provides a solar -energy light collector, includes base, pole setting, solar energy solar panel and driver part, the base is fixed subaerial, vertically on the base installs the polesetting, and fixed a plurality of solar energy solar panels are supported as supporting the dead lever to the pole setting, are equipped with a plurality of solar energy solar panels, the rotatable skew under the driver part effect of solar energy solar panel along the pole setting direction of height. The device's use can effectual improvement ground or the area utilization rate of solar energycollection system mounted position, reduces the appropriation of land. Simultaneously, vertical direction sets up a plurality of solar energy solar panels in the same pole setting, has improved the acquisition rate of solar energy. The angle of solar energy solar panel can be adjusted according to sunshine intensity in the rotatable translation of solar energy solar panel, improves the acquisitionrate to solar energy.",H02S40/22,Y02E10/52,cited_by:0 | cites:0,2018
106-421-704-585-430,Iron shoe cabinet,"The embodiment of the utility model provides an iron shoe cabinet, and energy supply equipment for the iron shoe cabinet comprises a solar energy power supply device which comprises a solar panel and is used for absorbing solar energy and converting the solar energy into electric energy; the energy storage device is electrically connected with the solar power supply device and is used for storing electric energy to charge the iron shoes; wherein the solar panel is rotationally connected with the energy storage device. According to the energy supply equipment for the iron shoe cabinet, the solar power supply device absorbs solar energy, converts the solar energy into electric energy and supplies energy to the energy storage device, and the solar panel is rotationally connected with the energy storage device, so that the solar panel can rotate relatively and rotate in real time along with the illumination direction; therefore, the solar power supply device has higher charging efficiency in unit time.",H02J7/35; H02S20/32,Y02E10/50,cited_by:0 | cites:0,2022
044-428-192-897-389,SIDE SOLAR CONCENTRATOR,"PURPOSE: A side solar energy concentration device is provided to improve generality by reducing manufacturing costs. CONSTITUTION: A side solar energy concentration device comprises a solar energy-collecting part(20) and a side solar energy-collecting member(30). The solar energy-collecting part is composed of a unit solar energy-collecting concentration module(21) and a solar energy-collecting guide part(22). The solar energy-collecting guide part is protruded or recessed corresponding to the lower part of the unit solar energy-collecting concentration module and guides a first spot beam. The side solar energy-collecting member is located on the lower part of the solar energy-collecting part corresponding to the unit solar energy concentration module one by one. A reflecting body(31) is formed, in stepped shape, in the side solar energy-collecting member. The reflecting body reflects the first spot beam in a horizontal direction.",F24S23/00; G02B6/32,Y02E10/40; G02B6/32; Y02E10/52,cited_by:0 | cites:0,2011
080-877-059-964-676,Solar energy concentration device,"A solar energy concentrating device for concentrating the intensity of solar radiation impinging on a solar collector includes a plurality of adjacently positioned tapered solar energy passageways having solar energy reflecting walls. These tapered solar energy passageways are disposed in an arcuate array to form a solar energy concentrating device. The convex side of the concentrating device is the outer surface of the concentrating device through which solar energy enters the tapered solar energy passageways, and the concave side of the concentrating device is the inner surface of the concentrating device from which concentrated solar energy emerges from the concentrating device. A solar collector is located to the concave side of the concentrating device so that the concentrated solar energy leaving the concentrating device will impinge on the solar collector.",F24S23/70,F24S23/70; F24S2023/876; F24S2023/878; Y02E10/40; F24S23/70; F24S2023/878; Y02E10/40,cited_by:20 | cites:0,1982
099-009-581-305-745,Vegetable greenhouse's solar energy energy supply system,"The utility model provides a vegetable greenhouse's solar energy energy supply system, including lightning protection solar energy energy supply system, lightning protection solar energy energy supply system includes solar energy power supply system and solar collector, solar energy power supply system is including the solar module, control of charge and discharge unit and two the at least power storage unit that connect gradually, solar module lays on vegetable greenhouse's ceiling, solar energy power supply system still includes lightning protection device, adoption solar energy has reduced the consumption to conventional energy as vegetable greenhouse's the energy energy, simultaneously, be provided with lightning protection device, can avoid thunderstorm weather to cause harm to solar energy power supply system.",A01G9/14; A01G9/24,Y02A40/25; Y02P60/12,cited_by:1 | cites:0,2017
056-391-687-207-895,Household solar energy lighting device,"The utility model discloses a household solar energy lighting device which comprises a solar energy controller, wherein the signal input end of the solar energy controller is connected with a photovoltaic cell panel component; and the signal input/output end of the solar energy controller is connected with a solar energy storage cell; and the signal output end of the solar energy controller is connected with a lamp. The photovoltaic cell panel component in the household solar energy lighting device directly converts the received light energy to electric energy, and the electric energy is conveyed to the solar energy storage cell for storage by an electric cable via the solar energy controller; and the solar energy storage cell sends a direct current to a main line of each function chamber via the solar energy controller, so as to light the lamp of each function chamber of a house.",F21S9/03; F21V23/00; H02J7/00,Y02B10/10,cited_by:2 | cites:0,2011
120-180-749-950-289,Wind-solar integrated energy storage system coupled with thermochemical heat storage and operation method thereof,"The invention discloses a coupling thermochemical heat storage wind-solar integrated energy storage system and an operation method thereof, and relates to the technical field of wind-solar power generation and heat energy storage. The wind-solar integrated energy storage system comprises an energy storage system and an energy release system. When the solar energy and the wind energy are sufficient, the solar energy is utilized to drive the thermochemical energy storage reactor to store the wind energy and the solar energy; when the solar energy and the wind energy are insufficient and electricity consumption is in a valley, the wind energy, the solar energy and heat energy supplemented by the electric heater are uniformly stored in the solar-driven thermochemical energy storage reactor; when solar energy and wind energy are insufficient and power consumption is in a peak period, the energy release system converts heat released by reaction in the solar-driven thermochemical energy storage reactor into electric energy, and the demand of a power grid load is met. According to the system, solar energy and wind energy are coupled and converted into stable high-quality electric energy, the problem that fluctuation is large when solar energy and wind energy are used for grid connection is solved, and the system is an effective method for absorbing clean energy and stabilizing power grid fluctuation.",H02J3/28; F03D9/00; F03D9/19; F24S60/20; H02J3/38; H02J15/00; H02S10/12,H02J3/28; F03D9/007; F03D9/19; F24S60/20; H02J3/381; H02J15/00; H02J2101/24; H02J2101/28; H02S10/12; Y02E60/14,cited_by:0 | cites:0,2023
007-523-318-507-520,Solar energy signal controlling system,"The utility model discloses a solar energy signal controlling system, including solar panel, solar charging ware, solar energy signal lamp support, removal solar energy semaphore, solar energy signal lamp, handheld functional module, the bottom of solar energy signal lamp support is equipped with the box, solar charging ware, removal solar energy semaphore, handheld functional module all are located in the box, solar panel, solar energy signal lamp support, solar energy signal lamp all are located outside the box, the solar energy signal lamp is installed on solar energy signal lamp support, solar panel is located the box that removes solar energy semaphore top position. The utility model discloses control the flexibility, the change procedure is simple, and manual module can remotely be controlled, and remote controller operation is simple, good reliability, frequency stabilization height, and the interference killing feature is strong.",G08G1/07; G08G1/0955; H02J7/35,,cited_by:0 | cites:0,2017
064-597-993-354-918,Separable solar energy storage device,"A separable solar energy storage device, comprising a solar energy reception device, a solar energy conversion circuit, an extension cord for connecting the solar energy reception device and the solar energy conversion circuit, and storage batteries connecting to the solar energy conversion circuit, the solar energy reception device can be disposed, through connection to the extension cord, at the optimal position for the most efficient reception of solar energy, so as to enable storage batteries to achieve the optimal energy-storage efficiency.",F21S9/03; F21V21/008; H01L31/00; H01L31/02; H01L31/048; H01L31/05; H01L31/058; H02J15/00; H02N3/00,F21S9/032; F21V3/02; F21V21/008; F21W2131/109; H02S40/38; H10F77/935; Y02B10/10; Y02B20/72; Y02E10/50; Y02E70/30; Y10S136/291; Y10S136/293; F21S9/032; F21V3/02; F21V21/008; F21W2131/109; H02S40/38; H10F77/935; Y02B10/10; Y02B20/72; Y02E10/50; Y10S136/291; Y10S136/293,cited_by:25 | cites:0,2004
173-661-755-824-22X,Solar energy system and solar plate adjustment system,A solar energy system having a solar plate adjustment system is disclosed. The solar energy system is used for automatically search a best angle for receiving the most solar energy. The solar energy system is automatically toward to east everyday after receiving the solar energy. The solar energy system is able to control the open/close time for a load for saving the energy.,F24S50/20,Y02E10/47,cited_by:0 | cites:0,2010
059-722-513-999-434,A SUNBEAM-BOILER USING WATER CONVEX LENS,"PURPOSE: A sunbeam-boiler using a water convex lens is provided to heat water using solar energy by focusing the solar energy inside a solar energy heater. CONSTITUTION: A sunbeam-boiler using a water convex lens comprises a solar energy heater(100), a solar energy hole(110), a sun light reflection mirror(120) and a water convex lens(200). The solar energy hole is formed on top of the solar energy heater. The sunlight reflection mirror is located on the inner wall of the solar energy heater. The water convex lens is located on the solar energy heater. The water convex lens continuously accumulates solar energy through the solar energy hole by the solar energy heater. A water heating film(300) is in the sun light reflection mirror in the solar energy heater. The hot water is made by passing the water between the water heating film and the water convex lens.",F24S23/30; F24S23/00,F24S23/30; F24S20/20; F24S2023/88; Y02E10/40; F24S23/30; F24S2023/88,cited_by:7 | cites:0,2010
066-276-605-785-130,Solar energy motorcycle,"Some existing solar energy motorcycles use solar energy battery panels to charge batteries. The solar energy motorcycles are energy-saving, environmentally friendly and easy to use; but the existing solar energy motorcycles basically hold up the solar energy battery panels on luggage racks of the motorcycles, and the solar energy battery panels are difficultly fixed so as to increase resistance and cause a certain risk when driving. The invention designs a solar energy motorcycle. The solar energy motorcycle is safe and reliable without obstructing driving, and the solar energy battery panel is mounted on the motorcycle body.",B62K11/00,B62K11/00; B62K2204/00,cited_by:0 | cites:0,2018
085-740-013-986-460,Solar energy harvesting protecting sheath and back-side cover of mobile device,"The present disclosure provides a solar energy harvesting protecting sheath for installing to the back-side cover of a mobile device. The solar energy harvesting protecting sheath comprises a body, a solar energy receiving unit, a solar energy harvesting circuit, a thermal resistive layer and an energy transmission interface. A containing portion of the body is for accommodating the mobile device. The solar energy harvesting circuit is disposed in the body and coupled to the solar energy receiving unit. The solar energy harvesting circuit has at least an energy storage unit for storing solar energy. The thermal resistive layer disposed in the body is placed between the solar energy receiving unit and the solar energy harvesting circuit. The energy transmission interface is coupled to the energy storage unit and transmits the energy in the energy storage unit to the mobile device through an electrical connector of the mobile device.",H05K5/02; H02J7/35,H02J7/35; H02J7/35,cited_by:0 | cites:0,2015
048-995-938-512-913,Solar energy converting device and method and unit for converting solar energy,"The invention discloses a solar energy converting device and method and unit for converting solar energy, and belongs to the field of conversion of solar energy. The solar energy converting device comprises a solar energy panel, a solar energy controller and an electricity energy storing device; the solar energy controller is respectively connected with the solar energy panel and the electricity energy storing device; the solar energy controller comprises a communication interface and a processor which are interconnected; the communication interface is used for receiving an operation instruction sent by a household gateway device and sending the operation instruction to the processor, wherein the operation instruction is generated by a user device and sent to the household gateway device; the processor is used for performing the operation as indicated by the operation instruction. With the adoption of the solar energy converting device, the problem that the solar energy can be converted into electricity only and the function is simple can be solved, and the effect of enriching the functions of the solar energy conversion device is achieved.",H02S40/30,H02S40/00; Y02B10/10; Y02E10/50,cited_by:0 | cites:0,2015
197-463-659-362-305,Solar energy shutter,"The invention relates to a solar energy shutter. Slats of the shutter are provided with solar cell plates stuck to the slats through bonding layers; the solar cell plates on all the slats are connected in series to form a solar cell set; and the shutter also comprises a solar energy generating set consisting of the solar cell set, a solar energy controller, an inverter, a storage cell and a device connected to a household circuit. The invention has the advantages that each solar slat is used as a solar energy generating plate; by means of a unique structural design, the solar energy shutter with a simple and practical structure is provided for people, and sunlight irradiated by the solar energy generating plate is converted into electric energy as the electric energy of other electric apparatus. In the invention, a common shutter is combined with a household solar energy generating system, huge sunlight energy irradiated outside the shutter is converted to be used by people, therefore, the solar energy shutter is energy-saving and environment friendly.",E06B9/264; E06B9/28; E06B9/326; E06B9/38; E06B9/386; H02S10/20,Y02B10/10; Y02E10/50; Y02E70/30,cited_by:1 | cites:0,2012
114-206-083-004-696,Separable solar energy storage device,"A separable solar energy storage device, comprising a solar energy reception device, a solar energy conversion circuit, an extension cord for connecting the solar energy reception device and the solar energy conversion circuit, and storage batteries connecting to the solar energy conversion circuit, the solar energy reception device can be disposed, through connection to the extension cord, at the optimal position for the most efficient reception of solar energy, so as to enable storage batteries to achieve the optimal energy-storage efficiency.",F21S9/03; F21V21/008; H01L31/00; H01L31/02; H01L31/048; H01L31/05; H01L31/058; H02J15/00; H02N3/00,F21S9/032; F21V3/02; F21V21/008; F21W2131/109; H02S40/38; H10F77/935; Y02B10/10; Y02B20/72; Y02E10/50; Y02E70/30; Y10S136/291; Y10S136/293; F21S9/032; F21V3/02; F21V21/008; F21W2131/109; H02S40/38; H10F77/935; Y02B10/10; Y02B20/72; Y02E10/50; Y10S136/291; Y10S136/293,cited_by:3 | cites:0,2004
143-162-209-737-271,Heat dissipation solar energy frame,"The utility model discloses a heat dissipation solar energy frame, including solar panel and solar energy frame, solar panel's one end is fixed in among the solar energy frame, solar energy frame is provided with the seal groove with solar panel's junction, solar energy frame's interior side is provided with one deck rubber packing pad, solar energy frame's outside limit is provided with a plurality of heat radiation fins, the utility model has the advantages of reasonable design, can be effectual dispel the heat to solar energy frame, prevent that solar energy frame from deforming because ofoverheated emergence, increased solar energy frame's life.",F24S40/50,Y02E10/40,cited_by:0 | cites:0,2019
115-159-821-521-183,Solar energy gathering device and solar energy supply system,"The invention provides a solar energy gathering device and a solar energy supply system. The solar energy gathering device comprises two or more solar energy gathering units, the solar energy gathering units comprise condensers and light guides, the condensers are mounted at one ends of the light guides, and the ends, away from the condensers, of the two or more light guides are gathered to form asolar energy output part. The solar energy gathering device can gather sunlight, the energy loss in the solar energy gathering process is small, more solar energy can be obtained, and then the utilization efficiency of the solar energy is improved.",F24S23/71; F24S20/40; F24S80/00; H02S40/44,F24S23/71; F24S20/40; F24S80/00; H02S40/44; Y02E10/40; Y02E10/50; Y02E10/60,cited_by:1 | cites:0,2020
109-817-659-599-533,SIMULATING A QUANTITY OF INTEREST OF LARGE SOLAR ENERGY INSTALLATIONS,"A method for simulating a quantity of interest of a solar energy installation comprising a plurality of solar energy elements (2) and/or of parts thereof, comprising: identifying (103) a plurality of groups of solar energy elements within the solar energy installation, wherein a performance variable is similar for each of the solar energy elements (2) within the group; obtaining (104), for each group, a representative solar energy element (2) of which the performance variable is representative for the group; simulating (105) a quantity of interest of the representative solar energy element (2) of each group; and determining (106), from the quantity of interest of the representative solar energy element (2) of each group, the quantity of interest of the solar energy installation and/or of at least one solar energy element (2) of the solar energy installation.",H02J3/00; G06F30/20; G06Q10/04; G06Q50/06; H02J3/38,H02J3/004; G06F30/20; G06F2119/06; G06Q10/0637; G06Q50/06; H02J3/381; H02J2101/24; H02J2103/30,cited_by:1 | cites:0,2022
199-819-705-697-518,SOLAR ENERGY ALIGNMENT AND COLLECTION SYSTEM,"A solar energy alignment and collection system includes at least two solar energy receivers having a central focal point, with each of the at least two solar energy receivers generating an energy output. An actuation system is operatively coupled to the at least two solar energy receivers and is configured and disposed to shift the solar energy receivers along at least one axis. A control system, operatively linked to the solar receivers and the actuation system, senses the energy output of each solar energy receiver and shifts the actuation system along the at least one axis causing solar energy to be directed at the central focal point. When solar energy is directed at the central focal point, the energy output of each solar energy receiver is substantially identical.",F24S50/20; F24S23/00,F24S50/20; H02S20/32; H10F77/42; Y02E10/47; Y02E10/52; Y02E70/30; F24S50/20; G05D3/105; H02S20/32; H10F77/42; Y02E10/47; Y02E10/52,cited_by:11 | cites:0,2010
048-441-235-455-09X,Solar charging device of light box,"The invention relates to a solar charging device of a light box. The light box (1) is provided with solar energy chips (2); the solar energy chips (2) absorb solar energy; the solar energy is converted into electrical energy through an energy conversion module (5); when the solar energy is not sufficient to support the operating state of the light box (1), a central control module (3) switches on a circuit (4), so that charging can be performed; the solar energy chips (2) are distributed at the side edges and top of the light box (1); the power source of the light box (1) is dependent on the solar energy and the circuit; the central control module (3) determines a power source according to the use situation of the solar energy; and the solar energy chips (2) absorb the solar energy and store the solar energy in the energy conversion module (5). The solar energy is converted into the electrical energy, so that the operation of the light box can be maintained, and therefore, electricity can be saved, and environmentally-friendly electricity utilization can be realized.",H02J7/00,,cited_by:0 | cites:0,2015
193-809-946-747-515,SOLAR ENERGY POWER GENERATION SYSTEM,"The present invention relates to a solar energy power generation system that is capable of effectively collecting solar energy, thereby generating electricity from the solar energy. According to the present invention, the solar energy power generation system includes: a solar energy collecting unit for collecting solar energy to convert an energy absorbing medium into the energy absorbing medium in a gas state; a vacuum turbine for providing kinetic energy through the energy absorbing medium in the gas state generated from the solar energy collecting unit; a power generation unit for converting the kinetic energy supplied from the vacuum turbine into electrical energy; a condenser for cooling the energy absorbing medium in the gas state discharged from the vacuum turbine to a liquid state; and a circulating pump for pumping the energy absorbing medium in the liquid state cooled by the condenser to the solar energy collecting unit, wherein the solar energy collecting unit includes a hollow solar energy collecting tube having an energy absorbing medium flow path formed therein to move the energy absorbing medium and a lens for collecting the solar energy to the solar energy collecting unit.",F03G6/06; F01K7/16; F24S10/70; F24S23/30,Y02E10/44; Y02E10/46; F24S23/31; F24S10/70; F24S23/70; F24S50/80,cited_by:5 | cites:0,2019
078-668-321-089-473,SOLAR ENERGY CONCENTRATION DEVICE AND SOLAR ENERGY SUPPLY SYSTEM,"Provided in the present disclosure are a solar energy concentration device and a solar energy supply system. The solar energy concentration device comprises at least two solar energy concentration units. Each solar energy concentration unit comprises a condenser and a light guide. The condensers are installed at one end of the light guides, and one end of each of at least two light guides away from the condensers converge to form a solar output part. The solar energy concentration device may concentrate sunlight, and energy loss during the solar energy concentration process is little, and more solar energy may be obtained, thereby improving the utilization efficiency of solar energy.",F24S23/71; F24S20/40; F24S80/00; H02S40/44,F24S23/71; F24S20/40; F24S80/00; H02S40/44; Y02E10/40; Y02E10/50; Y02E10/60,cited_by:0 | cites:0,2021
011-854-738-934-116,SOLAR ENERGY HARVESTING PROTECTING SHEATH AND BACK-SIDE COVER FOR MOBILE DEVICE,"The present disclosure provides a solar energy harvesting protecting sheath for installing to the back-side cover of a mobile device. The solar energy harvesting protecting sheath comprises a body, a solar energy receiving unit, a solar energy harvesting circuit, a thermal resistive layer and an energy transmission interface. A containing portion of the body is for accommodating the mobile device. The solar energy harvesting circuit is disposed in the body and coupled to the solar energy receiving unit. The solar energy harvesting circuit has at least an energy storage unit for storing solar energy. The thermal resistive layer disposed in the body is placed between the solar energy receiving unit and the solar energy harvesting circuit. The energy transmission interface is coupled to the energy storage unit and transmits the energy in the energy storage unit to the mobile device through an electrical connector of the mobile device.",H02J7/35,H02J7/35; H02J7/35,cited_by:19 | cites:0,2015
051-519-144-358-185,Portable solar energy power supply system,"The invention provides a portable solar energy power supply system. The portable solar energy power supply system comprises a solar energy panel and a current condenser, wherein absorbed solar energy is converted by the solar energy panel into electrical energy which is stored in the current condenser electrically connected with the solar energy panel, and the solar energy panel is detachably mounted at an inner side or an outer side of a window. Through the portable solar energy power supply system, a problem that the solar energy panels can not be commonly used in city because of having no mounting places in residential buildings of city people is solved. The portable solar energy power supply system is widely applied to the energy source field.",H02S10/20,Y02B10/10; Y02E10/50; Y02E70/30,cited_by:1 | cites:0,2016
180-494-330-060-592,A mobile terminal,"The invention is applicable to the technical field of solar energy conversion, and provides a mobile terminal, comprising a display screen module, a solar circuit module, a solar energy processing module and an external power supply. The solar energy circuit module and the solar energy processing module are arranged inside the display screen module. The solar energy circuit module is used for collecting solar energy, converting the collected solar energy into electric energy and sending the electric energy to the solar energy processing module for processing. The solar energy processing moduleis used for processing the received electric energy, and the processed electric energy is used for supplying power to the display screen module. The external power supply is used for supplying powerto the display screen module. The service life of the external power supply can be prolonged by the above method.",G06F1/26; G06F1/32; H02J9/04,G06F1/26; G06F1/3218; H02J9/04; Y02B10/70; Y02D30/70,cited_by:2 | cites:0,2018
001-991-088-572-085,"태양광 전광판, 태양관 가로등, 태양열 전광판, 태양열 지붕, 태양열 창문, 태양열 가로등, 태양열 창문덧뎀, 태양열 스텐드, 태양열 받침, 태양열 거치대","The present invention relates to sunlight and, more particularly, to solar energy. Solar energy activation solar energy is utilized as energy supply solar energy Some for supplying solar energy as energy as shown in the accompanying drawings and attached drawings are installed. Solar energy is contacted in daily life to have an effect of reducing emissions and energy substitution of other power plants.",H02S20/20; F21S9/03; H02S30/10,Y02B10/10; Y02E10/50; H02S20/20; F21S9/032; H02S30/10,cited_by:0 | cites:0,2020
076-035-604-362-860,Solar heat air generating set,"The invention discloses a solar thermal power generator, which mainly consists of three parts, namely a solar thermal collector, a solar thermal energy accumulator and a power tower. The solar thermal energy collector comprises a solar diffusing thermal energy collector and a solar focusing thermal energy collector, wherein the solar diffusing thermal energy collector is directly connected with the power tower, and the collected solar thermal energy heats air and sends the air to the power tower; and the solar focusing thermal energy collector collects the diffused solar thermal energy, and converts the energy into high-temperature thermal media to store in the solar thermal energy accumulator which transmits the thermal media to the power tower for generating through a thermal media pipeline. Compared with the prior solar power generator, the solar thermal power generator requires less energy transformation, has less energy loss and high solar energy utilization rate; moreover, the construction cost of a power plant is lower, and the generating cost is close to that of a solar thermal power generating system of coal and electricity, so that the solar thermal power generator is suitable for promotion and use.",F03D9/25; F03D9/37; F03G6/04,Y02B10/30; Y02B10/70; Y02E10/46; Y02E10/72,cited_by:0 | cites:0,2009
047-932-534-784-07X,Remote control and solar energy strage system using wireless resonant power transfer apparatus,"The present invention relates to a solar energy storage system using lithium ions and flow cells. More specifically, the solar energy storage system induces a wireless inter-charging operation between a detachable flow battery storing power generated with solar light and adjacent communities in rural areas without an electrical power network of an electrical power company to build an electrical power network as a foundation facility. The solar energy storage system has a detachable structure to be used easily in an outdoor environment or in a camp site. The solar energy storage system includes a solar energy system connection controller and a wireless solar energy charging guide device. According to the present invention, the solar energy system connection controller of the solar energy storage system includes: a solar panel; a solar energy storage device which stores power generated by the solar panel and discharges the stored power to a system load; a control device which executes a control operation to connect the electrical energy stored in the solar energy storage device to adjacent systems through the wireless solar energy charging guide device. The wireless solar energy charging guide device executes a guide operation to connect and distribute the electrical energy stored in the solar energy storage device to systems and to other solar energy storage devices within a predetermined distance in a wireless charging method.",H02S40/38; G08C17/02; G08C19/02; H02J7/02; H02J7/35; H02J50/00; H02S40/32,Y02E10/50; Y02E70/30; H02S40/38; G08C17/02; G08C19/02; H02J7/35; H02J7/751; H02J50/10; H02S40/32; Y02E10/50,cited_by:2 | cites:0,2017
193-904-324-165-508,Flat solar energy converter,"The utility model discloses a flat solar energy converter, which comprises a solar energy collector module, wherein the solar energy collector module comprises a solar energy absorbing plate and a working medium conduit, the solar energy absorbing plate comprises a front side and a reverse side, the front side of the solar energy absorbing plate is provided with a solar energy absorbing coating which is used for converting solar energy into heat energy, or a solar photovoltaic cell is arranged to convert the solar energy into electric energy and heat energy at the same time, the reverse side of the solar energy absorbing plate is provided with an annular neck structure, the working medium conduit is buckled in the annular neck, and heat conduction grease is filled between the working medium conduit and the annular neck. The flat solar energy converter disclosed by the utility model also comprises a phase change heat energy exchange system and has the characteristics of high efficiency, simple structure and low manufacturing cost.",F24J2/46; F24J2/48; F24S10/40; F24S10/75; F24S10/95,Y02E10/44,cited_by:0 | cites:0,2013
061-497-566-056-53X,Hot water combination system is concentrated with solar energy to solar airconditioning,"The utility model discloses a hot water combination system is concentrated with solar energy to solar airconditioning, concentrate the hot water unit including a plurality of solar energy air conditioning unit and a plurality of solar energy, this system can realize solar energy air conditioning unit and solar energy and concentrate the hot water unit one to one, the one -to -many, the many to one, the combination of multi -to -multi, in application, can concentrate hot water unit partial shipment in the rural area of difference with a plurality of solar energy air conditioning unit and a plurality of solar energy, these solar energy air conditioning unit and solar energy are concentrated the hot water unit to constitute a solar energy and are used multipurposely the system, can concentrate the hot water unit to carry out centralized management the solar energy air conditioning unit and the solar energy in same rural area or several neighbouring rural areas, carry out energy allotmentbetween each solar energy air conditioning unit and the concentrated hot water unit of solar energy, make the supply and demand trend towards balanced state, the maximize utilizes solar energy resource. This will greatly impel solar energy to use in rural areas's scale, and new rural construction provides strong technical support for socialism.",F24F5/00; F24F11/89; F24S20/40; F24S50/00,Y02E10/40,cited_by:0 | cites:0,2018
149-183-839-149-790,Solar energy storing method and system,"The present invention relates to a solar energy storing method and system. The solar energy storing method includes the steps as follows: S1, collecting solar energy by a solar energy plate and converting the collected solar energy into electric energy; S2, detecting the real-time maximum power of the solar energy plate; S3, controlling the solar energy plate to input the electricity energy with the real-time maximum power to a main energy storing module; S4, judging whether the electricity energy of the main energy storing module is full or not, stopping the input of the electricity energy to the main energy storing module if the electricity energy of the main energy storing module is full, and returning the step S1 if the electricity energy of the main energy storing module is not full. The solar energy storing method and system can efficiently utilize solar energy, has the advantages of energy conservation and environmental protection, and can efficiently input the electricity energy converted from solar energy to the energy storing module.",H02J7/00; H02S10/20,Y02E10/50; Y02E70/30,cited_by:0 | cites:0,2016
093-186-347-679-705,Solar energy and air energy combination hot water control system,"The utility model provides a solar energy and air energy combination hot water control system. The solar energy and air energy combination hot water control system comprises a solar energy circulating system, an air energy circulating system and a transition water pump connected with the solar energy circulating system and the air energy circulating system. The solar energy and air energy combination hot water control system is reasonable in design, the solar energy circulating system and the air energy circulating system are reasonably combined, solar energy is fully utilized, air energy is combined to overcome the shortcoming that the solar energy is subject to the climate influence, the solar energy utilization rate can be improved by about 40%, and the use cost is reduced.",F24J2/40; F24J2/00,Y02E10/40,cited_by:3 | cites:0,2014
150-673-701-740-024,Solar energy acquisition device,"The utility model discloses a solar energy acquisition device which belongs to the field of solar energy utilization and comprises a bracket and a solar energy acquisition panel arranged on the bracket, the outer surface of the solar energy acquisition panel takes on a cone shape, and the solar energy acquisition panel is designed in an array manner. By adopting the solar energy acquisition device, with limited land occupation area, solar energy acquisition area is enlarged, and the output power of solar power generation is increased; and most of the dispersed and reflected light of the sunlight is absorbed by the surface of an adjacent solar energy acquisition panel, so that the use ratio of the solar energy is improved.",F24J2/00; H02S40/22,Y02E10/40; Y02E10/50,cited_by:1 | cites:0,2011
083-483-333-672-48X,Solar energy heating water system provided with solar energy total heat meter,"The utility model relates to a solar energy heating water system provided with a solar energy total heat meter. By adopting the solar energy heating water system, the utility model can measure the practical absorbed solar energy of a solar energy collector, quantify the energy saving effect of the solar energy and can establish the corresponding management method according to the practical absorbed heat quantity of solar energy in different seasons so as to improve the use efficiency of the solar energy; the solar energy heating water system comprises the solar energy collector and a water tank communicated with the solar energy collector through a water outlet pipe and a water inlet pipe; and the solar energy heating water system is characterized in that a heat quantity meter is arranged on the water outlet pipe, and a temperature sensor connected with the heat quantity meter through a signal wire is arranged on the water inlet pipe.",F24D17/00; F24J2/04; G01K17/06,Y02B10/20; Y02B10/70; Y02E10/44,cited_by:3 | cites:0,2009
047-750-552-329-241,Solar energy panel charger,"The utility model discloses a solar energy panel charger comprising a solar energy electric power generation system, switches and output plug heads, wherein the solar energy electric power generation system comprises a solar cell panel, a solar energy controller and a storage battery; the solar cell panel is connected with the solar energy controller; the solar energy controller is connected with the storage battery; the storage battery is connected with the switches and the plug heads. The solar energy panel charger is characterized in that electric energy is supplied through solar energy, solar energy resources are effectively used, the electric energy is saved, a plurality of electronic products can be charged at the same time, time is saved, the electronic products can be normally used by people is guaranteed, and convenience is brought to life of people.",H02J7/00,,cited_by:1 | cites:0,2013
157-319-982-383-213,Solar energy alignment and collection system,"A solar energy alignment and collection system includes at least two solar energy receivers having a central focal point, with each of the at least two solar energy receivers generating an energy output. An actuation system is operatively coupled to the at least two solar energy receivers and is configured and disposed to shift the solar energy receivers along at least one axis. A control system, operatively linked to the solar receivers and the actuation system, senses the energy output of each solar energy receiver and shifts the actuation system along the at least one axis causing solar energy to be directed at the central focal point. When solar energy is directed at the central focal point, the energy output of each solar energy receiver is substantially identical.",F24S50/20; F24S23/00; G01S3/78; G01S3/784; G05D3/00,F24S50/20; H02S20/32; H10F77/42; Y02E10/47; Y02E10/52; Y02E70/30; F24S50/20; G05D3/105; H02S20/32; H10F77/42; Y02E10/47; Y02E10/52,cited_by:1 | cites:0,2013
111-294-783-510-032,SYSTEM THAT INCREASES SOLAR ENERGY PRODUCTION FOR LARGE SCALE SOLAR ENERGY INSTALLATIONS,"Systems and methods for solar energy systems are disclosed. A solar energy system comprising a plurality of elevated rectilinear solar energy structures covering an area is disclosed. Each of the solar energy structures of the plurality of elevated rectilinear solar energy structures has a long side and a short side. The plurality of elevated rectilinear solar energy structures are grouped together, oriented and aligned such that the long side of each of the solar energy structures is generally parallel and at least one of the plurality of elevated rectilinear solar energy structures has a plurality of solar panels attached in a fixed manner forming a solar energy collection canopy.",H02S20/10; H02S20/20; H02S30/10,A01G13/21; H02S20/10; H02S20/23; Y02B10/10; Y02E10/50; Y02P60/12; H02S20/20; A01G13/21; E04H15/00; H02S20/10; H02S30/10,cited_by:6 | cites:0,2022
126-657-189-980-01X,Solar tile,"The utility model relates to a solar energy utilization device, in particular relates to a solar energy tile. The utility model discloses a solar energy tile which comprises a tile substrate body and is characterized in that a solar energy battery panel is arranged on the sun-orientation surface of the tile, and the solar energy battery panel is connected with a storage battery to construct a loop through a solar energy controller. The solar energy tile has simple structure, practicality, convenience, and is widely applicable to roofs and can absorb solar energy without occupying limited space, and convert solar energy into electrical energy and store the electrical energy for standby application in future.",E04D13/18,Y02B10/10; Y02E10/50,cited_by:0 | cites:0,2009
038-539-052-228-364,Solar energy automatic tracking photovoltaic power generation drive system,"The invention provides a solar energy automatic tracking photovoltaic power generation drive system. The solar energy automatic tracking photovoltaic power generation drive system aims to provide a drive system which uses solar energy as an energy source and is used for the rotating of a solar panel. The solar energy automatic tracking photovoltaic power generation drive system comprises a solar energy groove-type panel, a solar energy automatic tracker, a solar energy battery pack, a motor box, a motor, a drive gear, a rotary shaft and a storage battery. Driven by the solar energy automatic tracker, the solar energy automatic tracking photovoltaic power generation drive system can track sunshine all-weather, photovoltaic power generation of the solar energy battery pack supplies power source for the rotating of the solar energy groove-type panel, so that the solar energy automatic tracking photovoltaic power generation drive system is provided with high solar energy utilization efficiency and mass transfer efficiency, the efficiency of a fixed type solar energy battery is normally around 10%, and the efficiency of the solar energy battery using the automatic tracking technology can be up to around 20%. Due to the fact that the driving power source is supplied by the solar power generation, the solar energy automatic tracking photovoltaic power generation drive system gets over the constraint of an external power source, and thus high efficiency, energy conservation and self-sufficiency are achieved.",G05D3/00; H02J7/00; H02S10/20,Y02E10/50; Y02E10/60; Y02E70/30,cited_by:1 | cites:0,2013
195-649-554-481-829,Energy Recovery of Secondary Obscuration,"A solar energy system is provided to capture an increased amount of solar energy in an area. Methods and devices to collect obscured solar radiation and covert it into usable electrical energy are described. The devices include a major concentrated solar energy system combined with a minor solar energy system. In one embodiment, the minor solar energy system includes a primary mirror, secondary mirror and a second photocell. Primary and secondary mirrors of a minor solar energy system are defined by their location, at least a portion of which may be substantially within the concave region of the secondary mirror of a major solar energy system. The electrical connection from the minor solar energy system to the major solar energy system is described. Methods for making minor solar energy system are provided.",H01L31/042,H10F77/488; Y02E10/52; H10F77/488; Y02E10/52,cited_by:19 | cites:0,2010
192-781-664-512-285,Fixed point array heat pipe solar utilization system,"The utility model relates to solar energy focusing and utilization, especially the use of point-focusing solar energy mirror to realize solar energy collection and application to a fixed point array heat pipe solar energy utilization system. The utility model comprises at least one or one group of point-focusing solar energy mirror(s), at least one heat pipe utilization device and a tracking control device, wherein the solar energy mirror is arranged on a solar energy mirror bracket, the heat pipe utilization device is arranged in point-shaped region of focusing of the solar energy mirror, and arranged above or below the solar energy mirror, and the solar energy mirror has its focal distance changed during process of tracking the solar energy and maintains its focal distance always in the point-shaped region of the heat pipe utilization device; and the tracking control device controls the solar energy mirror to focus sunlight onto the at least one heat pipe utilization device when the sun changes, and during the process of the solar energy mirror tracking solar energy, the heat pipe utilization device does not move together with the solar energy mirror, and remains static relative to the ground, to realize solar energy tracking, focusing and utilization.",F24S10/95; F24S23/00; F24S50/20; H02S40/22; H02S40/44,Y02E10/44; Y02E10/47; Y02E10/50; Y02E10/60,cited_by:3 | cites:0,2012
091-581-496-133-762,Solar energy water heater for heating,"A multifunctional solar energy water heater for heating with high heat efficiency comprises a solar energy water tank. Solar energy collection vacuum tubes are fixedly connected to two sides of the solar energy water tank and communicated with the solar energy water tank; a water service pipe is arranged at the lower end of the solar energy water tank and communicated with the solar energy water tank; a heat exchanger coil is arranged in the solar energy water tank; the upper end of the heat exchanger coil passes through the upper surface of the solar energy water tank, while the lower end of the heat exchanger coil passes through the lower surface of the solar energy water tank; and an air exhaust opening is formed on the upper surface of the solar energy water tank.",F24S10/40; F24S10/30,Y02E10/44,cited_by:1 | cites:0,2010
183-248-584-550-554,Energy-conserving energy storage system of engineering type solar energy,"The utility model discloses an energy-conserving energy storage system of engineering type solar energy, including solar energy heating the water tank, solar energy heat-retaining constant temperature water tank and solar collector, said solar collector is three, and wherein two solar collector are connected with solar energy heating the water tank, and a solar collector is connected with solar energy heat-retaining constant temperature water tank, solar energy heating the water tank passes through communicating pipe with solar energy heat-retaining constant temperature water tank and is connected, all be equipped with the fluid level control line on solar energy heating the water tank and the solar energy heat-retaining constant temperature water tank, it has phase change material all to fill in solar energy heating the water tank and the solar energy heat-retaining constant temperature water tank, solar energy heating the water tank top is equipped with running water moisturizing pipe, and solar energy heat-retaining constant temperature water tank lower extreme is equipped with the hot water delivery pipe the utility model discloses a physics and phase change material's combination improves solar thermal energy energy utilization rate, through adopting phase change material, has improved the heat preservation effect, has lengthened holding time, can continuously provide hot water in a large number, and is more energy-concerving and environment-protective",F24J2/34,Y02E10/40,cited_by:2 | cites:0,2015
116-330-236-147-147,Portable solar energy charger,"The utility model discloses a portable solar energy charger, which is characterized by comprising at least two solar energy panels, wherein the two solar energy panels are respectively provided with a frame, the two adjacent solar energy panels which are respectively provided with the frame can be mutually folded, each solar energy panel is provided with a connecting box, the connecting box is connected with a charger through a guide wire, the number of the solar energy panels which are provided with the frames is two, i.e. a first solar energy panel provided with a frame and a second solar energy panel provided with the frame, and the two solar energy panels which are provided with the frames are mutually hinged through the frame at a corresponding side of each solar energy panel. The portable solar energy charger is convenient to carry, can carry out charging by utilizing the solar energy, and is energy-saving and environment-friendly to use.",H02S30/20,Y02E10/50,cited_by:2 | cites:0,2011
070-908-454-166-099,SOLAR HANDPHONE,PURPOSE: A solar mobile phone is provided to conveniently be used anywhere using solar energy without an additional charging device. CONSTITUTION: A solar mobile phone comprises a part for the collection of the solar energy in the front side. The solar mobile phone precludes the necessity of the charge with the help of solar energy. The solar mobile phone is used anywhere conveniently without the need of charge. The solar mobile phone does not include a battery. The collected solar energy is converted into the energy. The solar mobile phone is operated by using the solar energy.,H04B1/38,H04M1/026,cited_by:0 | cites:0,2009
134-915-404-664-773,Solar street lamp,"The invention discloses a solar street lamp which comprises a street lamp pole, a street lamp assembly, a storage battery and a solar energy assembly; the solar energy assembly and the street lamp assembly are both fixedly installed on the street lamp pole; the solar energy assembly is connected with the storage battery; the solar street lamp also comprises a rotating assembly; the rotating assembly is connected with the solar energy assembly to drive the solar energy assembly to rotate; the solar energy assembly can move along with the sun; the utilization efficiency of solar energy is improved; the solar energy assembly comprises a support and a solar energy movable structure; the solar energy movable structure is mounted in a bracket; the solar energy movable structure comprises a movable frame, a solar unit plate and a frame pressing piece; the solar unit plate is rotatably mounted in the movable frame; the frame pressing piece is connected with the movable frame so as to press themovable frame, and when the movable frame is subjected to large wind power, the solar unit plate can rotate relatively so as to reduce the wind receiving face of the solar unit plate, reduce the stress of the solar energy assembly, effectively protect the solar energy assembly and prevent the street lamp from toppling over.",F21S9/03; F21V21/10; F21V21/36; F21V23/00; F21V23/04; F21W131/103; F24S30/425; H02S20/30,F21S9/035; F21V21/10; F21V21/36; F21V23/003; F21V23/04; F21W2131/103; F24S30/425; H02S20/30; Y02E10/47,cited_by:1 | cites:0,2020
111-435-225-200-669,Distributed multistage solar energy power generation system,"The utility model aims to provide a distributed multistage solar energy power generation system which comprises the following components: a solar energy collecting system, and a solar power generator set. The distributed multistage solar energy power generation system comprises at least two sets of solar energy power generation systems. Each set of solar energy power generation system is composed of a solar energy collecting system and a solar power generator set. One set of solar energy power generation system can be connected in series and/or in parallel with another set of solar energy power generation system. The waste heat after power generation of the solar energy power generation system is used by another set of solar energy power generation system. The second set of solar energy power generation system is composed of a solar energy low-temperature power generation system and a solar energy high-temperature power generation system. Simultaneously because distributed collection and distributed multistage complementation power generation are adopted, distributed multistage solar energy power generation is realized. In each stage of solar energy power generation system, refrigeration, drying and hot water are adopted. Not only is waste heat utilization realized, but also condensation for working medium is realized. Integral heat energy utilization efficiency of the system is improved.",F03G6/06; F01K17/06; F01K23/10; F01K27/02; F24D11/00; F24S10/50; F24S10/70; F24S23/30; F25B29/00,Y02B10/20; Y02E10/44; Y02E10/46; Y02E20/14,cited_by:6 | cites:0,2013
132-783-920-044-840,SOLAR ENERGY COLLECTOR,"There is provided a solar energy collector capable of effectively collecting solar energy. The solar energy collector includes a solar energy collection pipe having an absorption medium flow path for allowing an energy absorption medium to flow therethrough, and at least one lens configured to concentrate solar energy on the solar energy collection pipe.",F24S10/40,F24S50/20; F24S10/70; F24S20/20; F24S23/30; F24S23/31; F24S30/425; F24S80/60; F24S2023/86; Y02E10/47; F24S50/20; F24S10/70; F24S20/20; F24S23/30; F24S23/31; F24S30/425; F24S70/60; F24S80/60; F24S2023/86,cited_by:0 | cites:0,2019
168-059-954-012-571,SOLAR ENERGY COLLECTOR,"There is provided a solar energy collector capable of effectively collecting solar energy. The solar energy collector includes a solar energy collection pipe having an absorption medium flow path for allowing an energy absorption medium to flow therethrough, and at least one lens configured to concentrate solar energy on the solar energy collection pipe.",F24J2/38; F24J2/04; F24J2/08; F24J2/24; F24J2/50; F24J2/54,F24S50/20; F24S10/70; F24S20/20; F24S23/30; F24S23/31; F24S30/425; F24S80/60; F24S2023/86; Y02E10/47; F24S50/20; F24S10/70; F24S20/20; F24S23/30; F24S23/31; F24S30/425; F24S70/60; F24S80/60; F24S2023/86,cited_by:2 | cites:0,2019
037-069-622-351-250,High sealed solar energy electroplax chunk,"The utility model discloses a belong to solar energy electroplax field, concretely relates to a high sealed solar energy electroplax chunk. The utility model provides a high sealed solar energy electroplax chunk, including the solar energy tile, solar energy collection still includes: the support supports solar energy electroplax chunk, installs on the roof, the solar energy tile, for the square form, solar energy collection inlays in the support, the electric energy that comes from the solar energy tile with the transmission is collected to the electricity box, is connected with solar energytile electricity, the static in the support is derived to the earth connection, and the cover is on grounding screw, grounding screw connects earth connection and support, twists to connect on the support, the solar energy tile includes: the solar energy electroplax for the square form, is inlayed in the support, the front draw -in groove, the welding is on the solar energy electroplax, back draw-in groove, the welding is on sky sun ability electroplax, the sealing strip, the joint is in the draw -in groove of front.",H02S20/25; H01L31/048; H01R4/30; H01R4/64,Y02B10/10; Y02E10/50,cited_by:0 | cites:0,2018
179-972-494-273-648,Intelligent magnetic type multi-port output vehicle-mounted charger capable of automatically distributing electric quantity,"The invention provides an intelligent magnetic type multi-port output vehicle-mounted charger capable of automatically distributing electric quantity, and relates to the technical field of chargers, and the charger comprises the following modules: a wireless charging module, a self-adaptive holding module, a voice control module, a gesture control module, a safety module, a connection module and a user module. The system comprises a self-adaptive power distribution circuit, a solar energy auxiliary charging circuit, a solar energy conversion technology, a solar energy conversion technology, a solar energy conversion technology, a solar energy conversion technology, a solar energy conversion technology, a solar energy conversion technology, a solar energy conversion technology, a solar energy conversion technology, a solar energy conversion technology, a solar energy conversion technology and a solar energy conversion technology. And light energy inside and outside the vehicle is converted into electric energy to assist the charging process, so that sustainable utilization of energy is realized.",H02J7/00; B60R11/00; B60R11/02; G10L15/22; H02J7/35; H02J50/90; H04L67/12,H02J7/44; B60R11/00; B60R11/02; B60R2011/0057; G10L15/22; H02J7/35; H02J7/47; H02J7/50; H02J7/80; H02J7/933; H02J7/971; H02J7/975; H02J50/90; H04L67/12; Y02T10/70; Y02T10/7072; Y02T90/12; Y02T90/16,cited_by:1 | cites:0,2023
141-588-036-253-775,Disclosed are solar energy gathering device and solar energy supply system,"The utility model provides a solar energy gathering device and a solar energy supply system, comprising at least two solar energy gathering units, each solar energy gathering unit comprises a condenser and a light guide pipe, the condenser is installed at one end of the light guide pipe, and the ends, far away from the condenser, of the at least two light guide pipes are gathered to form a solar energy output part. The solar energy gathering device can gather sunlight, the energy loss in the solar energy gathering process is small, more solar energy can be obtained, and then the utilization efficiency of the solar energy is improved.",F24S23/71; F24S20/40; F24S80/00; H02S40/44,Y02E10/40; Y02E10/50; Y02E10/60,cited_by:1 | cites:0,2020
157-154-173-012-006,Solar charging type head-mounted tool,"The invention discloses a solar charging type head-mounted tool which comprises a cap. The cap comprises a bottom buffer layer and a solar energy absorbing layer which are sequentially arranged from inside to outside. The solar energy absorbing layer is connected with a conversion input connecting wire which is connected with a solar energy converter, and a data line is detachably inserted to the solar energy converter and inserted to electronic equipment. Heat energy and light energy in solar energy are collected through the solar energy absorbing layer, the solar energy converter converts solar radiation into electric energy, and the electronic equipment is connected with the solar energy converter through the data line so as to be charged. Solar energy received by the head-mounted tool is fully utilized, the clean energy is environmentally friendly and free of pollution, whole solar energy absorbing and converting parts are small and low in weight, loads on a user are avoided, and the user can conveniently carry and use the tool.",A42B1/00; A42B3/04; H02J7/35,A42B1/006; A42B3/0406; H02J7/35,cited_by:0 | cites:0,2017
002-344-961-272-999,SOLAR ENERGY GENERATION SYSTEM FOR HIGH TEMPERATURE ENVIRONMENT,PURPOSE: A solar energy generating system for a high temperature environment is provided to improve a cooling effect of a solar cell by separating and collecting solar energy of a spectrum band for solar power generation. CONSTITUTION: A solar cell(200) generates solar power. A thermoelectric module unit(300) generates thermoelectric power. The first solar energy includes a spectrum band for solar power generation among incident solar energy. A second filter reflects the first solar energy to the solar cell. A lens collects the second solar energy on the thermoelectric module unit.,H01L31/0525; H01L31/054,H10F77/492; H02S10/30; H10F77/488; H10N10/17; Y02E10/52; H10F77/67; H10F77/42,cited_by:3 | cites:0,2013
193-845-645-430-264,System for obtaining energy by using solar energy,"A system (100) for harvesting energy using solar energy is provided. The system for obtaining energy by using solar energy comprises at least two groups of first solar energy obtaining devices (1) which are fixed in angle and arranged front and back in rows, and at least one group of solar energy obtaining flat single-axis tracking devices (2) arranged between the two groups of first solar energy obtaining devices (1). According to the system (100) for obtaining energy by using solar energy, the second solar energy obtaining device (2) is arranged between the two adjacent rows of first solar energy obtaining devices (11, 12), so that the receiving area of solar energy is effectively increased and the light utilization rate is improved while the occupied area of the system for obtaining energy by using solar energy is not increased.",G05D3/12; H02S20/32,Y02E10/50,cited_by:1 | cites:0,2023
165-904-721-744-698,Movable point array heat pipe solar energy utilization system,"The utility model relates to solar energy utilization, especially the use of point-focusing solar energy mirror to realize solar energy collection and application to a movable point array heat pipe solar energy utilization system. The utility model comprises at least one or one group of point-focusing solar energy mirror(s), at least one heat pipe utilization device and a tracking control device, wherein the solar energy mirror is arranged on a solar energy mirror bracket, the heat pipe utilization device is arranged on a heat pipe utilization device bracket, in point-shaped region of focusing of the solar energy mirror, and above or below the solar energy mirror; and the tracking control device controls the solar energy mirror to focus sunlight onto the at least one heat pipe utilization device when the sun changes, and during the process of the solar energy mirror tracking solar energy, the heat pipe utilization device moves, and each or each group of solar energy mirror(s) selects the heat pipe utilization device capable of achieving the maximum solar energy utilization efficiency to perform focusing, thereby realizing solar energy tracking, focusing and utilization.",F24S10/95; F24S23/00; F24S50/20,Y02E10/44; Y02E10/47,cited_by:2 | cites:0,2012
194-014-615-302-535,Solar energy photovoltaic technology teaching platform,"The invention discloses a solar energy photovoltaic technology teaching platform which comprises a solar energy photovoltaic material performance testing module, a solar energy photovoltaic function detection module, a solar energy photovoltaic structure design module, a solar energy photovoltaic power generation system assembling module and a wind and solar hybrid power generation demonstration module, wherein the solar energy photovoltaic material testing module and the solar energy photovoltaic function detection module enter into the solar energy photovoltaic power generation system assembling module and the wind and solar hybrid power generation demonstration module through the solar energy photovoltaic structure design module. By the abovementioned means, the solar energy photovoltaic technology teaching platform of the invention is capable of, through testing, analyzing, designing, assembling and demonstrating, carrying out comprehensive experimental training of solar energy photovoltaic technology, raising teaching quality.",G09B23/18,,cited_by:0 | cites:0,2012
076-234-792-894-574,Solar energy culinary art device and frame construction,"The utility model relates to a solar energy culinary art device and frame construction, solar energy culinary art device includes: a solar reflector, the 2nd solar reflector, the ware that keeps of component and solar energy collection component is collected to solar energy, wherein, a solar reflector and the 2nd solar reflector are the concave surface, and the mutual disposition aligns with the component was collected to solar energy axis, every reflector has the motion scope on the plane of the axis of perpendicular to solar energy collection component, and collect the focus radiation of component department at solar energy, when the heating rapidly when opening the position of first and second reflectors, when being in closed position, frame construction protectiveness ground surroundssolar energy and collects the component. Solar energy culinary art device is adjustable and portable.",F24S20/30; F24S23/71; F24S70/30,Y02B40/18; Y02E10/40,cited_by:1 | cites:0,2019
166-116-392-405-052,Solar energy comprehensive utilization system,"The invention discloses a solar energy comprehensive utilization system which comprises a plurality of flow guide pipelines, a solar energy conversion device, a servo device, an energy output device and a medium, wherein the flow guide pipelines are communicated with the solar energy conversion device, the servo device and the energy output device into a circulation loop; the medium is filled in the circulation loop; the solar energy conversion device absorbs solar energy, converts the solar energy into heat energy, heats up the medium in the solar energy conversion device, and enables the medium to be expanded by heating and overflow from the solar energy conversion device, and the overflowing heated medium outputs energy through the energy output device; and the servo device replenishesthe medium which outputs energy through the energy output device into the solar energy conversion device. The solar energy comprehensive utilization system is low in cost and environmentally-friendly, and can output energy in multiple forms.",F24J2/04; F24J2/46; H02K7/18,Y02E10/44,cited_by:1 | cites:0,2011
100-261-915-057-285,Swimming pool solar energy power generation device,"The invention relates to the solar energy utilization technology field and particularly relates to a swimming pool solar energy power generation device. The swimming pool solar energy power generation device comprises a solar energy cell module, wherein the solar energy cell module comprises multiple solar energy cells which are mounted at side faces and/or a bottom portion of a swimming pool, and light energy is converted by the solar energy cells into electric energy. According to the swimming pool solar energy power generation device, solar energy panels are mounted at the side faces and/or the bottom portion of the swimming pool, no extra external space is occupied, and influence on appearance is avoided.",H02S10/00,H02S10/00; Y02E10/50,cited_by:1 | cites:0,2016
049-730-682-118-48X,Solar energy umbrella renting system,"The utility model discloses a solar energy umbrella renting system, system include solar energy umbrella cabinet, solar energy umbrella, internet cloud platform, user terminal, reach internet cloud platform through RF communications and through the solar energy umbrella cabinet on with information between solar energy umbrella cabinet, the solar energy umbrella, communication is used for showing to the solar energy umbrella cabinet two -dimensional code message routing between internet cloud platform and the solar energy umbrella cabinet, communication is used for sweeping the two -dimensionalcode information that yard solar energy umbrella shows cashier's office in a shop between user terminal and the solar energy umbrella cabinet, and communication is used for reaching internet cloud platform in the information of sweeping the sign indicating number between user terminal and the internet cloud platform, and communication is used for sending the cabinet for solar energy umbrella withunlocking instruction between internet cloud platform and the solar energy umbrella cabinet. The utility model discloses the cooperation of well solar energy umbrella and solar energy umbrella cabinet can be used for solar energy umbrella's lease effectively.",G06Q30/06; G07F17/00; H04L29/08,,cited_by:1 | cites:0,2018
077-920-391-054-175,Solar energy photosensitive tracking plate,"The utility model relates to a solar energy photosensitive device, and especially relates to a solar energy photosensitive tracking plate. The solar energy photosensitive tracking plate aims at solving the present problems of low solar energy utilization rate and low lighting efficiency, and to install a solar energy photosensitive tracking plate on the solar energy receiving device; via the tracking plate, the solar energy receiving device can change with movement of sunlight irradiation, can track sun irradiation, and can reach highest receiving of solar light energy. To reach the purpose, a solar energy photosensitive tracking plate is provided, the solar energy photosensitive tracking plate is provided with a light hole cover, the center hole of the light hole cover is facing the central original point of the solar energy photosensitive tracking plate. The solar energy photosensitive tracking plate in the utility model can better control the position of sun irradiation, improving utilization rate of sunshine, the solar energy photosensitive tracking plate also adjusts the angle of a solar energy battery collector, making the solar energy battery collector to form a 90 degree angle with the sun irradiation light at any moment.",G05D3/00,Y02E10/50,cited_by:1 | cites:0,2011
012-283-164-377-110,Solar energy assembly for portable electronic device,"An exemplary solar energy assembly includes a body (10), a solar energy collecting component (20), and a lens module (30). The lens module is movably mounted to the body and is configured for concentrating incident solar radiation onto the solar energy collecting component. The solar energy collecting component is movably mounted to the body and is configured for converting incident solar radiation energy into electrical energy. The solar energy collecting component and the lens module are movable between a first position and a second position. In the first position the lens module, the body, and the solar energy collecting component are stacked on each other. In the second position the solar energy collecting component and the lens module are moved away from the body so as to enable the lens module to concentrate incident solar radiation onto the solar energy collecting component.",H01L31/00; H04B1/38,H02S99/00; H10F77/484; H10F77/488; Y02E10/52; H02S99/00; H10F77/484; H10F77/488; Y02E10/52,cited_by:4 | cites:0,2010
104-578-167-838-588,Solar energy charger and system,"The utility model provides a solar energy charger, relates to the solar energy charging field, and aims to solve the environment pollution problems; the charger comprises a control module, and a solar energy module, a storage battery module, a machinery motor module and a charging module respectively connected with the control module, wherein the solar energy module is also respectively connected with the storage battery module, the machinery motor module and the charging module; the solar energy module is used for receiving solar energy; the machinery motor module is controlled by the control module so as to adjust a reception direction of the solar energy module; the storage battery module is controlled by the control module so as to store the solar energy received by the solar energy module; the charging module is controlled by the control module so as to use the solar energy received by the solar energy module or the power stored in the storage battery module for charging an electric device. The solar energy charger and system fully use and optimize the solar energy charging technology, thus providing energy saving and emission reduction effects.",H02J7/00; H02S40/38,Y02E10/50; Y02E70/30,cited_by:1 | cites:0,2015
014-594-684-899-79X,Self-generating charging device,"The utility model relates to the technical field of solar energy, in particular to a self-power-generation charging device which comprises a supporting column, a plurality of solar receiving pieces, a solar controller, a power storage piece and a charging assembly, the solar receiving pieces are arranged around the supporting column and face different directions, and the solar controller is connected with the power storage piece. The solar energy receiving part is electrically connected with the solar energy controller, the solar energy controller converts received solar energy into electric energy and stores the electric energy into the electric power storage part, and the electric power storage part is also electrically connected with the charging assembly. The solar energy receiving pieces are arranged towards the sun in multiple directions, when the position of the sun changes, the solar energy receiving pieces can still directly face the sun to receive solar energy, and therefore the receiving efficiency of the solar energy is improved.",H02J7/00; H02J7/35; H02S20/00; H05K7/20,,cited_by:0 | cites:0,2022
134-112-545-326-381,System and array for tracking solar energy linearly,"The invention discloses a system and an array for tracking solar energy linearly. In the invention, various solar energy optical mirrors of which the focuses are in a straight line are adopted. In a solar energy tracking process, the solar energy optical mirrors move on an axis of a straight focus line instead of an axis of the bottom line of the conventional solar energy optical mirror, and the focus line is kept still all the time or at rest relative to the ground. In the invention, the structural design that the focus line does not move is adopted, so a heat tube can be applied in heat transfer of the system; and meanwhile, other heavy solar energy-using equipment, such as solar energy photovoltaic generating equipment, a stirling generator and other kinds of large equipment, can be arranged on the focus line, so the solar energy tracing and utilization can be realized by a small drive force. The invention provides an array structure of the system to facilitate massive solar energy utilization, particularly the application of the solar energy in aspects of solar energy thermal power generation, solar energy heating, solar energy cooking, solar energy refrigeration and the like.",F24S50/20,Y02E10/47,cited_by:10 | cites:0,2010
124-911-816-617-358,Air energy heat pump and solar energy complementary energy-saving hot water system,"The utility model relates to an air energy heat pump and solar energy complementary energy-saving hot water system, and belongs to an energy-saving hot water system. The energy-saving hot water system comprises an air energy heat pump, a solar heat accumulator, a solar heat collecting pipe, a solar hot water circulating pipe and a solar hot water heat exchanger. The air energy heat pump and the solar heat accumulator serve as a heat source jointly. When sunlight is insufficient, the energy accumulated by the solar heat accumulator is insufficient, and the air energy heat pump assists in providing energy to meet the heat energy demand of the solar heat collecting pipe. When the sunlight is sufficient, excessive energy is accumulated by the solar heat accumulator, the temperature of heated water in the solar heat collecting pipe is excessively high, the solar hot water heat exchanger and the solar hot water circulating pipe conduct circular heating through residual heat, and the electric energy is saved. According to the air energy heat pump and solar energy complementary energy-saving hot water system, air energy heat pump and solar heat accumulator double-heat-source complementary heating is adopted, and the dependence on the weather of a traditional singular solar water heater is avoided; meanwhile, through the solar hot water heat exchanger and the solar hot water circulating pipe, the energy utilization rate is greatly increased, the electric energy is saved, and waste is reduced.",F24H4/02; F24H9/20; H02S10/00,Y02E10/50,cited_by:0 | cites:0,2015
120-940-605-272-203,SOLAR ENERGY COLLECTOR,Provided is a solar energy collector capable of effectively collecting solar energy. The solar energy collector can comprise: a solar energy collection pipe configured to provide an absorption medium flow path for allowing an energy absorption medium to flow therethrough; and a lens configured to concentrate solar energy on the solar energy collection pipe.,F24S23/30; F24S10/70; F24S23/70; F24S50/00,Y02E10/44; Y02E10/46; F24S23/31; F24S10/70; F24S23/70; F24S50/80,cited_by:1 | cites:0,2019
092-025-547-532-317,Solar greenhouse solar heating intelligent control system,"The utility model discloses an intelligent control system for solar heating of a sunlight greenhouse. The intelligent control system comprises a solar energy collection system, a solar energy collection system, an energy conversion system, a solar energy storage system, a reservoir, an underground water distribution pipe and a temperature collection system, the solar energy collection system is used for collecting solar radiation energy; the solar energy collection system is used for collecting solar radiation energy; the energy conversion system is used for converting solar radiation energy into heat energy; the solar energy storage system is used for storing heat energy and heating water in the reservoir through the heat energy; the reservoir is used for storing hot water heated by the solar energy storage system; the underground water distribution pipe is used for heating soil; the temperature acquisition system is used for acquiring the temperature of water in the reservoir and the temperature of different areas in the sunlight greenhouse. According to the solar greenhouse, effective heating of the solar greenhouse can be achieved through heat stored in the hollow heat collection plate at night and in cloudy and rainy days, and consumption of other energy sources is not needed.",F24S10/10; A01G9/14; A01G9/24; F24S10/50; F24S20/20; F24S50/40; F24S60/30; F24S70/20; F24S80/30,Y02A40/25; Y02E10/44; Y02P60/12,cited_by:1 | cites:0,2021
104-242-335-344-888,Solar energy assembly for portable electronic device,"An exemplary solar energy assembly includes a body ( 10 ), a solar energy collecting component ( 20 ), and a lens module ( 30 ). The lens module is movably mounted to the body and is configured for concentrating incident solar radiation onto the solar energy collecting component. The solar energy collecting component is movably mounted to the body and is configured for converting incident solar radiation energy into electrical energy. The solar energy collecting component and the lens module are movable between a first position and a second position. In the first position the lens module, the body, and the solar energy collecting component are stacked on each other. In the second position the solar energy collecting component and the lens module are moved away from the body so as to enable the lens module to concentrate incident solar radiation onto the solar energy collecting component.",H02N6/00,H02S99/00; H10F77/484; H10F77/488; Y02E10/52; H02S99/00; H10F77/484; H10F77/488; Y02E10/52,cited_by:4 | cites:0,2007
084-806-620-853-216,SOLAR ENERGY ALIGNMENT AND COLLECTION SYSTEM,"<P>PROBLEM TO BE SOLVED: To provide a solar energy alignment and collection system that facilitates tracking and improves the efficiency of collection. <P>SOLUTION: A solar energy alignment and collection system includes at least two solar energy receivers having a central focal point, with each of the at least two solar energy receivers generating an energy output. An actuation system is operatively coupled to the at least two solar energy receivers and is configured and disposed to shift the solar energy receivers along at least one axis. A control system, operatively linked to the solar receivers and the actuation system, senses the energy output of each solar energy receiver and shifts the actuation system along the at least one axis causing solar energy to be directed at the central focal point. When solar energy is directed at the central focal point, the energy output of each solar energy receiver is substantially identical. <P>COPYRIGHT: (C)2011,JPO&INPIT",F24S50/20; H01L31/042; F24S23/00,F24S50/20; H02S20/32; H10F77/42; Y02E10/47; Y02E10/52; Y02E70/30; F24S50/20; G05D3/105; H02S20/32; H10F77/42; Y02E10/47; Y02E10/52,cited_by:0 | cites:0,2011
189-407-717-870-193,Solar energy apparatus and method for receiving solar energy,"The invention discloses a solar energy apparatus and a method for receiving solar energy. The solar energy apparatus includes a first base and a solar energy module pivoted to the first base. The solar energy module includes a first indication device and a second indication device. There is an elevation angle between the first base and the solar energy module, and the first indication device is for indicating light absorption efficiency related to the elevation angle of the solar energy module. Besides, there is an orientation angle between the sunlight and the solar energy module, and the second indication device is for indicating light absorption efficiency related to the orientation angle of the solar energy module.",H01L31/042; G01J1/10,Y02E10/50,cited_by:0 | cites:0,2011
074-533-959-081-231,METHOD OF CONCETRATING SOLAR ENERGY,"A method of concentrating solar energy includes receiving solar energy through a surface of an optically clear shell, guiding the solar energy through a liquid contained in the optically clear shell, folding the solar energy back through the liquid toward a solar receiver, and shifting the solar receiver within the optically clear shell to track the sun, wherein the solar energy collected by the solar receiver is converted into electrical energy.",F24S50/20,H02S20/00; F24S23/12; F24S23/30; F24S23/77; F24S40/55; H02S20/32; H02S40/22; H02S40/425; H10F77/484; H10F77/488; Y02E10/40; Y02E10/52; H02S20/00; F24S23/12; F24S23/30; F24S23/77; F24S40/55; H02S20/32; H02S40/22; H02S40/425; H10F77/484; H10F77/488; Y02E10/40; Y02E10/52,cited_by:0 | cites:0,2012
125-529-184-698-186,Solar-energy battery assembly,"The utility model relates to the technology field of solar-energy battery assembly structures. A solar-energy battery assembly comprises a plurality of solar-energy battery strings packaged by a packaging structure. Solar-energy battery panels are of the same specification and are cut from a complete solar-energy battery panel. The solar-energy battery strings in every solar-energy battery string set are mutually connected in parallel. The solar-energy battery string sets are successively connected in series. Amounts of the solar-energy battery panels in every solar-energy battery string are the same. Amounts of the solar-energy battery string in solar-energy battery string set are the same and are reciprocal of panel-cutting proportion. Compared with conventional assemblies, the solar-energy battery assembly having the same silicon chip amount has the following advantages: the output voltage and current are basically maintained the same; ohm loss generated by current through interconnection strips, series resistance of the whole assembly and nominal operation temperature (NOCT) of the solar-energy battery panels are reduced; peak output power of the assembly is lifted.",H01L31/042; H02S40/34,Y02E10/50,cited_by:5 | cites:0,2013
075-807-386-018-180,Solar energy control system,"A solar energy control system includes a solar energy operated absorption board, a charging battery, and a load. The solar energy operated absorption board is connected to the load via the charging battery. The solar energy control system further includes a monitor device, a first ZigBee module, a second ZigBee module, and a solar energy controller. The monitor device is connected to the first ZigBee module. The second ZigBee module is connected to the solar energy controller. The monitor device controls the solar controller through the first ZigBee module and the seconde ZigBee module by a wireless mode, and sets controlling parameters. The solar energy controller is connected to the charging battery, the solar energy operated absorption board, and the load. The charging battery provides a working voltage to the solar energy controller. The solar energy controller controls the solar energy operated absorption board to charge the charging battery. The solar energy controller controls a voltage for the charging battery providing to the load by detecting a current of the load.",G05F1/10,,cited_by:3 | cites:0,2009
159-337-312-427-16X,A SOLAR POWERED LIGHTING SYSTEM,Abstract A solar powered lighting system includes a solar module adapted to receive solar 5 energy and transform received solar energy into electrical energy and a lighting module. The lighting module is electrically coupled to the solar module and is configurable to emit light using electrical energy generated by the solar module only while the solar module receives solar energy. The solar module and the lighting module are electrically couplable such that light emitted from the lighting module 10 mimics a characteristic of sunlight from which the solar energy is received.,F21S9/00; H01L31/042,F21S9/03; F21S8/024; F21S8/026; F21S8/033; F21S9/04; F21V23/003; F21V23/0442; F21Y2103/10; F21Y2113/13; F21Y2115/10; Y02B10/10; F21S9/032; F21S8/024; F21S8/026; F21S8/033; F21S8/04; F21S9/03; F21S9/04; F21V23/003; F21V23/0442; F21Y2103/10; F21Y2113/13; F21Y2115/10; Y02B10/10,cited_by:0 | cites:0,2017
104-242-919-627-152,Integrated solar energy micro-power rainwater pumping station,"The utility model discloses an integrated solar energy micro-power rainwater pumping station. The rainwater pumping station comprises a solar energy generating module arranged on the ground and a pumping station connected with the solar energy generating module and buried under the ground. The solar energy generating module comprises a solar energy cell panel, a solar energy controller, a solar energy storage battery and a photovoltaic inverter which are in signal connection in sequence. A second switch is arranged between the solar energy controller and the solar energy storage battery, a third switch is arranged between the solar energy storage battery and the photovoltaic inverter, and the solar energy controller is in signal connection with the photovoltaic inverter through a first switch. The beneficial effects of the integrated solar energy micro-power rainwater pumping station are that: the solar energy cell panel generates electric energy, the electric energy is stored in the solar energy storage battery and is employed as the micro-power energy to provide energy needed for working for a DC motor, the on/off of a DC submersible pump is automatically controlled through an electric cabinet and a liquid level float switch, so that accumulated water in city low-lying areas can be introduced into the pumping station and then discharged to rivers or ground which is easy to penetrate, and therefore disasters are reduced.",H02J7/35; E03F5/22,Y02A30/14; Y02E10/56,cited_by:5 | cites:0,2014
108-011-907-683-808,Active-passive solar building energy supply system,"The invention discloses an active-passive solar building energy supply system which comprises an active solar energy utilization module, a passive solar house, a room energy storage and supply module and an air source heat pump. The passive solar house is arranged on the south side of a roof of the functional room, solid energy storage is achieved through a building envelope structure, and heat is supplied to the functional room. A floor of the passive solar house is used for storing solar radiation heat as an evaporation side heat source of the air source heat pump, and the air source heat pump is connected with the active solar energy utilization module to supply heat or cold to the room energy storage and supply module; the room energy storage and supply module is arranged in the functional room; the active solar energy utilization module is used for absorbing solar energy, converting the solar energy into electric energy, conducting electricity-heat conversion and supplying heat or cold to the room energy storage and supply module. The solar energy utilization efficiency is improved through direct solar energy utilization, passive solar energy storage and active solar energy storage.",F24F5/00,F24F5/0046; F24F2005/0064,cited_by:0 | cites:0,2024
155-877-453-892-243,Solar indicating street nameplate,"The utility model relates to a solar energy indicating plate comprising an indicating plate shell (2) and a solar energy photovoltaic electroluminescence device which is composed of a solar energy crystalline silicon battery (1), an electroluminescence sheet (3) and a solar energy charging and discharging processor (4). The solar energy crystalline silicon battery (1) is connected with the solar energy charging and discharging processor (4). The solar energy charging and discharging processor (4) is connected with the electroluminescence sheet (3). The solar energy photovoltaic electroluminescence device which is composed of the solar energy crystalline silicon battery (1), the electroluminescence sheet (3) and the solar energy charging and discharging processor (4) is fixed to the indicating plate shell (2). The utility model has the advantages of environmental protection, energy resource saving, and high brightness.",G09F13/22,,cited_by:0 | cites:0,2002
040-253-818-463-64X,Method of concetrating solar energy,"A method of concentrating solar energy includes receiving solar energy through a surface of an optically clear shell, guiding the solar energy through a liquid contained in the optically clear shell, folding the solar energy back through the liquid toward a solar receiver, and shifting the solar receiver within the optically clear shell to track the sun, wherein the solar energy collected by the solar receiver is converted into electrical energy.",F24S50/20; H01L31/00,H02S20/00; F24S23/12; F24S23/30; F24S23/77; F24S40/55; H02S20/32; H02S40/22; H02S40/425; H10F77/484; H10F77/488; Y02E10/40; Y02E10/52; H02S20/00; F24S23/12; F24S23/30; F24S23/77; F24S40/55; H02S20/32; H02S40/22; H02S40/425; H10F77/484; H10F77/488; Y02E10/40; Y02E10/52,cited_by:5 | cites:0,2013
138-643-404-564-683,Solar-powered air purification system and vehicle,"The utility model discloses an air purification system powered by solar energy and a vehicle, the air purification system comprises a solar energy conversion module used for converting sunlight energy into electric energy, and the solar energy conversion module is in a film shape; the solar energy storage battery is electrically connected with the solar energy conversion module and is used for storing the electric energy converted by the solar energy conversion module; the solar energy conversion module is electrically connected with the solar energy storage battery, the DCDC power supply is independently arranged and electrically connected with the air purification device, and the air purification device is further electrically connected with the solar energy conversion module and the solar energy storage battery; wherein the solar energy conversion module is electrically connected with the air purification device through a first energy supply switch, the solar energy storage battery is electrically connected with the air purification device through a second energy supply switch, and the DCDC power supply is electrically connected with the air purification device through a third energy supply switch; and the first energy supply switch, the second energy supply switch and the third energy supply switch are controlled by the intelligent power supply management module.",B60H3/00; B60R16/02; B60R16/033; H02J7/35,Y02E10/50,cited_by:0 | cites:0,2022
049-585-951-642-231,Solar energy road barrier lamp part assembling method and device and computer storage medium,"The invention belongs to the technical field of solar energy road barrier lamps, and provides a solar energy road barrier lamp part assembling method and device and a computer storage medium. The method comprises the steps of photographing a solar energy road barrier lamp part to be assembled, and generating a solar energy road barrier lamp part picture; obtaining the type of the solar energy roadbarrier lamp; obtaining a solar energy road barrier lamp part template picture database; obtaining the solar energy road barrier lamp part template picture; according to a solar energy road barrier lamp part similarity generation model, the solar energy road barrier lamp part picture and the solar energy road barrier lamp part template picture, generating the solar energy road barrier lamp part similarity; obtaining an assembling website of the solar energy road barrier lamp part template picture corresponding to the maximum tower crane component similarity; obtaining an assembling video of the solar energy road barrier lamp part, and playing the assembling video of the solar energy road barrier lamp part on a screen. The assembling website of the solar energy road barrier lamp part can be directly obtained, and the assembling efficiency of the solar energy road barrier lamp part is improved.",G06F17/30,G06F16/9566; G06F16/532; G06F16/5866; Y02D10/00,cited_by:0 | cites:0,2018
176-747-726-205-602,Combined solar energy cell structure,"The present invention discloses a combined solar energy cell structure. The combined solar energy cell structure includes: a shell, a solar energy cell chip, a thin-membrane solar energy cell and a lens. The solar energy cell chip is set on the bottom of the cell, and the thin-membrane solar energy cell is set around the solar energy cell chip in an obconical form pattern. With a lens set on the opening of the shell, the shell can absorb incident light in any angle to make the incident light centralize on the solar energy cell ship efficiently. With the implementation of the present invention, the setting of the thin-membrane solar energy cell can make the solar energy cell chip increase more area to absorb sunlight, and also absorb the solar energy cell chip's incident light to increase the photoelectric conversion efficiency.",H01L31/052,Y02E10/50,cited_by:0 | cites:0,2013
070-034-855-284-868,Solar heating device,"The utility model relates to a solar heating device which comprises a solar device, an energy conversion system and a water storage device; the solar device comprises a solar power generation polar plate and a solar receiver; the solar power generation polar plate, the energy conversion system and the water storage device are sequentially connected with one another, and the solar receiver is directly connected into the water storage device by a cable; and the solar device provides an energy source, solar energy which is allocated by the energy conversion system can be directly supplied, and electric energy which is converted from solar energy can also be supplied, so that the solar energy and the electric energy can be alternately supplied, and the energy conversion system comprises a storage battery, an electric heater, a constant-temperature control system and heating pipes. The solar heating device has the advantages that the solar power generation polar plate generates electricity, and the storage battery and the solar receiver supply energy alternately, so that the energy source is effectively utilized and saved.",F24D15/00; F24D19/10; F24J2/00; H02S40/44,Y02B10/20; Y02B10/70; Y02E10/40; Y02E10/50; Y02E10/60,cited_by:0 | cites:0,2013
096-447-831-650-631,Solar control system,"The invention relates to a solar energy control system, comprising a solar panel, a rechargeable battery and a load; the solar panel is connected with the load by the rechargeable battery; the solar energy control system further comprises a monitoring device, a first ZigBee module, a second ZigBee module and a solar energy controller; the monitoring device is connected with the first ZigBee module, and the second ZigBee module is connected with the solar energy controller; the monitoring device is used for setting control parameters and carrying out communication for controlling the solar energy controller by the first ZigBee module and the second ZigBee module; the solar energy controller is respectively connected with the rechargeable battery, the solar panel and the load; the rechargeable battery provides working voltage for the solar energy controller, and the solar energy controller controls the solar panel for charging the rechargeable battery, and the solar energy controller controls the rechargeable battery to provide the working voltage of the load by detecting the current condition at the two ends of the load. The solar energy control system controls the solar energy controller in a wireless communication way, thus improving the convenience of the management.",H02J7/00,H02J7/35; H02J7/35,cited_by:2 | cites:0,2009
149-039-736-080-739,Solar energy and air energy drying device,"The invention discloses a solar energy and air energy drying device. The solar energy and air energy drying device aims to combine and fully utilize solar energy and air energy. The solar energy and air energy drying device comprises two independent heat circulation systems. The two independent heat circulation systems can independently work or jointly work. The solar energy and air energy drying device comprises a compressor, an expanding valve, a pipeline, a drying box, a gas-liquid separator, a condenser and an evaporator. The compressor, the expanding valve, the condenser, the gas-liquid separator and the evaporator are connected through a pipeline to from a closed circulation loop. The solar energy and air energy drying device further comprises a solar thermal collector, a dehumidification valve, a solar energy circulatory heating draught fan and an air energy circulatory heating draught fan. The solar thermal collector, the drying box and the solar energy circulatory heating draught fan are connected through a pipeline to form a solar energy heat circulation system. The air energy circulatory heating draught fan, the condenser and the drying box are connected through a pipeline to form an air energy heat circulation system. The solar energy and air energy drying device can reasonably and fully utilize solar energy and air energy, save energy, is free of pollutant emission and achieves a good drying effect. The solar energy and air energy drying device is suitable for pharmacy, food and the like.",F26B9/06; F26B3/28; F26B21/00; F26B25/22,F26B9/06; F26B3/286; F26B21/00; F26B25/22,cited_by:5 | cites:0,2017
179-297-031-692-866,A SOLAR POWERED LIGHTING SYSTEM,Abstract A solar powered lighting system includes a solar module adapted to receive solar 5 energy and transform received solar energy into electrical energy and a lighting module. The lighting module is electrically coupled to the solar module and is configurable to emit light using electrical energy generated by the solar module only while the solar module receives solar energy. The solar module and the lighting module are electrically couplable such that light emitted from the lighting module 10 mimics a characteristic of sunlight from which the solar energy is received.,F21S9/00; H01L31/042,F21S9/03; F21S8/024; F21S8/026; F21S8/033; F21S9/04; F21V23/003; F21V23/0442; F21Y2103/10; F21Y2113/13; F21Y2115/10; Y02B10/10; F21S9/032; F21S8/024; F21S8/026; F21S8/033; F21S8/04; F21S9/03; F21S9/04; F21V23/003; F21V23/0442; F21Y2103/10; F21Y2113/13; F21Y2115/10; Y02B10/10,cited_by:0 | cites:0,2020
073-645-458-244-530,SEPARABLE SOLAR ENERGY STORAGE DEVICE,"A separable solar energy storage device, comprising a solar energy recepti on device, a solar energy conversion circuit, an extension cord for connecting the solar energy reception device and the solar energy conversion circuits and storage batteries connecting to the solar energy conversion circuit, the sol ar energy reception device can be disposed, through connection to the extension cord, at the optimal position for the most efficient reception of solar energy, so as to enable storage batteries to achieve the optimal energy-storage efficiency.",F21S9/03; F21V21/008; H01L31/00; H01L31/02; H01L31/048; H01L31/05; H01L31/058; H02J15/00; H02N3/00,F21S9/032; F21V3/02; F21V21/008; F21W2131/109; H02S40/38; H10F77/935; Y02B10/10; Y02B20/72; Y02E10/50; Y02E70/30; Y10S136/291; Y10S136/293; F21S9/032; F21V3/02; F21V21/008; F21W2131/109; H02S40/38; H10F77/935; Y02B10/10; Y02B20/72; Y02E10/50; Y10S136/291; Y10S136/293,cited_by:0 | cites:0,2004
139-441-790-607-821,Portable solar energy case,"The utility model relates to a portable solar energy case. The case comprises a case body composed of a bottom case and a case cover. A solar energy panel is arranged inside the case body to generate electric energy. The solar energy panel comprises two solar energy panel units which are connected by a hinge. A supporting rod assembly is connected between the solar energy panel and the inner side of the case body to support the solar energy panel and adjust the light collecting angle of the solar energy panel. By placing the solar energy panel in the portable case body and using the hinge to connect the two solar energy panel units, the case successfully stores the large-size solar energy panel in the small-size case body. Besides, the case uses the supporting rod assembly to adjust the light collecting angle of the solar energy panel to obtain more electric energy.",H01L31/042,Y02E10/50,cited_by:6 | cites:0,2013
072-104-949-370-541,A SOLAR ENERGY SYSTEM,"The present disclosure provides a solar energy system that comprises a solar collector for providing energy generated from incident solar radiation. The solar energy system also comprises a first heat exchange system that has an ejector that is arranged to operate using at least a portion of the energy provided by the solar energy collector. Further, the solar energy system comprises a second heat exchange system arranged to operate using energy from an energy source other than a solar energy source. The solar energy system is arranged for transfer of thermal energy between the first heat exchange system and a region, and between the second heat exchange system and the region. The solar energy system is arranged to control a relative contribution of the first and second heat exchange systems to the transfer of the thermal energy.",F24D12/02; F24D11/00; F24D19/10; F24J2/00; F24S90/00,F24S60/30; F01K13/00; F24D11/003; F24D11/0221; F24D17/0015; F24D17/0021; F24D17/02; F24D19/1078; F24D2200/123; F24D2200/14; F24F5/0046; F24F2005/0064; F24S10/00; F24S60/00; F24S60/10; F25B13/00; F25B40/04; F25B2313/003; F25B2313/021; F25B2339/047; F28F2250/08; Y02B10/70; Y02E10/44; F24S60/30; F01K13/00; F24D11/003; F24D11/0221; F24D12/02; F24D17/0015; F24D17/0021; F24D17/02; F24D19/1078; F24D2200/123; F24D2200/14; F24F5/0046; F24F2005/0064; F24S10/00; F24S60/00; F24S60/10; F25B7/00; F25B9/08; F25B13/00; F25B27/002; F25B27/005; F25B40/04; F25B2313/003; F25B2313/021; F25B2339/047; F25B2400/0407; F28F2250/08; Y02B10/20; Y02B10/70; Y02B30/12; Y02E10/44,cited_by:0 | cites:0,2014
169-401-087-931-461,SOLAR ENERGY SYSTEM,"The present disclosure provides a solar energy system that comprises a solar collector for providing energy generated from incident solar radiation. The solar energy system also comprises a first heat exchange system that has an ejector that is arranged to operate using at least a portion of the energy provided by the solar energy collector. Further, the solar energy system comprises a second heat exchange system arranged to operate using energy from an energy source other than a solar energy source. The solar energy system is arranged for transfer of thermal energy between the first heat exchange system and a region, and between the second heat exchange system and the region. The solar energy system is arranged to control a relative contribution of the first and second heat exchange systems to the transfer of the thermal energy.",F24D12/02; F24D17/00; F24F5/00; F24J2/34; F24S90/00,F24S60/30; F01K13/00; F24D11/003; F24D11/0221; F24D17/0015; F24D17/0021; F24D17/02; F24D19/1078; F24D2200/123; F24D2200/14; F24F5/0046; F24F2005/0064; F24S10/00; F24S60/00; F24S60/10; F25B13/00; F25B40/04; F25B2313/003; F25B2313/021; F25B2339/047; F28F2250/08; Y02B10/70; Y02E10/44; F24S60/30; F01K13/00; F24D11/003; F24D11/0221; F24D12/02; F24D17/0015; F24D17/0021; F24D17/02; F24D19/1078; F24D2200/123; F24D2200/14; F24F5/0046; F24F2005/0064; F24S10/00; F24S60/00; F24S60/10; F25B7/00; F25B9/08; F25B13/00; F25B27/002; F25B27/005; F25B40/04; F25B2313/003; F25B2313/021; F25B2339/047; F25B2400/0407; F28F2250/08; Y02B10/20; Y02B10/70; Y02B30/12; Y02E10/44,cited_by:5 | cites:0,2015
086-519-647-059-355,Solar energy generating device,"The invention discloses a solar energy generating device comprising a solar energy plate unit, a locating device and a clockwork. The solar energy plate unit is provided with a light-gathering component and a solar energy battery, the light-gathering component enables the sunlight to focus on the solar energy battery; the angle of the solar energy plate unit is adjusted by the locating device according to the latitude of the solar energy generating device and the date; the clockwork drives the solar energy plate unit to rotate following the sun, and the rotation speed is consistent with the travel rate of the sun so that the light-gathering component aims at the sun persistently. The invention also provides a portable solar energy generating device consisting of a global positioning system which can sense the latitude of the solar energy battery so as to adjust the angle of the solar energy plate unit.",F24S50/20; G05D3/00; H02S20/32,Y02E10/47; Y02E10/50,cited_by:4 | cites:0,2009
000-575-062-859-468,Solar automobile,"The utility model provides a solar automobile. The solar automobile comprises an automobile body, a solar battery, an electrical energy storage device and power device, wherein the solar battery converts solar energy into direct-current electrical energy and is arranged on a casing of the automobile body; the electrical energy storage device is used for storing the direct-current electrical energy and connected with the solar battery through a charging-discharging controller which is used for controlling the solar energy to charge for the electrical energy storage device and controlling the electrical energy storage device to charge or discharge; and the power device is used for driving the automobile body and connected with the charging-discharging controller. According to the solar automobile, the solar battery can absorb solar energy continuously when the sun is visible and converts the absorbed solar energy into electrical energy, the electrical energy is stored in the electrical energy storage device and provides power for the automobile, and the solar automobile is free from noises and pollution, capable of achieving zero release and environment-friendly.",B60L8/00,Y02T10/7072,cited_by:0 | cites:0,2013
035-918-301-524-57X,Solar energy system,"The present disclosure provides a solar energy system that comprises a solar collector for providing energy generated from incident solar radiation. The solar energy system also comprises a first heat exchange system that has an ejector that is arranged to operate using at least a portion of the energy provided by the solar energy collector. Further, the solar energy system comprises a second heat exchange system arranged to operate using energy from an energy source other than a solar energy source. The solar energy system is arranged for transfer of thermal energy between the first heat exchange system and a region, and between the second heat exchange system and the region. The solar energy system is arranged to control a relative contribution of the first and second heat exchange systems to the transfer of the thermal energy.",F25B27/00; F01K13/00; F24D11/00; F24D11/02; F24D12/02; F24D17/00; F24D17/02; F24D19/10; F24F5/00; F24S10/00; F24S60/00; F24S90/00; F25B7/00; F25B9/08; F25B13/00; F25B40/04,F24S60/30; F01K13/00; F24D11/003; F24D11/0221; F24D17/0015; F24D17/0021; F24D17/02; F24D19/1078; F24D2200/123; F24D2200/14; F24F5/0046; F24F2005/0064; F24S10/00; F24S60/00; F24S60/10; F25B13/00; F25B40/04; F25B2313/003; F25B2313/021; F25B2339/047; F28F2250/08; Y02B10/70; Y02E10/44; F24S60/30; F01K13/00; F24D11/003; F24D11/0221; F24D12/02; F24D17/0015; F24D17/0021; F24D17/02; F24D19/1078; F24D2200/123; F24D2200/14; F24F5/0046; F24F2005/0064; F24S10/00; F24S60/00; F24S60/10; F25B7/00; F25B9/08; F25B13/00; F25B27/002; F25B27/005; F25B40/04; F25B2313/003; F25B2313/021; F25B2339/047; F25B2400/0407; F28F2250/08; Y02B10/20; Y02B10/70; Y02B30/12; Y02E10/44,cited_by:8 | cites:0,2018
185-160-422-574-330,Solar energy battery pack protection device,"The utility model belongs to the technical field of solar energy utilization equipment and relates to a solar energy battery pack, in particular to a solar energy battery pack protection device. The solar energy battery pack protection device overcomes the defects of short service life and the like of the solar energy battery packs in the existing technology. The solar energy battery pack protection device comprises a base plate for fixing solar energy battery packs and is characterized in that the base plate is provided with a transparent protection plate above the solar energy battery pack by a detachable structure. Compared with the existing technology, the solar energy battery pack protection device has the advantages of reasonable design, simple structure and lower production cost and can effectively protect the solar energy battery pack and prolong the service life of the solar energy battery pack.",H01L31/02; H02S30/00,Y02E10/50,cited_by:0 | cites:0,2011
159-868-101-509-408,A SOLAR ENERGY SYSTEM,"The present disclosure provides a solar energy system that comprises a solar collector for providing energy generated from incident solar radiation. The solar energy system also comprises a first heat exchange system that has an ejector that is arranged to operate using at least a portion of the energy provided by the solar energy collector. Further, the solar energy system comprises a second heat exchange system arranged to operate using energy from an energy source other than a solar energy source. The solar energy system is arranged for transfer of thermal energy between the first heat exchange system and a region, and between the second heat exchange system and the region. The solar energy system is arranged to control a relative contribution of the first and second heat exchange systems to the transfer of the thermal energy.",F24D12/02; F24D11/00; F24D19/10; F24J2/00; F24S90/00,F24S60/30; F01K13/00; F24D11/003; F24D11/0221; F24D17/0015; F24D17/0021; F24D17/02; F24D19/1078; F24D2200/123; F24D2200/14; F24F5/0046; F24F2005/0064; F24S10/00; F24S60/00; F24S60/10; F25B13/00; F25B40/04; F25B2313/003; F25B2313/021; F25B2339/047; F28F2250/08; Y02B10/70; Y02E10/44; F24S60/30; F01K13/00; F24D11/003; F24D11/0221; F24D12/02; F24D17/0015; F24D17/0021; F24D17/02; F24D19/1078; F24D2200/123; F24D2200/14; F24F5/0046; F24F2005/0064; F24S10/00; F24S60/00; F24S60/10; F25B7/00; F25B9/08; F25B13/00; F25B27/002; F25B27/005; F25B40/04; F25B2313/003; F25B2313/021; F25B2339/047; F25B2400/0407; F28F2250/08; Y02B10/20; Y02B10/70; Y02B30/12; Y02E10/44,cited_by:3 | cites:0,2013
199-222-360-256-28X,A SOLAR POWERED LIGHTING SYSTEM,Abstract A solar powered lighting system includes a solar module adapted to receive solar 5 energy and transform received solar energy into electrical energy and a lighting module. The lighting module is electrically coupled to the solar module and is configurable to emit light using electrical energy generated by the solar module only while the solar module receives solar energy. The solar module and the lighting module are electrically couplable such that light emitted from the lighting module 10 mimics a characteristic of sunlight from which the solar energy is received.,F21S9/00; H01L31/042,F21S9/03; F21S8/024; F21S8/026; F21S8/033; F21S9/04; F21V23/003; F21V23/0442; F21Y2103/10; F21Y2113/13; F21Y2115/10; Y02B10/10; F21S9/032; F21S8/024; F21S8/026; F21S8/033; F21S8/04; F21S9/03; F21S9/04; F21V23/003; F21V23/0442; F21Y2103/10; F21Y2113/13; F21Y2115/10; Y02B10/10,cited_by:0 | cites:0,2019
025-001-781-107-232,Efficient household solar energy storage equipment,"An efficient household solar energy storage device disclosed by the present invention comprises a function box and a solar energy collection structure, the function box is connected with the solar energy collection structure through an adjusting structure, and the solar energy collection structure comprises a function column, a plurality of groups of unfolding structures and a plurality of solar panels. The unfolding structure can unfold and store the multiple solar panels, the solar energy storage device has an electric energy conversion function, a circulating water heating function, a storage function and a light collection function, the storage function of the solar panels is achieved, the angle can be changed according to the position of the sun, sunlight is reflected, collected and then reflected, and the solar panels can be stored in the solar energy storage device. Solar energy is converted into electric energy and heat energy, the utilization efficiency of the solar energy is maximized, and economic benefits are greatly improved.",H02S20/32; F24S25/70; F24S30/425; H02S40/22; H02S40/38; H02S40/44,H02S20/32; F24S25/70; F24S30/425; H02S40/22; H02S40/38; H02S40/44,cited_by:0 | cites:0,2024
024-879-252-239-095,Solar thermal wind power generation system combing light voltage technology,"The invention relates to a solar chimney power generation system combining the photovoltaic technology, comprising a solar chimney and a solar thermal collector, wherein, the ceiling of the solar thermal collector is stuck with a thin film solar PV panel; or the bottom surface of the solar thermal collector is paved with the solar panel. The thin film solar PV panel stuck on the ceiling of the solar thermal collector is non-light tight. The solar panel paved on the bottom surface of the solar thermal collector is an ordinary monocrystalline silicon solar PV panel. The system can take full advantage of the light energy and the heat energy of the solar energy, after the solar panel converts the light energy of the solar energy into the electrical energy, the remaining solar energy is used for heating the air entering the solar thermal collector in the form of heat energy; the PV panel can be cooled perfectly to guarantee the efficiency and the generated output of the PV power generation system; the system raises the rate of utilization of the solar chimney power generation system on the solar energy and raises the generating efficiency of the solar chimney power generation system by about 30 percents.",F03D9/25; F03D9/37; H02S10/12,Y02E10/46; Y02E10/50; Y02E10/72,cited_by:9 | cites:0,2008
074-245-878-587-015,A SOLAR POWERED LIGHTING SYSTEM,A solar powered lighting system includes a solar module adapted to receive solar energy and transform received solar energy into electrical energy and a lighting module. The lighting module is electrically coupled to the solar module and is configurable to emit light using electrical energy generated by the solar module only while the solar module receives solar energy. The solar module and the lighting module are electrically couplable such that light emitted from the lighting module mimics a characteristic of sunlight from which the solar energy is received.,F21S11/00; F21S9/03; F21V9/02; F21V21/02,F21S9/03; F21S8/024; F21S8/026; F21S8/033; F21S9/04; F21V23/003; F21V23/0442; F21Y2103/10; F21Y2113/13; F21Y2115/10; Y02B10/10; F21S9/032; F21S8/024; F21S8/026; F21S8/033; F21S8/04; F21S9/03; F21S9/04; F21V23/003; F21V23/0442; F21Y2103/10; F21Y2113/13; F21Y2115/10; Y02B10/10,cited_by:0 | cites:0,2013
001-305-345-922-726,SOLAR ENERGY POWER GENERATION SYSTEM,"Disclosed is a solar energy power generation system capable of effectively collecting solar energy resulting in high electricity generation efficiency. The solar energy power generation system includes a solar energy collector configured to collect solar heat and to convert an energy absorption medium into a gaseous state, a steam turbine configured to generate kinetic energy using the energy absorption medium in the gaseous state generated in the solar energy collector, a generator configured to convert the kinetic energy generated in the steam turbine into electric energy, a condenser configured to cool the energy absorption medium in the gaseous state discharged from the steam turbine into a liquid state, and a circulation pump configured to pump the energy absorption medium in the liquid state cooled by the condenser toward the solar energy collector. The solar energy collector includes a solar energy collection pipe having an absorption medium flow path for allowing the energy absorption medium to flow therethrough, and at least one lens configured to concentrate solar energy on the solar energy collection pipe.",F03G6/06; F01K13/00; F22B1/00,F01K7/16; F01K13/006; F22B1/006; Y02E10/46; F03G6/061; F03G6/065; F03G6/067; F03G6/071; F03G6/071; F03G6/061; F03G6/065; F01K7/16; F01K13/006; F03G6/067; F22B1/006,cited_by:6 | cites:0,2019
065-398-161-654-111,A SOLAR POWERED LIGHTING SYSTEM,Abstract A solar powered lighting system includes a solar module adapted to receive solar 5 energy and transform received solar energy into electrical energy and a lighting module. The lighting module is electrically coupled to the solar module and is configurable to emit light using electrical energy generated by the solar module only while the solar module receives solar energy. The solar module and the lighting module are electrically couplable such that light emitted from the lighting module 10 mimics a characteristic of sunlight from which the solar energy is received.,F21S9/00; H01L31/042,F21S9/03; F21S8/024; F21S8/026; F21S8/033; F21S9/04; F21V23/003; F21V23/0442; F21Y2103/10; F21Y2113/13; F21Y2115/10; Y02B10/10; F21S9/032; F21S8/024; F21S8/026; F21S8/033; F21S8/04; F21S9/03; F21S9/04; F21V23/003; F21V23/0442; F21Y2103/10; F21Y2113/13; F21Y2115/10; Y02B10/10,cited_by:0 | cites:0,2016
150-411-595-552-475,Solar energy building,"The invention discloses a solar energy building. The solar energy building comprises a wall framework, an inclined roof, a solar energy thermal conductive balcony and a solar energy thermal conductive wall, and is characterized in that the rear wall and the side faces of a framework building body and the outer walls of the balcony are designed to be the solar energy thermal conductive wall, the solar energy thermal conductive inclined roof, a thermal conductive box of a thermal conductive and insulation hollow wall body which is made of solar energy thermal conductive materials and formed by the rear wall, and matched hollow glass French doors and windows. The solar energy building is a solar energy building roof of an existing building and is warm in winter and cool in summer, all-around solar energy thermal conductivity is achieved, and the solar energy building is economical, environmentally friendly and sanitary, and is a happy home in the future.",E04H1/00; E04B1/74; E04B2/00; E04B7/18; E04D13/18,Y02B10/20,cited_by:1 | cites:0,2014
172-389-839-043-811,Vehicle-mounted solar energy power station,"The utility model provides a vehicle-mounted solar energy power station, and relates to a solar energy platform. The vehicle-mounted solar energy power station is composed of a vehicle body (6), a solar energy plate body, a lifting plate (4) and supporting columns. The solar energy plate body is arranged on a tail part of the vehicle body (6). The solar energy plate body is composed of multiple solar energy plate single bodies (1) which are then connected together via connecting sheets (7). Finally, the solar energy plate single bodies (1) are stretched out and drawn back via expansion devices (9) so that an objective of utilizing the vehicle-mounted solar energy platform to store energy is achieved. The vehicle-mounted solar energy power station is high in practicality, relatively convenient to install and maintain, and relatively convenient to operate so that problems that exiting solar energy platforms are poor in mobility and poor in manipulability of the solar energy plate single bodies are effectively solved, mobility of the solar energy platform is greatly enhanced and thus energy storage is more rapid and effective.",H02S10/40; H02S20/30; H02S30/20,Y02E10/50,cited_by:2 | cites:0,2014
036-696-083-062-260,Solar energy ring and two-wheel vehicle with solar energy ring,"The utility model provides a solar energy ring and a two-wheel vehicle with the solar energy ring. The solar energy ring is characterized by comprising a luminescence ring and a solar energy panel. The solar energy panel is connected with the luminescence ring through a cable. The two-wheel vehicle with the solar energy ring is characterized in that the solar energy ring is installed on hubs of the two-wheel vehicle. The solar energy ring and the two-wheel vehicle with the solar energy ring have the advantages that recognizability of pedestrians and other vehicles on the two-wheel vehicle with the solar energy ring when a driver drives at night is improved, safety of the vehicle and safety of the pedestrians and safety of other vehicles are improved, besides, structure is simple, and change is convenient.",F21S9/02; F21S9/03; F21V23/00; F21Y115/10,,cited_by:0 | cites:0,2013
136-808-610-602-513,SOLAR ENERGY POWER GENERATION SYSTEM,"Disclosed is a solar energy power generation system capable of efficiently collecting solar energy and generating electricity. The system includes a solar energy collector configured to collect solar heat and to convert an energy absorption medium into a gaseous state. A steam turbine generates kinetic energy using the energy absorption medium in the gaseous state and a generator configured to convert the kinetic energy into electric energy. A condenser cools the energy absorption medium in the gaseous state discharged from the steam turbine into a liquid state, and a circulation pump pumps the energy absorption medium in the liquid state cooled by the condenser toward the solar energy collector. The solar energy collector includes a solar energy collection pipe having an absorption medium flow path for allowing the energy absorption medium to flow therethrough, and at least one lens configured to concentrate solar energy on the solar energy collection pipe.",F03G6/06,F01K7/16; F01K13/006; F22B1/006; Y02E10/46; F03G6/061; F03G6/065; F03G6/067; F03G6/071; F03G6/071; F03G6/061; F03G6/065; F01K7/16; F01K13/006; F03G6/067; F22B1/006,cited_by:0 | cites:0,2019
077-112-262-413-64X,Solar controller,"The utility model provides a solar controller is applied to solar car and carries air conditioning system. Solar car carries air conditioning system and includes solar cell panel, energy storage battery, air conditioner and solar energy tracking means. Solar cell panel with the energy storage battery electricity is connected. Energy storage battery with the air conditioner electricity is connected. Solar energy tracking means with solar cell panel connects. Solar controller with energy storage battery solar energy tracking means and automobile storage battery electricity are connected. This solar controller can control solar car and carry among the air conditioning system solar cell panel to state and the control energy storage battery and the power supply condition of automobile storage battery to the air conditioner that energy storage battery charges, guarantees solar car year air conditioning system's work safety.",H02J7/35; G05D3/12; H02J7/00,,cited_by:2 | cites:0,2016
193-619-875-945-241,High-efficiency solar integrated conversion method,"The invention relates to a high-efficiency solar integrated conversion method. The high-efficiency solar integrated conversion method comprises the following steps of S1, selecting a solar integrated board; S2, welding pins to the solar integrated board; S3, packaging by adopting a high-temperature-resistant glass material to obtain primary solar energy collection particles; S4, carrying out pin cutting treatment on the packaged primary solar energy collection particle pins to obtain solar energy collection particles; S5, installing and combining the solar energy collection particles and a circuit board to obtain a solar energy collection device; and S6, performing solar power generation by using the solar energy collection device. According to the high-efficiency solar energy integrated conversion method, when a single high-efficiency solar energy integrated conversion device is damaged, the single high-efficiency solar energy integrated conversion device can be replaced, the maintenance cost is reduced, light rays are focused by adopting the plurality of solar energy collection particles, and the utilization rate of solar energy is increased.",F24S20/20; F24S23/70; F24S70/10; F24S70/60,F24S20/20; F24S23/70; F24S70/10; F24S70/60; Y02E10/40,cited_by:0 | cites:0,2021
081-011-970-975-194,Solar energy music fountain,"The utility model provides a solar energy music fountain which comprises a water pump and a control circuit. The characteristics of the solar energy music fountain are as follows: the control circuit is composed of an inductive switch, a monostable delay circuit, a music circuit and a relay control circuit; a power supply is composed of a solar energy battery panel, a solar energy controller and a storage battery; the solar energy battery panel is connected with the solar energy controller, and the solar energy controller is connected with the storage battery, the control circuit and the water pump. Under the irradiation of sunshine in the daytime, the solar energy battery panel supplies power for the music fountain by the solar energy controller and charges the storage battery at the same time; in the nighttime, the storage battery supplies power for the music fountain by the solar energy controller; the solar energy music fountain adopts inexhaustible solar energy and can be opened to the public at any time; the solar energy music fountain sprays water when people come and can be automatically closed in 60 seconds after people leave.",B05B17/08; B05B12/02,,cited_by:6 | cites:0,2009
127-373-378-561-174,Curtain,"The invention discloses a curtain. The curtain is characterized in that a curtain body 1 is connected with a solar energy storage battery 2, a solar energy storage battery 3 and a solar energy storagebattery 4, the solar energy storage battery 3 is connected with a solar lamp bulb 5, the solar energy storage battery 4 is connected with a solar lamp bulb 6, and the solar energy storage battery 2 is connected with a solar lamp bulb 7. The curtain which is provided with solar lamps for decoration is provided.",A47H23/00,A47H23/00; A47H2023/003; A47H2023/006,cited_by:0 | cites:0,2018
188-781-124-993-466,Solar luggage case,"The utility model discloses a solar luggage case. A solar cell is arranged on the luggage case; the solar cell absorbs the solar energy and transforms the solar energy into electrical energy and then the electrical energy is output to an electric drive vehicle; the solar energy is inexhaustible; and the use of the solar energy can greatly save the limit resources such as petroleum, coal and the like, and the solar energy is clean and renewable resource and conforms to the survival needs of human beings of being dependent on the renewable resources in future and realizing sustainable development.",B62J9/00,Y02E10/50,cited_by:1 | cites:0,2009
090-065-007-261-329,Separatable solar power accumulator,"The utility model relates to a separable solar power accumulator which comprises a solar energy receiver, a solar energy converting circuit and an accumulator which is connected with the solar energy converting circuit. The utility model is provided with an extension line which is connected with the solar energy receiver and the solar energy converting circuit. The solar energy receiver can select the effective set position to absorb the solar energy by the connection of the extension line, and therefore, the accumulator can reach the optimum electricity storage effect.",F21L4/00,Y02E10/50,cited_by:0 | cites:0,2003
197-376-808-681-460,A SOLAR ENERGY SYSTEM,The present disclosure provides a solar energy system that comprises a solar collector for providing energy generated from incident solar radiation. The solar energy system also comprises a first heat exchange system that has an ejector that is arranged to operate using at least a portion of the energy provided by the solar energy collector. Further the solar energy system comprises a second heat exchange system arranged to operate using energy from an energy source other than a solar energy source. The solar energy system is arranged for transfer of thermal energy between the first heat exchange system and a region and between the second heat exchange system and the region. The solar energy system is arranged to control a relative contribution of the first and second heat exchange systems to the transfer of the thermal energy.,F24D12/02; F24D11/00; F24D19/10; F24S90/00,F24S60/30; F01K13/00; F24D11/003; F24D11/0221; F24D17/0015; F24D17/0021; F24D17/02; F24D19/1078; F24D2200/123; F24D2200/14; F24F5/0046; F24F2005/0064; F24S10/00; F24S60/00; F24S60/10; F25B13/00; F25B40/04; F25B2313/003; F25B2313/021; F25B2339/047; F28F2250/08; Y02B10/70; Y02E10/44; F24S60/30; F01K13/00; F24D11/003; F24D11/0221; F24D12/02; F24D17/0015; F24D17/0021; F24D17/02; F24D19/1078; F24D2200/123; F24D2200/14; F24F5/0046; F24F2005/0064; F24S10/00; F24S60/00; F24S60/10; F25B7/00; F25B9/08; F25B13/00; F25B27/002; F25B27/005; F25B40/04; F25B2313/003; F25B2313/021; F25B2339/047; F25B2400/0407; F28F2250/08; Y02B10/20; Y02B10/70; Y02B30/12; Y02E10/44,cited_by:0 | cites:0,2015
114-798-470-125-748,A solar energy system,"The present disclosure provides a solar energy system that comprises a solar collector for providing energy generated from incident solar radiation. The solar energy system also comprises a first heat exchange system that has an ejector that is arranged to operate using at least a portion of the energy provided by the solar energy collector. Further, the solar energy system comprises a second heat exchange system arranged to operate using energy from an energy source other than a solar energy source. The solar energy system is arranged for transfer of thermal energy between the first heat exchange system and a region, and between the second heat exchange system and the region. The solar energy system is arranged to control a relative contribution of the first and second heat exchange systems to the transfer of the thermal energy.",F24D12/02; F24D11/00; F24D19/10; F24J2/00; F24S90/00,F24S60/30; F01K13/00; F24D11/003; F24D11/0221; F24D17/0015; F24D17/0021; F24D17/02; F24D19/1078; F24D2200/123; F24D2200/14; F24F5/0046; F24F2005/0064; F24S10/00; F24S60/00; F24S60/10; F25B13/00; F25B40/04; F25B2313/003; F25B2313/021; F25B2339/047; F28F2250/08; Y02B10/70; Y02E10/44; F24S60/30; F01K13/00; F24D11/003; F24D11/0221; F24D12/02; F24D17/0015; F24D17/0021; F24D17/02; F24D19/1078; F24D2200/123; F24D2200/14; F24F5/0046; F24F2005/0064; F24S10/00; F24S60/00; F24S60/10; F25B7/00; F25B9/08; F25B13/00; F25B27/002; F25B27/005; F25B40/04; F25B2313/003; F25B2313/021; F25B2339/047; F25B2400/0407; F28F2250/08; Y02B10/20; Y02B10/70; Y02B30/12; Y02E10/44,cited_by:4 | cites:0,2015
051-929-994-139-423,A solar energy system,"The present disclosure provides a solar energy system that comprises a solar collector for providing energy generated from incident solar radiation. The solar energy system also comprises a first heat exchange system that has an ejector that is arranged to operate using at least a portion of the energy provided by the solar energy collector. Further, the solar energy system comprises a second heat exchange system arranged to operate using energy from an energy source other than a solar energy source. The solar energy system is arranged for transfer of thermal energy between the first heat exchange system and a region, and between the second heat exchange system and the region. The solar energy system is arranged to control a relative contribution of the first and second heat exchange systems to the transfer of the thermal energy.",F24D11/00; F24D12/02; F24D19/10; F24J2/00; F24S90/00,F24S60/30; F01K13/00; F24D11/003; F24D11/0221; F24D17/0015; F24D17/0021; F24D17/02; F24D19/1078; F24D2200/123; F24D2200/14; F24F5/0046; F24F2005/0064; F24S10/00; F24S60/00; F24S60/10; F25B13/00; F25B40/04; F25B2313/003; F25B2313/021; F25B2339/047; F28F2250/08; Y02B10/70; Y02E10/44; F24S60/30; F01K13/00; F24D11/003; F24D11/0221; F24D12/02; F24D17/0015; F24D17/0021; F24D17/02; F24D19/1078; F24D2200/123; F24D2200/14; F24F5/0046; F24F2005/0064; F24S10/00; F24S60/00; F24S60/10; F25B7/00; F25B9/08; F25B13/00; F25B27/002; F25B27/005; F25B40/04; F25B2313/003; F25B2313/021; F25B2339/047; F25B2400/0407; F28F2250/08; Y02B10/20; Y02B10/70; Y02B30/12; Y02E10/44,cited_by:0 | cites:0,2017
025-704-669-163-200,Green energy center energy-saving remote control system and method,"The invention relates to the technical field of energy monitoring, and discloses an energy-saving remote control system and method for a green energy center, and the system comprises a solar energy acquisition state collection module, a solar energy acquisition direction regulation and control module, and a solar energy use control module. By accurately establishing a solar energy adjustment starting time sequence, time-sharing autonomous control of solar green energy is realized, and the efficiency of solar green energy collection operation is improved; a set lighting angle set of the solar equipment is established, so that the illumination angle of the solar equipment is adaptively adjusted and controlled, and the solar green energy utilization effect is improved; the specific time optimal illumination intensity of the solar equipment is quantitatively fed back by collecting the illumination intensity, and intelligent collection and utilization of solar green energy are achieved.",G05D3/12,G05D3/12,cited_by:1 | cites:0,2024
107-649-698-860-682,SOLAR POWERED LIGHTING SYSTEM,A solar powered lighting system includes a solar module adapted to receive solar energy and transform received solar energy into electrical energy and a lighting module. The lighting module is electrically coupled to the solar module and is configurable to emit light using electrical energy generated by the solar module only while the solar module receives solar energy. The solar module and the lighting module are electrically couplable such that light emitted from the lighting module mimics a characteristic of sunlight from which the solar energy is received.,F21S9/03; F21S8/00; F21S8/04; F21V23/00,F21S9/03; F21S8/024; F21S8/026; F21S8/033; F21S9/04; F21V23/003; F21V23/0442; F21Y2103/10; F21Y2113/13; F21Y2115/10; Y02B10/10; F21S9/032; F21S8/024; F21S8/026; F21S8/033; F21S8/04; F21S9/03; F21S9/04; F21V23/003; F21V23/0442; F21Y2103/10; F21Y2113/13; F21Y2115/10; Y02B10/10,cited_by:9 | cites:0,2015
148-499-299-488-664,Combined light storage barbecue device,"The utility model provides a combined light storage barbecue device which comprises a supporting assembly, a solar power generation assembly, a solar energy storage assembly, an electric energy heating assembly, a fuel heating assembly and an electric energy lighting assembly, an installation space is formed in the supporting assembly, and the solar power generation assembly is installed in the supporting assembly. The solar power generation assembly absorbs solar energy and generates power, the solar energy storage assembly is installed in the supporting and assembling assembly and connected with the solar power generation assembly, the solar energy storage assembly stores electric energy output by the solar power generation assembly, and the electric energy heating assembly is installed in the supporting and assembling assembly and connected with the solar energy storage assembly. The solar energy storage assembly supplies power to the electric energy heating assembly, the electric energy heating assembly provides a barbecue heat source, the fuel heating assembly is installed in the supporting and assembling assembly, the fuel heating assembly provides a barbecue heat source, the electric energy lighting assembly is connected with the solar energy storage assembly, and the solar energy storage assembly supplies power to the electric energy lighting assembly.",F21S9/03; F21V33/00; F21Y115/10; H02J7/35; H05B3/00,,cited_by:0 | cites:0,2021
193-760-027-372-308,Solar energy collection apparatus containing a porous metal absorber plate,"The present invention offers improved absorber plates for solar energy collectors, improved cover glazings for solar energy collectors, improved concentrating solar energy collectors, and solar energy collection methods that use one or more of the improved solar energy collectors for useful residential, commercial, and industrial applications. The improved absorber plate solar energy collectors utilize a porous metal to improve solar radiant absorption collection and utilization, the improved concentrating solar energy collectors are Fresnel lens faced ducts of various geometries that enable efficient axial length solar energy collection, and the improved cover glazings utilize transparent front and back faces with other improvements to enable increased solar radiant energy collection per unit front face cover area of solar collector.",F24J2/50; F24J2/28; F24J2/05; F24J2/08; H01L31/0525,F24J2/28; F24J2/05; F24J2/085; H01L31/058,cited_by:0 | cites:0,2015
105-371-782-608-918,Whole room of scalding of solar energy clothing,"The utility model relates to a whole room of scalding of solar energy clothing, including whole room, solar photovoltaic board, solar water heater, solar photovoltaic dc -to -ac converter, solar energy energy storage cabinet, the steam iron of scalding, solar photovoltaic board and solar water heater have been placed to whole top of scalding the room, it goes out hot water dragon water injection well choke to install solar water heater in the whole boiling hot room, the solar photovoltaic dc -to -ac converter is connected to the solar photovoltaic board, solar energy energy storage cabinet is connected to the solar photovoltaic dc -to -ac converter, solar energy energy storage cabinet is supplied power for steam iron, water among the steam iron is taken solar water heater and is gone out the hot water on the hot water dragon water injection well choke, the utility model relates to a whole room of scalding of solar energy clothing, all equipment energy source in solar energy, it is energy -concerving and environment -protective, belong to an environment -friendly building.",D06F73/00; D06C15/00,,cited_by:0 | cites:0,2016
082-617-767-096-939,A solar energy system,"The present disclosure provides a solar energy system that comprises a solar collector for providing energy generated from incident solar radiation. The solar energy system also comprises a first heat exchange system that has an ejector that is arranged to operate using at least a portion of the energy provided by the solar energy collector. Further, the solar energy system comprises a second heat exchange system arranged to operate using energy from an energy source other than a solar energy source. The solar energy system is arranged for transfer of thermal energy between the first heat exchange system and a region, and between the second heat exchange system and the region. The solar energy system is arranged to control a relative contribution of the first and second heat exchange systems to the transfer of the thermal energy.",F24D11/00; F24D12/02; F24D19/10; F24J2/00; F24S90/00,F24S60/30; F01K13/00; F24D11/003; F24D11/0221; F24D17/0015; F24D17/0021; F24D17/02; F24D19/1078; F24D2200/123; F24D2200/14; F24F5/0046; F24F2005/0064; F24S10/00; F24S60/00; F24S60/10; F25B13/00; F25B40/04; F25B2313/003; F25B2313/021; F25B2339/047; F28F2250/08; Y02B10/70; Y02E10/44; F24S60/30; F01K13/00; F24D11/003; F24D11/0221; F24D12/02; F24D17/0015; F24D17/0021; F24D17/02; F24D19/1078; F24D2200/123; F24D2200/14; F24F5/0046; F24F2005/0064; F24S10/00; F24S60/00; F24S60/10; F25B7/00; F25B9/08; F25B13/00; F25B27/002; F25B27/005; F25B40/04; F25B2313/003; F25B2313/021; F25B2339/047; F25B2400/0407; F28F2250/08; Y02B10/20; Y02B10/70; Y02B30/12; Y02E10/44,cited_by:0 | cites:0,2014
039-973-734-718-174,Solar energy spotlight unit and solar energy component,"The utility model relates to a solar energy spotlight unit and solar energy component belongs to solar energy component and makes technical field. Solar energy spotlight unit includes front bezel glass, front bezel glass cover solar energy chip electricity generation rete front bezel glass goes up, corresponds the position of solar energy chip electricity generation rete has the spotlight arch, the incident light is gatherd to the spotlight arch on the solar energy chip electricity generation rete. Solar energy component includes chip glass, solar energy chip electricity generation rete and front bezel glass at least, the setting of solar energy chip electricity generation rete is on chip glass, the front bezel covers on the solar energy chip electricity generation rete front bezel glass goes up, corresponds the position of solar energy chip electricity generation rete is provided with the spotlight arch, the incident light is gatherd to the spotlight arch on the light -permeable solarenergy chip electricity generation rete. The utility model provides high solar energy component's generated energy, the practicality is strong.",H02S40/22; H02S20/26,Y02B10/10; Y02E10/52,cited_by:1 | cites:0,2019
170-062-483-191-743,SOLAR ENERGY COLLECTORS AND METHODS FOR SOLAR ENERGY SYSTEMS,"The present invention offers improved absorber plates for solar energy collectors, improved cover glazings for solar energy collectors, improved concentrating solar energy collectors, and solar energy collection methods that use one or more of the improved solar energy collectors for useful residential, commercial, and industrial applications. The improved absorber plate solar energy collectors utilize a porous metal to improve solar radiant absorption collection and utilization, the improved concentrating solar energy collectors are Fresnel lens faced ducts of various geometries that enable efficient axial length solar energy collection, and the improved cover glazings utilize transparent front and back faces with other improvements to enable increased solar radiant energy collection per unit front face cover area of solar collector.",F24S10/30; F24S10/40; F24S10/70; F24S10/80; F24S23/30; F24S90/00,F24S10/80; F24S10/72; F24S23/31; F24S70/12; F24S2080/503; Y02B10/20; Y02E10/44; Y02E10/50; Y02E10/60; Y02P80/20; F24S10/80; F24S10/30; F24S10/40; F24S10/70; F24S10/72; F24S23/31; F24S70/12; F24S2080/503; H02S40/44; Y02B10/20; Y02E10/44; Y02P80/20,cited_by:0 | cites:0,2015
025-571-722-317-357,Solar energy flashlight,"The utility model discloses a solar energy flashlight. The solar energy flashlight comprises a flexible solar energy module, an installation tube is fixed on the flexible solar energy module, one end of the installation tube is provided with an LED lamp, the installation tube is internally provided with a button cell, the other end of the installation tube is equipped with a controller, and the controller, the button cell, the LED lamp, and the flexible solar energy module are electrically connected. In the solar energy flashlight of the utility model, the installation tube is connected with the flexible solar energy module through soft fabrics. When the solar energy flashlight in the utility model is in use, the flexible solar energy module is unfolded to receive solar energy and generate electricity, electricity is accumulated through the button cell, after a certain electric quantity is accumulated, the flexible solar energy module is coiled outside the installation tube, thereby forming a cylindrical flashlight, and the LED lamp is turned on through the controller. Compared with a flashlight in the prior art, the solar energy flashlight has the advantages of being simple in structure, being capable of utilizing solar energy as an energy source, being low in cost, and being environmentally friendly.",H02J7/00; F21L4/08; F21Y115/10,,cited_by:0 | cites:0,2013
067-154-675-890-666,SOLAR ENERGY COLLECTION APPARATUS CONTAINING A POROUS METAL ABSORBER PLATE,"The present invention offers improved absorber plates for solar energy collectors, improved cover glazings for solar energy collectors, improved concentrating solar energy collectors, and solar energy collection methods that use one or more of the improved solar energy collectors for useful residential, commercial, and industrial applications. The improved absorber plate solar energy collectors utilize a porous metal to improve solar radiant absorption collection and utilization, the improved concentrating solar energy collectors are Fresnel lens faced ducts of various geometries that enable efficient axial length solar energy collection, and the improved cover glazings utilize transparent front and back faces with other improvements to enable increased solar radiant energy collection per unit front face cover area of solar collector.",F24S10/30; F24S10/40; F24S10/70; F24S10/80; F24S23/30; F24S90/00,F24S10/80; F24S10/72; F24S23/31; F24S70/12; F24S2080/503; Y02B10/20; Y02E10/44; Y02E10/50; Y02E10/60; Y02P80/20; F24S10/80; F24S10/30; F24S10/40; F24S10/70; F24S10/72; F24S23/31; F24S70/12; F24S2080/503; H02S40/44; Y02B10/20; Y02E10/44; Y02P80/20,cited_by:2 | cites:0,2015
036-751-962-588-794,Solar energy synergy energy storage system,"Disclosed is a solar energy synergy energy storage system. The system comprises a solar energy module, a photovoltaic inverter, a first diverter switch, an energy storage device, a second diverter switch, a DC converter, a third diverter switch and a control host. In case of solar radiation, multiple solar panels of the solar energy module can charge the energy storage device through output minimal electric power and, after the energy storage device is charged to a certain degree, outputs electric energy stored by the energy storage device and the minimal electric power output by the multiple solar panels of the solar energy module together to the photovoltaic inverter so as to enable the photovoltaic inverter to provide optimum solar electric energy conversion efficiency in case of a low solar irradiation state and enable the solar energy module to be operated on a greatest power output point.",H02S10/20; H02J3/40,Y02E10/56; Y02E70/30,cited_by:1 | cites:0,2015
123-682-470-686-627,Solar charge pal,"The invention discloses a solar charge pal, comprising a solar receiver, a solar energy converter and a storage battery, wherein the solar receiver is connected to the solar energy converter, and thesolar energy converter is connected to the storage battery; the solar receiver is configured to absorb solar energy and transfer the absorbed solar energy to the solar energy converter; a direct plug-in charge pal interface is further arranged on one side of the charge pal, and directly connected to the storage battery. Through the direct plug-in charge pal interface, the charge pal can be chargedoutdoors by means of solar energy, or charged indoors by means of civil electricity, and a tempered film is provided to protect the solar receiver.",H02J7/35; H02J7/00,H02J7/35; H02J7/00; H02J7/70; H02J7/80,cited_by:0 | cites:0,2019
073-843-430-305-511,Dual-source wind-solar complementary power generator,"A dual-source wind-solar complementary power generator, a wind-solar power generation system utilizing wind energy and solar energy, is used to generate power by utilizing wind energy and solar energy, to provide ventilation for buildings and to service as a power generator on a solar building or a power source in other systems. The dual-source wind-solar complementary power generator comprises a power generating device (11), external blades (2), internal blades (4), an external blade arm (3), a body (5), a shaft (6), a fan bearing seat (9), a photoelectric device and the like. The dual-source wind-solar complementary power generator realizes reuse of wind energy and solar energy, generates power by utilizing wind energy and solar energy, and converts solar energy into air kinetic energy to provide power and ventilation for buildings. In addition, the photoelectric device of solar cell panels added in the dual-source wind-solar complementary power generator can assist in generating power, and convey wind energy and solar energy to and convert wind energy and solar energy for a building power generator and a ventilation and air conditioning system of a building.",F03D9/00; F03D3/00; F03D3/06; H02S10/12,Y02B10/10; Y02B10/30; Y02B10/70; Y02E10/50; Y02E10/74,cited_by:0 | cites:0,2011
090-589-068-429-073,Air can supplementary solar thermal energy pump,"The utility model provides a supplementary solar thermal energy pump of air, solar thermal energy pump include inlet tube, outlet pipe, battery, solar panel controller, solar thermal energy pump shell, base, solar panel, solar panel pillar, inlet tube and outlet pipe insert inside the solar thermal energy pump shell, solar thermal energy pump shell bottom is equipped with a base, solar thermal energy pump shell upper end is equipped with a solar panel pillar, solar panel of its top connection, solar panel passes through a conductor jointing battery and solar panel controller. Fortune menstruation helps the conventional air conditioner of sex ratio and reaches energy -conserving mesh well, can combine apparent utilization ratio and the economy that lands and improved the solar energy system with providing hot water in freeze summer winter heating and other seasons with a set of solar thermal energy pump air conditioning system.",F25B30/06,,cited_by:1 | cites:0,2015
034-982-878-846-899,Solar energy component and solar energy curtain,"The utility model belongs to the technical field of solar energy power generation, a solar energy component and solar energy curtain is disclosed. This solar energy component includes light -transmitting substrate, fixed frame, solar energy power generation curtain subassembly and expandes the motor that fixed frame is connected with light -transmitting substrate, solar energy power generation curtain subassembly includes the sunshade screen and sets up the photovoltaic module on the sunshade screen surface that solar energy power generation curtain subassembly is fixed on fixed frame, expandthe motor setting on fixed frame to be connected with solar energy power generation curtain subassembly, be used for expanding the sunshade screen. This solar energy component is connected through fixed frame solar energy power generation curtain subassembly with light -transmitting substrate for solar energy power generation curtain subassembly is not direct to contact with light -transmitting substrate, avoids solar energy power generation curtain subassembly to undertake the various loads that the light -transmitting substrate transmission was come, has played the effect to the protection of solar energy power generation curtain subassembly, and then the life of extension solar energy power generation curtain subassembly.",E04B2/88; E04D13/18; H02S20/22; H02S20/26,Y02B10/10; Y02E10/50,cited_by:1 | cites:0,2019
014-740-156-996-628,Solar energy electroplax of granary cooling,"The utility model discloses a belong to solar energy electroplax field, concretely relates to a solar energy electroplax of granary cooling. Specifically provide a solar energy electroplax of granarycooling, including solar energy electroplax chunk, its characterized in that still includes: adjustable foot rest is used for adjusting the support apart from the height on granary roof, is located onthe granary roof, the support is used for supporting solar energy electroplax chunk, cup joints with adjustable foot rest, solar energy electroplax chunk, solar energy collection and shelter from sundirect irradiation for the granary inlays in the support, the ridge tile shelters from the sunshine of granary roof top, fixed solar energy electroplax chunk and waterproof, with solar energy electroplax chunk lock joint, the electric energy that comes from solar energy electroplax chunk with the transmission is collected to the electricity box, is connected with solar energy electroplax chunk electricity.",H02S20/30; F24S30/00; H02S20/25; H02S40/42,Y02B10/10; Y02E10/47; Y02E10/50,cited_by:0 | cites:0,2018
157-711-086-122-820,"Solar energy collection device, and natural energy efficient collection, storage and application system","The utility model relates to a solar energy collection device, and a natural energy efficient collection, storage and application system. The solar energy collection device comprises a fixed support (1) and a plurality of solar energy collectors (2), wherein a follow-up support (3) is hinged with the fixed support (1); the solar energy collectors (2) are rotatably installed on the follow-up support (3) respectively. The natural energy efficient collection, storage and application system comprises the solar energy collection device, a heat energy storage and application device and a cold energy storage and application device. According to the solar energy collection device, and the natural energy efficient collection, storage and application system disclosed by the utility model, the solar energy collection device is used to collect solar energy in a follow-up tracking manner, thereby efficiently collecting solar energy to the maximum degree; the natural energy efficient collection, storage and application system is used to perform all-around collection, storage and systematic application upon natural energies, such as solar energy, and also can be used to collect solar energy and natural cold energies and store the same with use of a storage device before the solar energy and the natural cold energies are applied.",F24J2/34; F24J2/40; F24S50/20,Y02E10/47,cited_by:3 | cites:0,2014
162-256-444-904-080,Solar power forecasting using mixture of probabilistic principal component analyzers,"A method for solar forecasting includes receiving a plurality of solar energy data as a function of time of day at a first time, forecasting from the solar energy data a mode, where the mode is a sunny day, a cloudy day, or an overcast day, and the forecast predicts the mode for a next solar energy datum, receiving the next solar energy datum, updating a probability distribution function (pdf) of the next solar energy datum given the mode, updating a pdf of the mode for the next solar energy datum from the updated pdf of the new solar energy datum given the mode, forecasting a plurality of future unobserved solar energy data from the updated pdf of the mode, where the plurality of future unobserved solar energy data and the plurality of solar energy data have a Gaussian distribution for a given mode determined from training data.",G01W1/10; G01W1/12; G06F17/18; G06N7/00; G06Q10/04; G06Q50/06,G01W1/10; G01W1/12; G06F17/18; G06N7/01; G06Q10/04; G06Q50/06; G01W1/10; G01W1/12; G06F17/18; G06N7/01; G06Q10/04; G06Q50/06,cited_by:9 | cites:0,2019
084-146-905-182-259,Electronic device having transformation of solar energy,"An electronic device having transformation of solar energy is provided. The electronic device includes a first body, a solar energy plate, a slidable rail and a pivot. The first body has a sliding slot and a receiving space. The sliding slot is disposed in the inner of the first body. The solar energy plate has a solar energy receiving region and a pivot part. The solar energy receiving region is used for receiving solar energy and transforming the solar energy into electric energy so as to provide the electric energy to the electronic device. The solar energy plate is accommodated in the receiving space through an opening. The slidable rail is disposed in the sliding slot. The pivot is connected to the pivot part and sildable rail so that the solar energy plate is rotatable with respect to the slidable rail.",G06F1/26; H01L31/042,Y02E10/50,cited_by:2 | cites:0,2010
076-731-107-780-307,Solar energy Stirling engine device,"The invention discloses a solar energy Stirling engine device, comprising a cylinder with a hot cavity and a cold cavity, wherein the hot cavity is a solar collecting vacuum tube, or is communicated with the solar energy collecting vacuum tube to absorb solar energy to heat the working medium by the solar collecting vacuum tube. The solar energy Stirling engine device utilizes renewable solar energy as the energy source of the engine, does not have waste gas emission and is environmentally friendly; the solar energy collecting vacuum tube is used as the hot cavity and a hot source acquiring device simultaneously, thus simplifying the device and being convenient to control; the invention is applied in solar energy generation; the solar energy Stirling engine device greatly reduces generation cost, provides hot water when the engine works, and has simple equipment and high solar energy utilization ratio.",F03G6/06; F02G1/043,Y02E10/46,cited_by:10 | cites:0,2009
020-087-537-491-875,Energy-saving floor radiation heating system allowing air-energy heat pump and solar energy to be mutually complemented,"The utility model relates to an energy-saving floor radiation heating system allowing an air-energy heat pump and solar energy to be mutually complemented, and belongs to the technical field of energy-saving floor radiation heating. The energy-saving floor radiation heating system comprises the air-energy heat pump, a solar heat accumulator, a solar heat collection tube, a solar hot water circulating tube and a solar hot water heat exchanger, wherein the air-energy heat pump and the solar heat accumulator jointly serve as heat sources. When sunlight is insufficient, energy accumulated by the solar heat accumulator is insufficient, and the air-energy heat pump assists in supplying energy to satisfy the heat energy requirement of the solar heat collection tube. When the sunlight is sufficient, the energy accumulated by the solar heat accumulator is too much, the temperature of heated water in the solar heat collection tube is too high, the solar hot water heat exchanger and the solar hot water circulating tube utilize excess heat for cyclic heating, and therefore electric energy is saved. According to the energy-saving floor radiation heating system, the air-energy heat pump and the solar heat accumulator are adopted as the two heat sources for complementary heating, and therefore the dependence on weather by a traditional simplex solar water heater is avoided; meanwhile, as the solar hot water heat exchanger and the solar hot water circulating tube are arranged, the energy utilization rate is greatly increased, the electric energy is saved, and waste is reduced.",F24D15/04,,cited_by:2 | cites:0,2015
125-778-177-967-605,Solar energy storage device,"The utility model provides a solar energy storage device. The solar energy storage device comprises a solar energy storage device body, the solar energy storage device body comprises a battery and a solar panel, and the solar panel is matched with the battery; the installation frame is arranged on the solar energy storage device body, the installation frame and the solar panel are connected with a ventilation pipe, and the ventilation pipe is arranged on the solar energy storage device body; the ventilation fan is arranged in the ventilation pipe; and the heat dissipation fins are arranged in the solar energy storage device body, and the heat dissipation fins are communicated with the ventilation pipe. The solar energy storage device provided by the utility model is better in heat dissipation effect, so that the failure rate is reduced, meanwhile, the solar panel is convenient to clean, and the energy storage efficiency is improved.",H02S40/38; H01M10/46; H01M10/48; H01M10/613; H01M10/655; H01M10/6551; H01M10/6554; H01M10/6556; H01M10/6563; H01M10/6568; H02S40/10; H02S40/42,Y02E10/50,cited_by:0 | cites:0,2023
054-232-880-376-649,SOLAR ENERGY ALIGNMENT AND COLLECTION SYSTEM,"PROBLEM TO BE SOLVED: To provide a solar energy alignment and collection system which facilitates tracking and increases collection efficiency.SOLUTION: A solar energy alignment and collection system includes at least two solar energy receivers having a central focal point, each receiver generating an energy output based on received light energy; an actuation system operatively coupled to the at least two solar energy receivers, the actuation system being configured and disposed to shift the solar energy receivers along at least one axis; and a control system operatively linked to the solar energy receivers and the actuation system, the control system sensing the energy output of each of the solar energy receivers and shifting the actuation system along the at least one axis, causing solar energy to be directed at the central focal point. When the solar energy is directed at the central focal point, the energy output of each of the solar energy receivers is substantially identical.",F24S50/20; H02S10/00; F24S23/00; H02S20/32,F24S50/20; H02S20/32; H10F77/42; Y02E10/47; Y02E10/52; Y02E70/30; F24S50/20; G05D3/105; H02S20/32; H10F77/42; Y02E10/47; Y02E10/52,cited_by:1 | cites:0,2015
127-927-691-420-708,Solar seat cushion,"The invention discloses a solar seat cushion taking solar energy as an energy source. The solar seat cushion comprises a support device, a solar energy utilization device and a soft seat cushion body, wherein the solar energy utilization device is arranged in the support device. Preferably, the side length of the top face of a prism frustum support is identical with that of a prism support, and heat retaining panels are inlaid on the side faces of the prism support. The solar seat cushion has the advantages that solar panels absorb solar energy and convert the solar energy into electric energy, and then the electric energy is converted into heat energy to enable the seat cushion to keep warm to a certain degree, thus, the solar seat cushion can be used by the elderly conveniently.",A47C3/16; A47C7/24; A47C7/62; A47C7/74,,cited_by:0 | cites:0,2016
028-637-661-181-836,Tandem solar energy cell array device for high altitude balloon,"The invention discloses a tandem solar energy cell array device for a high-altitude balloon. The tandem solar energy cell array device for the high-altitude balloon comprises a high-altitude balloon body, a pod, a solar energy cell array and an adjusting mechanism. The pod is arrange at the lower part of the high-altitude balloon body, the solar energy cell array is connected with the pod, and theadjusting mechanism is arranged on the pod and is used for controlling a structural state of the solar energy cell array. The solar energy cell array comprises a plurality of solar energy subarrays formed by solar energy power generation plates, and the solar energy subarrays are arranged in series through connecting assemblies. According to the tandem solar energy cell array device for the high-altitude balloon, the requirement on the strength of a frame of a solar energy power generation panel device can be reduced to reduce the weight, and the maximization of solar energy power collected in different time periods can be realized.",B64B1/40; H02S20/30,Y02E10/50,cited_by:3 | cites:0,2019
020-227-921-193-321,Wind-energy solar-energy charging station,"The utility model discloses a wind-energy solar-energy charging station. The technology aims to provide the wind-energy solar-energy charging station which can be used for generating electricity by simultaneously applying wind energy and solar energy. The wind-energy solar-energy charging station comprises a solar-energy battery board, wherein the solar-energy battery board is connected with a charging electrode of a battery, a discharging electrode of the battery is connected with an external charging interface, and the charging electrode of the battery is also connected with a wind-power generator set. The wind-energy solar-energy charging station can be used for charging by fully utilizing solar energy and light energy, has high electricity-generating efficiency and is applicable to being applied to the charging of electric-energy automobiles.",H02J7/00,,cited_by:0 | cites:0,2011
041-647-844-627-976,Focus solar converter,"The utility model discloses a light-collecting type solar energy converting device in order to solve the problem that the prior common solar-energy panel photoelectric converting device has low converting efficiency, comprising a solar energy panel and a accumulator device, the solar energy panel is connected with the center of a paraboloidal solar-energy receiving face through a solar-energy conversion connection tube, the paraboloidal solar-energy receiving face is connected with the accumulator device through a connection tube, a water storage device is connected between the back of the paraboloidal solar-energy receiving face and the solar-energy panel through a water tube, another water tube is also arranged between the front of the paraboloidal solar-energy receiving face and the back of solar energy panel, the utility model is characterized in that: a. when using the same size of solar energy panel, more energy can be obtained by the method of collecting light, the converting efficiency is high; b. solar energy panel can collect the energy generated by semi-conductor temperature difference to the accumulator device while adopting the cooling to lower temperature; c. hot water generated by the utility model is available.",G02B17/00; G02B27/40; H02S30/10; H02S30/20; H02S40/22; H02S40/38; H02S40/44,Y02E10/50; Y02E10/60; Y02E70/30,cited_by:2 | cites:0,2007
129-121-212-191-988,Highly-effective laminate solar battery and method for making same,"The invention relates to a high-effect laminated solar-energy battery and a relative production, which can improve the utilization of solar energy and the photoelectric conversion efficiency of solar-energy battery, belonging to the solar-energy battery and production technical field. The invention is composed of a top solar-energy battery and a transparent battery of bottom solar-energy battery which are adhered via sealing glue, or the top and bottom share one glass baseboard, wherein the top solar-energy battery is leaded out a couple of electrodes, and the bottom solar-energy battery is leaded out another couple of electrodes, to form a laminated solar-energy battery with four terminal structures. The invention can realize the best match of solar-energy battery, to improve the photoelectric conversion efficiency of solar-energy battery, and improve the quality and property of solar-energy battery. The invention can effectively resolve the problems of single solar-energy battery as narrow spectrum adsorption range and low light adsorption utilization efficiency, to effectively improve the spectrum adsorption of solar-energy battery and improve the photoelectric conversion efficiency, while the photoelectric conversion efficiency can reach 25-30%.",H01L31/0725; H01L31/0749; H01L31/18,Y02E10/541; Y02P70/50,cited_by:15 | cites:0,2008
005-476-785-457-890,PORTABLE SOLAR ENERGY SUPPLYING DEVICE,"A portable solar energy supplying device includes a body, a solar energy board, a secondary battery, a charging circuit, and a control unit. The body has a receiving space. The solar energy board is received in the receiving space, and receives solar energy and converts the solar energy into electrical power when the solar energy board is unfolded outside of the receiving space. The charging circuit is electrically connected with the solar energy board for receiving the electrical power converted by the solar energy board to charge the secondary battery. The control unit is electrically connected to the secondary battery for adjusting the output voltage of the secondary battery for an application system. Thereby, the goals of charging and supplying solar energy are achieved. The occupied space is reduced, it is convenient for the user to carry it, and the solar energy board is protected.",H02N6/00; H01M10/46,H01M10/465; H01M10/052; H02J7/35; H02S30/20; H02S99/00; Y02E10/50; Y02E60/10; H02J7/35; H01M10/052; H01M10/465; H02S30/20; H02S99/00; Y02E60/10,cited_by:26 | cites:0,2009
092-210-715-066-891,SOLAR PHOTOVOLTAIC POWER GENERATION SYSTEM,"The present invention relates to a solar energy generation system having a solar energy module monitoring function considering external environmental factors. According to an embodiment of the present invention, the solar energy generation system having a solar energy module monitoring function considering external environmental factors comprises: a determining unit for determining at least one solar energy module included in solar energy array - the determining unit determines if a voltage value of a target solar energy module included in the solar energy array is a first standard value or less, and if the voltage value of the target solar energy module is the first standard value or less, it is determined if the voltage value of the target solar energy module is a total average value or less, and if the voltage value of the target solar energy module is the total average value or less, it is determined that the target solar energy module has an error; and a standard value setting unit for setting the first standard value considering external environmental factors.",G01R31/34; H02S50/00,Y02E10/50; H02S50/10; G01R19/16542; G01R19/1659; G01R31/40; H02S40/38; H10F19/00; Y02E10/56,cited_by:7 | cites:0,2014
100-316-028-930-653,Solar assembly with a device for heating water and associated method,"The method involves receiving solar energy at a receiving position, and transferring a part of the received solar energy to water by heating the water at a transfer position that is removably arranged from the receiving position. The solar energy is transported in the form of light waves from the receiving position to the transfer position. The solar energy is focused and/or directed before transporting the energy to the water. The focused solar energy is dispersed for transfer of the energy to the water, where the solar energy heats an energy transfer unit contacted by the water. An independent claim is also included for a device for heating water by solar energy.",F24S23/00,F24S23/12; Y02E10/40,cited_by:0 | cites:0,2011
014-953-311-236-047,SOLAR ENERGY HARVESTING SYSTEM,"Disclosed is a solar energy harvesting system comprising: a solar radiation redirecting layer, comprising an array of features with a sub millimetre scale, adapted to redirect solar radiation having a predetermined range of wavelengths; a solar radiation guiding layer for guiding solar radiation; wherein the system further comprises solar energy harvesting means adapted to convert solar energy into electric energy; where the solar radiation redirecting layer, redirects solar radiation with the predetermined range of wavelengths, towards the solar energy harvesting means. By providing the system with a solar radiation redirecting layer, a part of the solar radiation incident on the system is refracted with different angle allowing the refracted solar radiation to be guided within the solar radiation guiding layer towards the solar energy harvesting means. By using the solar radiation redirection layer to redirect the solar radiation, solar energy harvesting means having a smaller area can be used.",H01L31/05; E06B9/00; F24S23/00,E06B9/24; E06B2009/2417; E06B2009/2476; H10F77/484; H10F77/488; Y02B10/20; Y02E10/52,cited_by:0 | cites:0,2011
080-153-997-324-102,Solar Energy Concentrator,"A solar energy concentrator has a solar panel comprising a plurality of solar cells, a solar energy concentrating plate including a plurality of concentrating elements, each of the concentrating elements corresponding to one solar cell, and a supporting member supporting the solar panel and the solar energy concentrating plate. The solar energy concentrating plate concentrates sunbeams to the solar panel.",H02N6/00,H02S40/38; H10F77/484; Y02E10/52; Y02E70/30; H02S40/38; H10F77/484; Y02E10/52,cited_by:12 | cites:0,2008
019-839-464-952-581,Solar energy device and electronic device employing the same,A solar energy device ( 100 ) for an electronic device includes a solar energy collecting component ( 10 ) and a lens module ( 20 ). The solar energy collecting component has a first surface ( 105 ) and a second surface. The lens module is rotatably mounted relative to the solar energy collecting component. The lens module is configured to concentrate incident solar radiation onto the first surface of the solar energy collecting component. The solar energy collecting component is for converting incident solar radiation energy to electrical energy. The lens module is movable between a first position in which the lens module is spaced from the first surface of the solar energy collecting component so as to concentrate incident solar radiation onto the first surface and a second position in which the lens module abuts the second surface so as to reduce overall volume of the solar energy device.,H02N6/00,H04M19/08; H10F77/484; H10F77/488; Y02E10/52; H04M19/08; H10F77/484; H10F77/488; Y02E10/52,cited_by:0 | cites:0,2006
137-681-035-667-265,Solar street lamp,"The utility model discloses a solar street lamp, its structure includes bracing piece, street lamp chimney, LED lamp, bent type connecting rod, dead lever, lamp post, round base, accumulator case, street lamp controller, solar device, small -size connecting rod, the utility model relates to a solar street lamp, the structural solar device that is equipped with, the upper surface of bracing piece welds with solar device's lower surface mutually, when the sun appears, solar device through on the solar street lamp absorbs solar energy, on projecting the solar energy absorber plate through glass apron with the sunlight, become the electric energy through the solar energy absorber plate with solar energy conversion, give the street lamp through the solar energy connecting pipe with its power transfer, it is difficult to run off can to protect the messenger with the heat energy in the sunlight through the solar energy heat preservation, thereby let the solar energy absorber plate can absorbmore solar energy, thereby it rates higherly to reach energy utilization, the effect that power consumption is comparatively little.",F21S9/03; F21V15/04; F21V23/00; F21W131/103; F21Y115/10,Y02B20/72,cited_by:0 | cites:0,2018
096-139-599-050-10X,Signal enhancement equipment for solar photovoltaic power generation based on nanotechnology,"The invention discloses signal enhancement equipment for solar photovoltaic power generation based on nanotechnology in the technical field of space solar power generation; the equipment comprises a microwave tower for solar radiation energy and alternating-current batteries, each solar alternating-current battery is of a hexagonal prism structure, and the prism surface of each solar alternating-current battery is fixedly provided with a solar panel. The solar panel adopts single silicon and gallium elements as carriers and is used for receiving solar energy and converting solar radiation energy into electric energy by utilizing a photoelectric effect, a plurality of groups of solar alternating-current batteries are mutually spliced to form a honeycomb solar alternating-current battery array, the microwave tower for solar radiation energy comprises a microwave antenna. The ways of receiving solar radiation energy by the solar cell panel are increased, so that the solar radiation energy received by the solar cell panel in unit time is increased, and the energy efficiency of solar power generation is improved.",H02S40/22,H02S40/22; Y02E10/52,cited_by:0 | cites:0,2021
035-424-463-759-312,Disconnect -type solar lamp pole,"The utility model discloses a disconnect -type solar lamp pole, choose the arm including solar energy electric power storage district, solar panel light energy transition zone and lamp holder, solar energy electric power storage district, solar panel light energy transition zone all are the cuboid form, and the cross -section of solar energy electric power storage district, solar panel light energy transition zone is the cross -section length of side that the cross -section length of side square and solar panel light energy transition zone is less than solar energy electric power storage district, the installation of solar energy electric power storage district perpendicular to the ground, solar panel light energy transition zone is installed at the top in solar energy electric power storage district, and the lamp holder is chosen the arm and is installed at the top of solar panel light energy transition zone, and the terminal installation street lamp of arm is chosen to the lamp holder. The utility model discloses the light energy transition zone uses solar panel vertically method, keeps the virtual value that the solar energy maximum area shines, really accomplishes not have thedead angle, and the solar panel of perpendicular installation prevents effectively that the condition of snow under the adverse circumstances such as sleet sky, ponding from taking place.",F21S9/03; F21V21/14; F21V33/00; F21W131/103,Y02B20/72,cited_by:0 | cites:0,2018
105-733-029-209-963,Pillar connecting device,"A pillar connecting device relates to the solar cloth field and is characterized by comprising a solar cloth and a first solar polished section arranged on the solar polished section; wherein the solar cloth is provided with solar polished sections used for absorbing solar energy and generating energy, and the first solar polished section is used for absorbing solar energy and generating energy.",H02S40/00,Y02E10/50,cited_by:0 | cites:0,2009
197-336-986-872-730,SOLAR POWER FORECASTING USING MIXTURE OF PROBABILISTIC PRINCIPAL COMPONENT ANALYZERS,"A method for solar forecasting includes receiving a plurality of solar energy data as a function of time of day at a first time, forecasting (620) from the solar energy data a mode, where the mode is a sunny day, a cloudy day, or an overcast day, and the forecast predicts the mode for a next solar energy datum, receiving (622) the next solar energy datum, updating a probability distribution function (pdf) of the next solar energy datum given the mode, updating a pdf of the mode for the next solar energy datum from the updated pdf of the new solar energy datum given the mode, forecasting (624, 626) a plurality of future unobserved solar energy data from the updated pdf of the mode, where the plurality of future unobserved solar energy data and the plurality of solar energy data have a Gaussian distribution for a given mode determined from training data.",G01W1/10; G01W1/12; G06F17/18; G06Q10/04,G01W1/10; G01W1/12; G06F17/18; G06N7/01; G06Q10/04; G06Q50/06; G01W1/10; G01W1/12; G06F17/18; G06N7/01; G06Q10/04; G06Q50/06,cited_by:6 | cites:0,2016
088-401-401-442-177,Solar energy collecting transmitter capable of automatically tracking sun,"The invention discloses a solar energy collecting transmitter capable of automatically tracking the sun, namely a curved-surface heliostat. The solar energy collecting transmitter comprises a solar energy collecting device and a solar energy transmitting device, wherein the solar energy collecting device is provided with a first automatic tracking-correcting device for automatically tracking the sun direction; and the solar energy transmitting device is provided with a second automatic tracking-correcting device for adjusting the angle of a reflective mirror. According to the solar energy collecting transmitter, sunlight is collected through a big concave mirror and a small concave mirror and can be transmitted distantly through the reflective mirror and a transmitting cavity; the solar energy collecting device and the solar energy transmitting device are respectively provided with the tracking-correcting device, the rotation of a motor is controlled through a sensor, a processor or a photoresistor, and a relay respectively, the motor can be used for changing the directions of the solar energy collecting device and the solar energy transmitting device through a driving device, and therefore, the solar energy collecting transmitter can be wholly aligned to the sun in real time so as to collect sunlight; and the collected sunlight is transmitted distantly through the solar energy transmitting device, and light energy can be supplied for a tower type solar energy collecting device.",G05D3/00,,cited_by:4 | cites:0,2013
032-356-937-163-57X,Improved type solar energy circuit device,"The utility model discloses an improved type solar energy circuit device which comprises a solar energy plate and a rechargeable battery, wherein, the solar energy plate uses solar energy for providing electricity, and the rechargeable battery receives the electricity of the solar energy plate. The utility model is characterized in that the drain electrode and the source electrode of a metal oxide semiconductor field-effect transistor (MOSFET) are respectively electrically connected with the solar energy plate and the rechargeable battery, and a diode of the MOSFET is antrorsely connected between the solar energy plate and the rechargeable battery. When the solar energy plate is not used for charging, current of the rechargeable battery is prevented from flowing to the solar energy plate.",H02J7/35,,cited_by:1 | cites:0,2003
186-852-552-120-568,New energy in transportation industry,"The invention relates to the technical field of solar thermal power, in particular to solar thermal power applied to the transportation industry. For building a solar energy heat accumulation station, a solar energy heat accumulation warehouse and a light-catching and heat-accumulating work system circuit are required, wherein the light-catching and heat-accumulating work system circuit comprises a light-catching mechanism, a heat exchanger, a reversing valve, a high-temperature connecting valve and a solar energy mobile heat reservoir. Heat energy is stored in the solar energy mobile heat reservoir or the heat accumulation warehouse. Standby heat energy is stored in the solar energy heat accumulation warehouse. Heat energy is transferred into the solar energy mobile heat reservoir through another heat energy transfer work system circuit, so as to produce solar energy mobile energy. The solar energy mobile heat reservoir and a steam engine inside a cylinder are adopted for combined use, and the solar energy mobile heat reservoir provides a heat source to the steam engine inside the cylinder. The steam engine inside the cylinder is used as power for automobiles, and a plurality of solar energy mobile heat reservoirs can be mounted on the chassis of an automobile for alternative use. The solar energy heat accumulation stations can be built at more places on the two sides of a road, so as to replace and mount solar energy mobile heat reservoirs at any time, and the solar energy mobile heat reservoirs serve as new energy in transportation industry.",F24J2/34; F03G6/06; F24J2/46; F24S10/30,Y02E10/44; Y02E10/46; Y02P80/20,cited_by:0 | cites:0,2013
093-382-504-744-186,SOLAR ELECTRICITY GENERATION SYSTEM,"A solar electricity generation system including a solar energy-to-electricity converter having a solar energy receiving surface including at least an electricity-generating solar energy receiving surface and a plurality of reflectors arranged to reflect solar energy directly onto the solar energy receiving surface, each of the plurality of reflectors having a reflecting surface which is configured and located and aligned with respect to the solar energy receiving surface to reflect specular solar radiation with a high degree of uniformity onto the solar energy receiving surface, the configuration, location and alignment of each of the reflectors being such that the geometrical projection of each reflecting surface is substantially coextensive with the electricity-generating solar energy receiving surface.",H01L31/052,H10F77/488; F24S23/71; F24S25/00; F24S30/452; F24S2020/23; F24S2023/874; Y02E10/47; Y02E10/52; H10F77/488; F24S23/71; F24S25/00; F24S30/452; F24S2020/23; F24S2023/874; Y02E10/40; Y02E10/47; Y02E10/52,cited_by:29 | cites:0,2009
046-380-083-532-500,Mobile lattice array solar focusing alkali metal power generation system,"The invention relates to solar energy utilization, in particular to that solar energy collection is realized by a point focusing solar energy mirror and is applied to a mobile lattice array solar focusing alkali metal power generation system. The mobile lattice array solar focusing alkali metal power generation system at least comprises one or one group of point focusing solar energy mirrors, at least one alkali metal power generation device and a tracking control device, wherein the solar energy mirrors are arranged on a solar energy mirror bracket; the alkali metal power generation device is arranged on an alkali metal power generation device bracket; the alkali metal power generation device is arranged in the dotted area focused by the solar energy mirrors and is arranged below or above the solar energy mirrors; the tracking control device controls the solar energy mirrors to focus sunlight to at least one alkali metal power generation device when sunlight changes; in the process that the solar energy mirrors track solar energy, the alkali metal power generation device moves; and each or each group of solar energy mirrors selects the alkali metal power generation device which can achieve the highest solar energy use ratio for focusing so as to realize the tracking focusing use of the solar energy.",H02N3/00; G05D3/00,G05D3/12; H02N3/00,cited_by:1 | cites:0,2013
042-868-984-619-252,Concrete and system for collecting solar energy and solar energy collecting method,"The invention discloses a concrete and system for collecting solar energy and a solar energy collecting method. According to the concrete and the system for collecting the solar energy and the solar energy collecting method, a convex glass condensation principle is utilized, solar energy collecting components are formed by combining convex glass, reflective base materials and light-transmitting crystals, and then the solar energy collecting components are embedded into one of gravel concrete or asphalt concrete according to matrix arrangement to form the concrete for collecting the solar energy, the upper surfaces of the light-transmitting crystals of the solar energy collecting components are exposed out of the gravel concrete or the asphalt concrete, and the solar energy collecting components, a heat conduction medium, a medium pipeline, a protective sleeve, an anti-collision pad, a compression-resistant lock catch and a fixing buckle form the solar energy collecting system. The solar energy collecting method comprises the following steps that the solar energy collecting components are arranged on the medium pipeline according to a matrix, energy of sunlight is collected through the solar energy collecting components to be gathered and heated in the medium pipeline, the heat conduction medium in the medium pipeline is heated, and heat energy absorbed by the heat conduction medium is converted into other energy forms by connecting energy conversion equipment or is directly used for production and life.",F24S20/20; F24S23/30; F24S23/70; F24S60/00,F24S20/20; F24S23/30; F24S23/82; F24S60/00; F24S2023/86; Y02E10/40,cited_by:0 | cites:0,2022
112-819-522-227-189,Solar energy chip packaging method for solar energy automobile,"The invention discloses a solar energy chip packaging method for a solar energy automobile. The method comprises: spraying and coating processing in which glue is evenly sprayed onto the back face of a solar energy chip; adhering the side of the solar energy chip with glue onto the top cover of the automobile body; performing solidification to the solar energy chip; covering a cover plate on the front face of the solar energy chip; and performing protection treatment to the upper surface of the cover plate. According to the solar energy chip packaging method for the solar energy automobile, through the spraying and coating processing, glue is formed on the solar energy chip, and then, the solar energy chip is adhered to the top cover of the automobile body for solidification treatment, and then, the solar energy chip is covered by a cover plate to form a packaging structure; and finally, the upper face of the cover plate of the packaging structure undergoes the protection treatment. With these steps, the purposes of water prevention and scraping prevention can be realized, and the packaging structure after the protection treatment is also easy to clean. The solar energy chip packaging method for a solar energy automobile proposed by the invention is also easy to operate and control.",H01L31/048; B60R16/033; H01L31/18,H10F19/80; B60R16/033; H10F71/137; B60R16/033; H10F19/80; H10F71/137; Y02E10/50,cited_by:2 | cites:0,2017
033-739-098-246-589,Solar energy and ocean energy combined power generation system,"A solar energy and ocean energy combined power generation system belongs to the technical field of new energy. The invention particularly relates to a solar energy and ocean energy combined power generation system and provides the solar energy and ocean energy combined power generation system capable of simultaneously employing ocean energy to generate power and solar energy to generate power. Thesolar energy and ocean energy combined power generation system comprises an ocean energy power generator, a solar module and an energy storage device, wherein the ocean energy power generator comprises at least one nanometer friction power generator, the at least one nanometer friction power generator is used for converting mechanical energy to electric energy, the solar module comprises a plurality of solar cells, the plurality of solar cells are connected in a series or parallel mode to form at least two output ends of the solar module, and each solar cell is a PN junction-structure photoelectric conversion unit formed from a semiconductor material.",H02S10/10; F03B13/00; F03B13/14; F03G7/05,H02S10/10; F03B13/00; F03B13/14; F03G7/05; F05B2220/706; Y02E10/30; Y02E10/50,cited_by:2 | cites:0,2018
072-132-879-951-380,Helicopter apron wind energy and solar energy generating system,"The invention discloses a helicopter apron wind energy and solar energy generating system. The helicopter apron wind energy and solar energy generating system comprises a wind driven generator, a solar panel, a helicopter apron, a controller and a storage battery. The wind driven generator is a device which is used for converting the wind energy into the electric energy, the solar panel is a device which is used for converting the solar energy into the wind energy, and the helicopter apron is a platform which allows a helicopter to land. The controller is used for controlling the electric current of the wind driven generator and the solar panel, and the storage battery is used for storing the electric energy which is formed by the wind driven generator and the solar panel through conversion. According to the helicopter apron wind energy and solar energy generating system, the wind driven generator and the solar panel are adopted, the advantage of the solar energy and the wind energy ona high-rise building is made full use of, the solar energy and the wind energy are efficiently converted into the electric energy, and the electric energy is stored in the storage battery and used for providing a power source for lamplight on the helicopter apron.",F21V23/00; F03D9/11; H02S10/12,F21V23/02; F03D9/11; H02S10/12; Y02B10/10; Y02B10/30; Y02E10/50; Y02E10/72; Y02E70/30,cited_by:0 | cites:0,2019
061-391-962-207-314,Solar electricity generation system,"A solar electricity generation system including a solar energy-to-electricity converter having a solar energy receiving surface including at least an electricity-generating solar energy receiving surface and a plurality of reflectors arranged to reflect solar energy directly onto the solar energy receiving surface, each of the plurality of reflectors having a reflecting surface which is configured and located and aligned with respect to the solar energy receiving surface to reflect specular solar radiation with a high degree of uniformity onto the solar energy receiving surface, the configuration, location and alignment of each of the reflectors being such that the geometrical projection of each reflecting surface is substantially coextensive with the electricity-generating solar energy receiving surface.",F24J2/40,H10F77/488; F24S23/71; F24S25/00; F24S30/452; F24S2020/23; F24S2023/874; Y02E10/47; Y02E10/52; H10F77/488; F24S23/71; F24S25/00; F24S30/452; F24S2020/23; F24S2023/874; Y02E10/40; Y02E10/47; Y02E10/52,cited_by:0 | cites:0,2010
041-482-859-597-308,Solar energy panel heating mechanism for distiller,"The invention provides a solar energy panel heating mechanism for a distiller. The mechanism is used for a distiller, the distiller is internally provided with a heating device, a current condenser isarranged below the heating device, the heating device and the current condenser are connected, and the current condenser and a solar energy panel which is arranged at the top of a tank are connected;the solar energy panel comprises multiple foldable solar energy modules, and a sprinkling apparatus, a cleaning manipulator and a cleaning pool are arranged below the solar energy panel; after the solar energy panel is folded, and the solar energy panel is vertical with the cleaning pool; the sprinkling apparatus is used for sprinkling cleaning fluid on the folded solar energy panel, and the endof the cleaning manipulator is provided with a cleaning turnplate, and the cleaning turnplate is provided with a sensor. The solar energy panel heating mechanism for the distiller is advantageous in that the product comprises the solar energy panel mechanism which can automatically store energy, and at the same time, an automatic cleaning mechanism for a solar energy panel is also provided in order to guarantee full utilization of solar energy.",B01D3/12,B01D3/12,cited_by:0 | cites:0,2018
000-161-040-388-415,Multifunctional solar energy cell panel device,"The present utility model relates to a multifunctional solar energy cell panel device which comprises a solar energy cell panel device body and a solar energy meter, the device is characterized in that the solar energy meter is arranged on the solar energy cell panel device body, thus people can use the solar energy meter of the solar energy cell panel device body to check time. The device is simple in structure and easy to manufacture.",H01L31/02; G04B47/00,Y02E10/50,cited_by:0 | cites:0,2012
189-295-360-837-126,Steam injection type solar energy and thermal power station complementary power generation system,"The utility model discloses a steam injection type solar energy and thermal power station complementary power generation system which comprises a first parabolic trough type solar energy heat collector, a solar energy steam generator, a flow divider, a second parabolic trough type solar energy heat collector, a solar energy superheater, a mixer, a solar energy preheater, a coal-fired boiler and a high-pressure cylinder, a medium-pressure cylinder and a low-pressure cylinder of a steam turbine. Feedwater can indirectly absorb solar energy by heat conduction oil through the solar energy preheater, the solar energy steam generator and the solar energy superheater or directly enter the solar energy heat collector to absorb the solar energy so as to become superheated steam. The superheated steam is injected into the high-pressure cylinder or the medium-pressure cylinder of the steam turbine, is mixed with the superheated steam generated by the coal-fired boiler at the position, is expanded to do work in the high-pressure cylinder or the medium-pressure cylinder of the steam turbine and is then output to a power generator for power generation. The steam injection type solar energy and thermal power station complementary power generation system realizes capacity expansion and consumption reduction of a thermal power station, solves the problem of instable and discontinuous solar energy and is beneficial for the large-scale popularization and application of the solar energy technology.",F03G6/06; F01D15/10; F01K11/02; F01K19/00; F22B1/00; F24J2/04,Y02E10/44; Y02E10/46,cited_by:5 | cites:0,2011
051-799-273-044-480,Reflection convergence solar-energy photo-thermal boiler,"The utility model relates to a reflection convergence solar-energy photo-thermal boiler, which comprises a plurality of solar-energy vacuum tubes, a water tank and a boiler support, wherein the water tank is matched with the solar-energy vacuum tubes; the rear part of the boiler support is higher than the front part thereof; the water tank is arranged on the rear part of the boiler support; and the two ends of each of the solar-energy vacuum tubes are respectively and fixedly arranged at the front part and the rear part of the boiler support. The reflection convergence solar-energy photo-thermal boiler also comprises a solar-energy reflection plate that is arranged under the solar-energy vacuum tubes and is fixedly arranged on the boiler support. The reflection convergence solar-energy photo-thermal boiler adopts the reflection convergence mode for collecting solar energy, thereby greatly enlarging the daylighting area of the solar-energy vacuum tubes, so as to increase the energy flux density of a solar-energy device, improve the utilization ratio of the solar energy and improving the energy absorption intensity, therefore, the reflection convergence solar-energy photo-thermal boiler is mainly applicable to the heating for residents and the industrial production.",F24S10/40; F24S10/70; F24S23/77,Y02E10/44,cited_by:0 | cites:0,2010
032-873-815-772-890,SOLAR POWER FORECASTING USING MIXTURE OF PROBABILISTIC PRINCIPAL COMPONENT ANALYZERS,"A method for solar forecasting includes receiving a plurality of solar energy data as a function of time of day at a first time, forecasting (620) from the solar energy data a mode, where the mode is a sunny day, a cloudy day, or an overcast day, and the forecast predicts the mode for a next solar energy datum, receiving (622) the next solar energy datum, updating a probability distribution function (pdf) of the next solar energy datum given the mode, updating a pdf of the mode for the next solar energy datum from the updated pdf of the new solar energy datum given the mode, forecasting (624, 626) a plurality of future unobserved solar energy data from the updated pdf of the mode, where the plurality of future unobserved solar energy data and the plurality of solar energy data have a Gaussian distribution for a given mode determined from training data.",G01W1/10; G01W1/12; G06N7/00; G06Q10/04,G01W1/10; G01W1/12; G06F17/18; G06N7/01; G06Q10/04; G06Q50/06; G01W1/10; G01W1/12; G06F17/18; G06N7/01; G06Q10/04; G06Q50/06,cited_by:9 | cites:0,2017
186-215-506-580-617,Solar energy landscape lamp,"The utility model provides a solar energy landscape lamp which is mainly used for monitoring water levels of a reservoir or a watercourse. The solar energy landscape lamp comprises a shell body which presents the shape of a tree or a ball cactus or a lotus. The characteristics of the solar energy landscape lamp are as follows: a solar energy battery panel, a solar energy controller and a storage battery are arranged on a stem of the tree or at the top part of the ball cactus or on a lotus seed of the lotus; the solar energy battery panel is connected with the solar energy controller, the solar energy controller is connected with the storage battery and LED lamps, and a plurality of LED lamps are arranged on branches of the tree or at the periphery of a shell of the ball cactus or on petals of the lotus. Under the irradiation of sunshine in the daytime, the solar energy battery panel charges the storage battery by the solar energy controller; in the nighttime, power is supplied by the storage battery; the solar energy landscape lamp can be used not only for lighting, but also as a landscape.",F21S9/03; F21V23/00; F21W131/10; F21Y115/10; H02J7/00,Y02B20/72,cited_by:0 | cites:0,2009
162-641-596-881-886,Solar energy and wind energy magnetic levitation generator,"The invention discloses a solar energy and wind energy magnetic levitation generator. The solar energy and wind energy magnetic levitation generator has the beneficial effects that a solar energy and wind energy generation technology is adopted, the problem of simplicity of current solar energy and wind energy power generation is solved, and two natural resources of solar energy and wind energy can be used for complementary power generation by fully utilizing the characteristics of the solar and the wind energy; meanwhile, the solar energy and wind energy power generation can be in a levitation state by utilizing a magnetic levitation technology, power generation can be carried out by a wind energy generator under the situation that wind power is less, and a solar panel can be more fully shined by sunlight. The solar energy and wind energy magnetic levitation generator disclosed by the invention has the advantages that the natural sources are utilized, no pollution is generated, the power generation cost is reduced, the generated energy is increased, and the economic benefit is increased; the solar energy and wind energy magnetic levitation generator is suitable for power generation of various regions.",F03D9/02; H01L31/042; H02J7/00,Y02E10/50; Y02E10/72,cited_by:3 | cites:0,2014
104-781-133-756-684,Solar energy utilization system,"The utility model provides a solar energy utilization system, it includes the frame and two at least solar energy installing on the frame utilize the subassembly, and this solar energy utilizes subassembly interval arrangement side by side, wherein, every solar energy utilizes subassembly rotation regulation in the frame to make every solar energy utilize the rotatory solar position of the tracking angle of subassembly, frame every single move on the direction of height is adjusted to make all solar energy utilize the subassembly to trail the solar altitude angle in step. The sun is trailed to its two dimension that can realize solar energy utilization system, and then improves this solar energy utilization system's sunlight utilization ratio.",H02S20/32; H02S30/00; H02S30/10; H02S40/22,Y02E10/50,cited_by:0 | cites:0,2016
134-674-615-760-955,SOLAR ELECTRICITY GENERATION SYSTEM,"A solar electricity generation system including a solar energy-to-electricity converter having a solar energy receiving surface including at least an electricity-generating solar energy receiving surface and a plurality of reflectors arranged to reflect solar energy directly onto the solar energy receiving surface, each of the plurality of reflectors having a reflecting surface which is configured and located and aligned with respect to the solar energy receiving surface to reflect specular solar radiation with a high degree of uniformity onto the solar energy receiving surface, the configuration, location and alignment of each of the reflectors being such that the geometrical projection of each reflecting surface is substantially coextensive with the electricity-generating solar energy receiving surface.",H01L31/052,H10F77/488; F24S23/71; F24S25/00; F24S30/452; F24S2020/23; F24S2023/874; Y02E10/47; Y02E10/52; H10F77/488; F24S23/71; F24S25/00; F24S30/452; F24S2020/23; F24S2023/874; Y02E10/40; Y02E10/47; Y02E10/52,cited_by:9 | cites:0,2011
052-237-315-149-590,SOLAR ENERGY CONVERTER,"A solar energy converter comprises a solar energy absorber and a heat transfer device in thermal contact with the solar energy absorber. The heat transfer device is in thermal contact with the solar energy absorber and is arranged to transfer heat energy away from the solar energy absorber. The solar energy absorber is located within an envelope. The envelope is a tube, is at least partially transparent, and is at least partially evacuated.",F24S10/40; F24S10/95; F24S40/50; F28D15/02; F28F13/18; H01L31/052; H02S40/44,F24S10/45; F24S10/95; F24S40/50; F28D15/0233; F28D15/0266; F28F13/187; H02S40/44; H10F77/68; Y02B10/10; Y02B10/20; Y02B10/70; Y02E10/50; Y02E10/52; Y02E10/547; Y02E10/60; F28D15/0233; F24S10/40; F24S10/90; F24S40/55; F24S50/40; F28D15/02; H02S40/44; H10F77/63; F24S10/45; F24S10/95; F24S40/50; F28D15/0233; F28D15/0266; F28F13/187; H02S40/44; H10F77/68; Y02B10/10; Y02B10/20; Y02B10/70; Y02E10/44; Y02E10/50; Y02E10/60,cited_by:0 | cites:0,2020
022-421-022-687-274,Solar energy enhancing system,"The utility model discloses a solar energy enhancing system, which is applied to a solar energy photovoltaic power generating system and comprises a reflecting device for reflecting sunlight refracted back, wherein the reflecting device is arranged on a solar cell component of the solar energy photovoltaic power generating system. The solar energy enhancing system enables the solar photovoltaic power generating system to collect more solar energy and further improves solar energy using efficiency.",H02S40/22,Y02E10/52,cited_by:2 | cites:0,2010
040-870-982-984-862,Solar energy and geothermal energy combined energy resource system,"The invention relates to a solar energy and geothermal energy combined energy resource system, and belongs to the technical field of new energy resources. The solar energy and geothermal energy combined energy resource system can effectively use solar energy and geothermal energy. The system comprises a solar energy heating device and a geothermal energy heat pipe power generation device; according to the solar energy heating device, a turbine power generator set is arranged at the bottom of a solar energy chimney, the solar energy chimney is in smooth transition connection with a solar heat collection shed, the solar energy heating device is installed below the solar heat collection shed, a water inlet of the solar energy heating device is connected with a water outlet of a geothermal water pump through a control valve I and a pipe, and a water sucking opening of the geothermal water pump is connected with a geothermal water source through a pipe; and a water outlet of the solar energy heating device is connected with a water inlet of a biomass oil burning boiler through a control valve II and a pipe, and the water inlet of the biomass oil burning boiler is connected with the water outlet of the geothermal water pump through a control valve III and a pipe.",F24S20/40; F03D9/35; F24D3/00; F24D3/12; F24T10/10; H02S10/10,F24D3/005; F05B2240/91; F24D3/12; F24D2200/14; H02S10/10; Y02B10/20; Y02B10/30; Y02B30/00; Y02E10/50; Y02P80/10,cited_by:0 | cites:0,2018
192-821-649-640-40X,Solar lighting device on lawn,"The utility model relates to a solar energy lawn lamp, which comprises a lamp shade 3, a lamp post 5 and a solar energy photovoltaic electroluminescence device composed of a solar energy crystalline silicon battery 1, an electroluminescence sheet 2 and a solar energy charging and discharging processor 4, wherein the solar energy crystalline silicon battery 1 is connected with the solar energy charging and discharging processor 4. The solar energy charging and discharging processor 4 is connected with the electroluminescence sheet 2. The solar energy photovoltaic electroluminescence device which is composed of the solar energy crystalline silicon battery 1, the electroluminescence sheet 2 and the solar energy charging and discharging processor 4 is fixed to the lamp shade 3 fixed to the lamp post 5. The utility model has the advantages of environmental protection, saving for energy resource, and high brightness.",F21S9/02,Y02B20/72,cited_by:1 | cites:0,2002
171-080-219-286-386,SMART LIGHTING SYSTEM USING SOLAR ENERGY,"The present invention relates to a smart lighting system using solar energy. When green energy such as solar energy is used as LED operation energy, the solar energy is used during day time and general electricity energy is used during night time. The solar energy and the electricity energy are stored in a battery and the battery is used for operating an LED when the solar energy and the electricity energy cannot be charged. For this, the invention includes a power supply part; a solar energy receiving part receiving solar energy from sunlight; a battery charging power outputted through the solar energy receiving part and the power of the power supply part; an MCU supplying current from the power supply part or the solar energy receiving part to the LED driver according to the quantity of the solar energy, inputting the power of the solar energy receiving part to the LED driver during day time, and supplying the power of the power supply part to the LED driver during night time; and an LED driver operating the LED with the power supplied from the battery, the power supplied from the power supply part, or the power from the solar energy receiving part. [Reference numerals] (80) MCU controller",H05B37/02; F21S9/03,F21S9/03; Y02B20/40; Y02B20/72,cited_by:1 | cites:0,2014
113-748-432-532-754,Low-temperature solar energy-saving system for assisting coal-fired power generation,"The invention discloses a low-temperature solar energy-saving system for assisting coal-fired power generation. A coal-fired unit and a water circulation assembly are included, the water circulation assembly includes a solar energy fan heater, a solar energy gas-gas heater and a low-temperature solar thermal collector, a water outlet of the low-temperature solar thermal collector is connected withwater inlets of the solar energy fan heater and the solar energy gas-gas heater, and a water inlet of the low-temperature solar thermal collector is connected with water outlets of the solar energy fan heater and the solar energy gas-gas heater. According to the low-temperature solar energy-saving system for assisting coal-fired power generation, clean and efficient utilization of low-temperaturesolar energy is realized, and the gap in the technical field of coupling of the low-temperature solar energy and a coal-fired power generation system is made up.",F23L15/00; F24S20/40,F23L15/00; Y02E20/34,cited_by:0 | cites:0,2019
000-381-003-205-717,Mounting structure of wall-mounted solar energy device without water tank,"The invention discloses a mounting structure of a wall-mounted solar energy device without a water tank. The mounting structure comprises a support bottom plate, a solar energy fixing seat, a first support plate, a connecting disc, an angle adjusting device, an angle adjusting box, a mounting base and a counterbore hole, wherein the solar energy fixing seat and the first support plate are mountedon the support bottom plate; the solar energy fixing seat is perpendicularly mounted on the first support plate in a bolt connection manner; and the connecting disc is mounted at the upper end of thefirst support plate. The mounting structure is provided with the solar energy fixing seat, the solar energy device is in sliding fit with a T-shaped sliding rail in a snap ring to fix the solar energydevice in a clamping seat, and the angle adjusting box is controlled to adjust the pitching angle of the solar energy fixing seat, so that the orientation of the solar energy device to the sun can beadjusted, and solar energy is fully utilized. The mounting structure is easy to operate, the solar energy device is in sliding fit with the solar energy fixing seat, and when the solar energy deviceneeds to be repaired, the solar energy device is directly taken down and is convenient to repair.",F24S30/425,Y02E10/47,cited_by:0 | cites:0,2018
181-931-976-951-81X,SOLAR ELECTRICITY GENERATION SYSTEM,"A solar electricity generation system including a solar energy-to-electricity converter having a solar energy receiving surface including at least an electricity-generating solar energy receiving surface and a plurality of reflectors arranged to reflect solar energy directly onto the solar energy receiving surface, each of the plurality of reflectors having a reflecting surface which is configured and located and aligned with respect to the solar energy receiving surface to reflect specular solar radiation with a high degree of uniformity onto the solar energy receiving surface, the configuration, location and alignment of each of the reflectors being such that the geometrical projection of each reflecting surface is substantially coextensive with the electricity-generating solar energy receiving surface.",F24J2/40,H10F77/488; F24S23/71; F24S25/00; F24S30/452; F24S2020/23; F24S2023/874; Y02E10/47; Y02E10/52; H10F77/488; F24S23/71; F24S25/00; F24S30/452; F24S2020/23; F24S2023/874; Y02E10/40; Y02E10/47; Y02E10/52,cited_by:0 | cites:0,2010
130-364-763-872-335,Salor energy-accumulating energy supply device,"The utility model relates to a solar energy-accumulating energy supplying device, which comprises a solar energy heat collector array capable of absorbing solar energy and also comprises an energy-accumulating energy supplying device capable of accumulating the solar energy, wherein, the energy-accumulating energy supplying device is communicated with the solar energy heat collector array through a pipeline. Water is filled in an energy-accumulating tank of the energy-accumulating energy supplying device, water in the solar energy heat collector array absorbs the heat of the sun and then is changed into hot water which is conveyed to the energy-accumulating tank to be accumulated, and then the utility model supplies the hot water to a heating system in the evening or rainy weather having no the sun. The utility model has the advantages of reliable operation, reasonable economy, convenient use, high efficiency, energy saving, cleanness, no pollution, etc. The utility model can be used for the fields of solar energy greenhouses, solar energy buildings, solar energy heating and cooling systems, etc.",F24J2/34,Y02E10/40,cited_by:3 | cites:0,2003
135-420-323-532-631,Solar energy scroll battery,"The invention discloses a solar energy scroll battery. The solar energy scroll battery consists of a solar energy surface, a USB interface, a battery shell and battery electrodes; the solar energy scroll battery is characterized in that the battery is formed by the scroll solar energy surface in a combination way; and the solar energy scroll battery can be used as a dry battery and a power supply.",H02J7/35; H02S30/20,H02J7/35; H02S30/20; Y02E10/50,cited_by:0 | cites:0,2017
182-684-870-792-751,SOLAR POWER SYSTEM AND SOLAR ENERGY TRACKING METHOD,"A solar power system and a solar energy chasing method. Errors may be corrected in the installation area of a solar energy collecting plate with solar cells, particularly, in the installation direction thereof. Therefore, a control angle may be operated and determined, so that the solar cells or the solar energy collecting plate may be rotated precisely in the desired direction. In the case of disposing a plurality of solar energy collecting plates, the solar energy collecting plates may be controlled according to a predetermined rotation angle, thereby increasing solar energy absorbing efficiency.",F24S50/20; H02S20/32,H02S20/32; F24S30/425; F24S50/20; F24S2030/136; G01S3/7861; H02S20/00; Y02E10/47; Y02E10/52; H02S40/22; H10F19/00; H02S20/32; F24S30/425; F24S50/20; F24S2030/136; G01S3/7861; H02S20/00; Y02E10/47; Y02E10/50,cited_by:1 | cites:0,2015
092-106-276-196-634,Efficient heat collection solar energy converter,"In order to overcome problems which are difficult to overcome in practical application, the invention researches an efficient heat collection solar energy converter according to the development situation of solar energy converters. The technical scheme adopted by the efficient heat collection solar energy converter for solving technical problems is a novel invention that solar energy is directly converted into thermal air energy, and a third application mode of sunlight energy is exploited. The invention aims to make up the disadvantages of the existing solar energy converters, a potential market of the solar energy technology is developed, and the level of the solar energy technology advances to a more advance direction, so that the solar energy does not depend on a photovoltaic panel technology, traditional high technology is replaced and the commercial profits of solar energy are promoted to be maximized.",F24J2/46; F24J2/52; F24S10/40; F24S23/70; F24S50/20,Y02E10/44; Y02E10/47,cited_by:0 | cites:0,2015
120-889-735-108-806,Air energy heat pump and solar energy complementary hot-water heating device,"The utility model discloses an air energy heat pump solar energy complementary hot-water installation which comprises an air energy heat pump, a heat storage exchanger, a heat pump heat exchanger, a hot-water output heat exchanger, a solar energy hot-water heat exchanger, a solar energy hot-water circulating pipe, a solar energy heat collector and an expansion water tank. A heater of the air energy heat pump is connected with the heat storage exchanger. The solar energy hot-water heat exchanger and the hot-water output heat exchanger are arranged on the heat storage exchanger, and the solar energy hot-water heat exchanger is connected with the solar energy heat collector through the solar energy hot-water circulating pipe. A solar energy lower circulating pipeline is connected with the expansion water tank. The air energy heat pump solar energy complementary hot-water installation utilizes the air energy heat pump and the solar energy hot-water system to form a double energy source hot-water system. The air heat pump solar energy complementary hot-water installation not only makes full use of air heat energy, changes a direct utilization of solar energy hot-water into an indirect utilization of solar energy hot-water, improves a use ratio of the air heat energy, and meanwhile exchanges indoor air timely to keep the air fresh, but also guarantees quality of solar energy hot-water, can be heated when needing using, avoids breeding of bacteria and keeps a hot water health standard.",F24D17/00,Y02B10/20; Y02B10/70,cited_by:2 | cites:0,2012
017-933-480-150-704,Quartz and array solar-thermal converter and method,"The invention discloses a quartz and array solar-thermal converter suitable for different temperatures and a method for solar-thermal conversion by utilizing a quartz device. The solar energy is collected by fully utilizing the physicochemical properties of the quartz device, and a new technical means and method is provided for the utilization of the solar energy. The quartz device is adopted as a solar energy collecting device so as to collect solar energy at different temperatures. The quartz and array solar-thermal converter comprises a quartz device; and at least partial shell of the quartz device is provided with a solar coating to convert the solar energy into thermal energy. The invention aims to provide a solar-thermal converter suitable for different temperatures, in particular a solar-thermal converter suitable for medium and high temperature solar energy and tower and butterfly solar-thermal converters.",F24J2/48; C09D5/32; F24J2/46; F24S10/70,Y02E10/44,cited_by:1 | cites:0,2010
137-147-021-541-266,Solar Energy Substrate Aerodynamic Flaps,Methods and systems for solar energy capture. One of the systems includes a solar energy substrate mounted on a support member and one or more flap assemblies coupled to the solar energy substrate. The solar energy substrate is configured to receive solar rays from the Sun and is further configured to move in at least one direction such that an orientation of the solar energy substrate can be adjusted in accordance with a direction of the solar rays. The support member is configured to support the solar energy substrate. The one or more flap assemblies each include a flap and an actuator that is configured to move the flap relative to the solar energy substrate. Movement of the flap is controllable to counter a wind-induced moment acting on the solar energy substrate.,F24S50/20,H02S20/10; F24S25/10; F24S30/452; F24S40/85; F24S2030/115; H02S20/32; Y02E10/40; Y02E10/50; H02S20/10; F24S25/10; F24S30/452; F24S40/85; F24S2030/115; H02S20/32; Y02E10/40,cited_by:18 | cites:0,2013
039-568-272-589-574,Photoelectric and photo-thermal integrated assembly,"At present, in the field of solar energy application, two modes are mainly adopted, one mode is to absorb solar energy to generate electricity, and the other mode is to absorb solar heat to heat water, but the two modes cannot be combined, and precious clean energy of solar energy is wasted to a great extent. The utility model relates to the field of solar energy application, in particular to a device for converting solar energy absorbed by a solar power generation panel and a heat absorber into electric energy and heat energy, and can be widely applied to various occasions with sufficient illumination. The device is mainly composed of a solar power generation panel 1, adhesive strips 2, heat absorbers 3, heat absorption pipes 4 and a back plate 5, the adhesive strips 2 are distributed on the periphery and the middle of the back face of the solar power generation panel 1 in a strip shape, the back plate 5 is bonded to the back face of the solar power generation panel 1 to form a whole, and the heat absorbers 3 are arranged in gaps of the adhesive strips 2 and sealed between the solar power generation panel 1 and the back plate 5; when the sun exists, the solar power generation panel 1 absorbs solar energy and converts the solar energy into electric energy, and the heat absorber 3 absorbs solar heat energy and stores the solar heat energy.",H02S40/44; H02S40/38; H02S40/40,Y02E10/50; Y02E10/60; Y02E70/30,cited_by:0 | cites:0,2021
147-604-430-372-663,Solar storage battery grass cutter,"The utility model relates to a solar energy battery lawn cropper. A solar energy battery panel and a controlling device of the solar energy battery panel are added to traditional electric lawn cropper. The solar energy battery panel and the controlling device of the solar energy battery are fixed on a walking frame of the cropper. The current output terminal of the solar energy battery panel is connected with the input terminal of the controlling device of the solar energy battery. The output terminal of the controlling device of the solar energy battery is connected with the charging terminal of a storage battery. To obtain optimal output effect from the solar energy battery and convenient dissembling when the cropper is not used, a stand which supports the solar energy battery panel is made into an adjustable one. The utility model realizes that the solar energy battery continuously charges the storage battery when the pruning is in operation without increase to the weight capacity ratio of the storage battery of the cropper.",A01D34/84,Y02P60/12,cited_by:12 | cites:0,2003
182-354-624-895-18X,Automatic track solar energy generation device,"The utility model relates to an automatic track solar energy generation device, which comprises a solar energy cell and a solar energy cell support, wherein the solar energy cell is arranged on the solar energy cell support, the east-west direction on the upper portion of the solar energy cell is provided with a photoreceptor, the photoreceptor outputs signals through the shading of a baffle plate, and output signals are used to control a step motor which horizontally rotates. The step motor drives the solar energy cell support through a gear and a semicircle rack to rotatablely adjust an east-west angle of the solar energy cell and the sun. The angle of an elevation angle of the solar energy cell support and the sun leads the pressure to increase and reduce through energy storage media phase transition to lead an expansion device to expand and change the angle of the elevation angle of a solar energy plate, thereby achieving the omnidirectional tracking of solar energy generation, and increasing 30-50 percent sunlight use ratio compared with a fixing type solar energy generation device.",G05D3/12; H02S20/32,Y02E10/50,cited_by:3 | cites:0,2010
073-973-931-531-512,Solar energy heat pump-photoelectricity combined building energy-saving system,"The utility model relates to a solar energy building energy-saving system and aims to provide a solar energy heat pump-photoelectricity combined building energy-saving system. The solar energy heat pump-photoelectricity combined building energy-saving system comprises a solar photovoltaic system and an intelligent control system which is connected with the solar photovoltaic system. The solar energy heat pump-photoelectricity combined building energy-saving system further comprises a hot-cold source composite system, wherein the solar photovoltaic system and the intelligent control system are respectively connected with the hot-cold source composite system, the hot-cold source composite system comprises a solar heat collection subsystem, a heat pump heating subsystem and a heat storage or change subsystem, wherein the heat pump heating subsystem and the heat storage or change subsystem are respectively connected with the solar heat collection subsystem. The solar energy heat pump-photoelectric combined building energy-saving system realizes the combination of the solar energy heat pump and the photoelectricity in the solar energy building energy-saving system, and is a novel solar energy building energy-saving system which is efficient and energy-saving, safe and environmental-friendly, stable in operation, and convenient to implement and popularize.",F25B30/06; F24D17/02; H02S40/38; H02S40/40,Y02B10/10; Y02E10/50; Y02E70/30,cited_by:4 | cites:0,2013
018-638-139-670-233,Foldable solar energy charger,"The invention provides a foldable solar energy charger which comprises a base, a solar energy main panel, two solar energy auxiliary panels, two telescopic rods and an upper cover. The base is provided with a circuit board therein. The solar energy main panel is arranged above the base, and its middle part at the bottom is mounted in the middle part of the base in an elastic manner through a spring. The two solar energy auxiliary panels are symmetrically hinged at two sides of the solar energy main panel and can be folded under the solar energy main panel. The two telescopic rods are hinged on the base and at two sides of the solar energy main panel. The ends far from the base correspond to one side of edges far from the solar energy main panel for two solar energy auxiliary panels are hinged. The upper cover is mounted at the top of the base in a rotation manner and has the ability to cover the solar energy main panel, the two solar energy auxiliary panels, and the two telescopic rods. The solar energy main panel is connected to the circuit board through wires. The solar energy charger of the invention is simple in structure and convenient to use. With a changeable charging area, the charger is flexible in use and has strong practicality.",H02S30/20,H02S30/20; Y02E10/50,cited_by:2 | cites:0,2016
167-068-530-410-873,Solar energy light-emitting diode (LED) light advertising board,"The utility model discloses a solar energy light-emitting diode (LED) light advertising board. The solar energy LED light advertising board comprises a solar energy power supply device, an LED light, a circuit board, a resistor and an electronic circuit. The solar energy LED light advertising board is characterized in that the solar energy power supply device comprises four parts, namely, a solar energy battery pack, a controller, a storage battery and an inverter, the LED light is connected with the circuit board through the electronic circuit, the resistor is installed on the circuit board and solar panels are arranged in the solar energy battery pack. When the solar energy LED light advertising board is used, the solar energy is converted into electric energy through the solar energy power supply device to supply electric energy needed by the LED light advertising board, and the controller is arranged in the solar energy power supply device to enable the LED light advertising board to have special effects. The solar energy LED light advertising board is simple in structure, convenient to use and install, easy to operate, saving in labor, free in rising and falling, reliable and safe.",G09F13/22,,cited_by:0 | cites:0,2013
055-038-023-194-741,Solar Power System and Solar Energy Chasing Method Thereof,"A solar power system and a solar energy chasing method. Errors may be corrected in the installation area of a solar energy collecting plate with solar cells, particularly, in the installation direction thereof. Therefore, a control angle may be operated and determined, so that the solar cells or the solar energy collecting plate may be rotated precisely in the desired direction. In the case of disposing a plurality of solar energy collecting plates, the solar energy collecting plates may be controlled according to a predetermined rotation angle, thereby increasing solar energy absorbing efficiency.",F24S50/20; H01L31/052,H02S20/32; F24S30/425; F24S50/20; F24S2030/136; G01S3/7861; H02S20/00; Y02E10/47; Y02E10/52; H02S40/22; H10F19/00; H02S20/32; F24S30/425; F24S50/20; F24S2030/136; G01S3/7861; H02S20/00; Y02E10/47; Y02E10/50,cited_by:5 | cites:0,2013
046-702-405-932-11X,SOLAR ELECTRICITY GENERATION SYSTEM,"A solar electricity generation system including a solar energy-to-electricity converter having a solar energy receiving surface including at least an electricity-generating solar energy receiving surface and a plurality of reflectors arranged to reflect solar energy directly onto the solar energy receiving surface, each of the plurality of reflectors having a reflecting surface which is configured and located and aligned with respect to the solar energy receiving surface to reflect specular solar radiation with a high degree of uniformity onto the solar energy receiving surface, the configuration, location and alignment of each of the reflectors being such that the geometrical projection of each reflecting surface is substantially coextensive with the electricity-generating solar energy receiving surface.",H01L31/052; H01L31/00,H10F77/488; F24S23/71; F24S25/00; F24S30/452; F24S2020/23; F24S2023/874; Y02E10/47; Y02E10/52; H10F77/488; F24S23/71; F24S25/00; F24S30/452; F24S2020/23; F24S2023/874; Y02E10/40; Y02E10/47; Y02E10/52,cited_by:3 | cites:0,2010
113-602-610-269-812,SOLAR ENERGY GENERATING SYSTEM FOR HIGH TEMPERATURE ENVIRONMENTS,"A solar energy generation system for high temperature environment includes a solar cell and a first filter. The solar cell is disposed for photovoltaic generation. The first filter is disposed on an incident surface of the solar cell, transmits a first solar energy of an incident solar energy having a first spectrum range suitable for photovoltaic generation to the solar cell, and reflects a second solar energy having a second spectrum range except for the first spectrum range of the incident solar energy.",H01L31/0525; H01L31/054; H01L31/052; H02S10/30,H10F77/492; H02S10/30; H10F77/488; H10N10/17; Y02E10/52; H10F77/67; H10F77/42,cited_by:2 | cites:0,2014
026-743-754-692-527,HEATING INSTALLATION OF SOLAR HEATER ASSISTED BY STOVE,"The utility model discloses a heating device of solar heater assisted by stove, relating to a solar energy water heater and a stove and being composed of a heat collector, a stove, a water tank and a pipeline. The utility model combines the solar energy water heater and the stove to combine the solar energy utilization and the conventional energy or waste heat utilization to stabilize the solar energy utilization, prolonging the time of solar energy utilization and improve the solar energy utilization rate.",F24C11/00,,cited_by:0 | cites:0,1988
039-844-581-168-341,Tent structure with solar energy panels,"An tent structure includes a tent, at least one solar energy panel placed on the tent structure for absorbing sunlight or other light, and a switching device, for switching solar energy to electric energy, connected to the at least one solar energy panel for transforming solar energy supplied by the solar energy panels into electric energy.",E04H15/02,E04H15/02; E04H15/02,cited_by:16 | cites:0,2006
096-284-697-211-246,Solar energy-saving lamp box,"The utility model discloses a solar energy-saving lamp box and mainly aims to provide the solar energy-saving lamp box which is powered based on solar energy. The solar energy-saving lamp box comprises a lamp box body and a solar power supply system electrically connected with the lamp box body, wherein the lamp box body is internally provided with a strip lamp, the solar power supply system is composed of a solar panel, a storage battery and a control circuit, the solar panel is used for covering the solar energy into electric energy, the storage battery is electrically connected with the solar panel and used for storing the electric energy, the storage battery is electrically connected with the strip lamp arranged in the lamp box body, the control circuit is electrically connected with the solar panel and the storage battery and used for regulating the quantity of electricity converted by the solar panel according to the electric quantity in the storage battery. The solar energy-saving lamp box disclosed by the utility model is simple and compact in structure, and power is saved as the solar energy is used as power-supply energy.",F21S9/03; F21V23/00; F21Y101/02,,cited_by:0 | cites:0,2012
023-280-032-047-780,Method and device for applying solar energy to moxibustion therapy,"The invention discloses a device for applying solar energy to moxibustion therapy, which comprises a focusing device, the focusing device gathers the solar energy to the input end of a solar energy conveying pipeline, the solar energy conveying pipeline extends into a treatment room and is connected with the treatment room, and the output end of the solar energy conveying pipeline is connected with a mounting cavity. And an adjusting assembly is mounted at the front end of the mounting cavity. The focusing device is adopted for focusing, and the solar energy is conveyed through the solar energy conveying pipeline and is finally used for moxibustion therapy, so that solar energy is used for moxibustion therapy.",G02B19/00; A61H39/00; A61N5/06,,cited_by:0 | cites:0,2023
099-747-843-698-660,Solar cooling and drying equipment for premounting transformer substation,"The utility model discloses a solar-energy cooling moisture-removing device of a prepackage type transformer substation, which comprises a humiture control system, a solar energy power supply comprises a solar energy battery plate, a solar energy controller, an accumulator and an inverter, wherein the solar energy battery plate is connected with the solar energy controller, the solar energy controller is connected with the inverter and the accumulator, and the inverter is connected with the humiture control system. The solar-energy cooling moisture-removing device adopts solar energy which is a green energy source, and the solar energy is inexhaustible, which can be regenerated, reduces the emission of contaminant, and is beneficial for environmental protection and sustainable development. When an electrified wire netting is in service interruption or a prepackage type transformer substation running, electrical equipment in a station can be normally cooled down and dehumidified, the solar-energy cooling moisture-removing device prevents dewing, improves the reliability of prepackage type transformer substation equipment, and guarantees the safe operation of an electrified wire netting.",H02B1/00; G05D22/02; G05D23/19; H02J7/00; H02J7/35,,cited_by:8 | cites:0,2008
166-667-430-278-690,Novel solar energy heat collection module,"A novel solar energy heat collection module comprises a solar energy heat collection and heat storage sub-module and a water replenishment sub-module; the solar energy heat collection and heat storage sub-module has the functions of absorbing solar energy sunlight-heat resources, gathering heat and storing hot water, and the water replenishment sub-module has the functions of replenishing water and storing the hot water for the solar energy heat collection and heat storage sub-module. By utilizing the novel solar energy heat collection module, a solar energy water heater single machine or a solar energy heat collection engineering system can be assembled, and by utilizing the solar energy heat collection and heat storage sub-module, the solar energy water heater single machine and the solar energy heat collection engineering system can be assembled as well. The novel solar energy heat collection module has the advantages of being rigorous and simple in structure, small in size, and beneficial to overall insulation treatment.",F24J2/00; F24J2/46; F24S10/40; F24S10/70,Y02E10/44,cited_by:0 | cites:0,2015
070-937-073-187-85X,Solar strong effect extension concentration apparatus,The invention discloses a powerful solar energy extending photospot device; a shell is internally provided with a group of solar energy collecting devices and an extension condenser lens. The upper part of the solar energy integrator is provided with an extension condenser lens which is fixedly arranged on an adjustable frame; the adjustable frame can adjust the extension condenser lens towards the solar source; the extension condenser lens can integrate solar energy into the solar energy collecting devices and can effectively shorten the distance between the condenser and the solar energy collecting devices to lead a solar energy generator or a collector to emit times of electric energy and heat energy.,F24S23/00; F24S50/20; G02B3/00; G02B7/04; G05D3/00; H02S20/32; H02S40/22,Y02E10/44; Y02E10/47; Y02E10/50,cited_by:10 | cites:0,2008
070-060-151-104-979,Photovoltaic module's snow removing awakening device,"The utility model belongs to the technical field of the solar facilities and specifically relates to a photovoltaic module's snow removing awakening device, including preventing snow solar energy electroplax, main solar energy electroplax and electric fan heater, prevent the special angle of snow solar energy electroplax, it all installs in the support frame to prevent snow solar energy electroplax and main solar energy electroplax, the electric fan heater with prevent that snow solar energy electroplax passes through the wire and links to each other, just the main solar energy electroplax of air outlet orientation of electric fan heater. This device, it is with low costs, and can clear away the snow on the main solar energy electroplax effectively, in time, and guarantee the normal work of main solar energy electroplax, improve life.",H02S40/12,Y02E10/50,cited_by:0 | cites:0,2017
191-834-359-590-201,Solar energy advertising board,"The utility model provides a solar energy advertising board, and relates to the technical field of outdoor advertising boards. The solar energy advertising board comprises a supporting pillar, a lower transverse rod is transversely installed at the top end of the supporting pillar, a tabulate supporting frame is installed on the lower transverse rod in the vertical direction, an upper transverse rod is transversely installed on the supporting frame, and a solar energy cell panel is installed at the top end of the upper transverse rod in the horizontal direction. A lamp holder is installed on the bottom of the solar energy cell panel, an energy-saving lamp is installed on the lamp holder, and the solar energy cell panel is connected with the energy-saving lamp through a conducting wire and a switch. The solar energy advertising board is provided with the solar energy cell panel, electricity can be generated through solar energy to provide a power supply for the illuminating lamp on the solar energy advertising board, and therefore, energy conservation and environment protection are achieved. Besides, the solar energy cell panel is installed horizontally, part of the solar energy advertising board, located below the solar energy cell panel, is prevented from being exposed to the sun and rain, and the service life of advertising paper on the solar energy advertising board is prolonged.",G09F15/00; G09F13/02,G09F27/007,cited_by:0 | cites:0,2013
052-552-938-127-54X,Solar energy electric fan,"The invention discloses a solar energy electric fan. The solar energy electric fan comprises a fan body and a base, wherein the fan body is connected with the base through a vertical column. The solar energy electric fan further comprises a solar panel which is arranged on a surface of the base, an inverter which is connected with the solar panel and a storage battery, and the storage battery is connected with the solar panel, the inverter, a motor in the fan body and a switch device into a circuit loop. By means of the solar energy electric fan, the solar energy is used as a power supply, the energy is fully used, the energy consumption is reduced, and the environment is protected. The solar energy electric fan is applicable to various occasions.",F04D25/08,,cited_by:2 | cites:0,2013
003-376-516-323-017,Solar energy component and solar energy system that adopts this solar energy component,"The utility model provides a solar energy component and solar energy system that adopts this solar energy component, relates to solar energy power generation technical field. Wherein, solar energy component includes that printing opacity top layer, stratum basale and setting are at between the two cell layer. Be provided with pattern structure and/or various coating film layer on the stratum basale. The last one or more light trap that is equipped with of cell layer. This solar energy component sets up pattern structure and/or various coating film layer on the stratum basale, be equipped withthe light trap on cell layer, and the pattern on the stratum basale can be shown through the light trap, and various coating film layer can present whole solar energy component's color effect. This solar energy component neither influences solar energy component's electricity generation, can change solar energy component's outward appearance again for solar energy component can have fine decorative effect, thereby enlarges solar energy component's applied scene.",H01L31/0216; H01L31/04,Y02E10/50,cited_by:3 | cites:0,2019
015-179-950-415-144,Dual -purpose tealeaves drying -machine of solar energy and electric energy,"The utility model discloses a dual -purpose tealeaves drying -machine of solar energy and electric energy, including flourishing flitch of box, six and electrothermal tube, be provided with solar cell on the box and be used for placing solar cell's recess, solar cell takes out in can following the recess, the last solar energy that is equipped with of solar cell absorbs the board, be equipped with solar energy switch and electric energy switch on the box. The utility model discloses a modularization solar cell's design utilizes solar energy as the energy, has not only reduced the operating cost, has avoided production industrial pollution moreover to possess two kinds of modes of solar energy and electric energy simultaneously, guaranteed the continuity of tealeaves drying -machine function.",A23F3/06,Y02A40/924,cited_by:1 | cites:0,2015
089-991-910-706-811,Solar street lamp,"The utility model relates to a solar street lamp, including lamp pole (1), lamp pole (1) side is connected with lamp (2), lamp pole (1) top is connected with solar cell panel assembly device (3), solar energy assembly device (3) including solar energy electroplax (31) and with company's board (32) that solar energy electroplax (31) are connected, be provided with a cleaning device on connecting plate (32), cleaning device is used for getting rid of dust on the solar energy electroplax. This device is provided with cleaning device, can clear away the dust on the solar energy electroplax, improves solar energy conversion efficiency, this device is provided with automatic tracking apparatus, can make the solar energy electroplax always just to the sun, and the sunshine intensity that the solar energy electroplax was received has improved solar energy conversion efficiency for the strongest.",F21S9/03; F21V23/00; F21V23/04; F21V33/00; F21W131/103; F24S50/20,Y02B20/72; Y02E10/47,cited_by:9 | cites:0,2016
062-336-804-117-641,Household solar energy power source based on transparent thin-film solar cell,"The invention provides a household solar energy power source based on a transparent thin-film solar cell. The household solar energy power source utilizes the transparent thin-film solar cell to generate power so as to supply electric energy to buildings; and the household solar energy power source is driven to work by solar energy and does not need an external power source, so that the energy consumption of the buildings is reduced, and the household solar energy power source has the advantages of low carbon, energy saving and environmental friendliness.",H01L31/048; H02J3/38; H02J7/00,Y02B10/10; Y02E10/50,cited_by:0 | cites:0,2012
173-398-091-859-503,Solar energy collecting device and electric vehicle with same,"The utility model discloses a solar energy collecting device and an electric vehicle with the same. The solar energy collecting device comprises a frame body, a cover plate, a first solar panel, a second solar panel and a storage battery. Wherein the frame body is hollow, the cover plate is connected with the frame body, the first solar panel is connected with the cover plate, and the second solarpanel is connected with the first solar panel. And when the solar energy collecting device is completely unfolded, the solar panel can convert solar energy into electric energy to the greatest extentand store the electric energy in the storage battery. When the solar energy collecting device is stored, the solar panels are overlapped together and are stored in the containing space, and the coverplate covers the containing space. The electric vehicle comprises a solar energy collecting device, a driving device and a guiding device, and the driving device is electrically connected with the storage battery. According to the solar energy collecting device and the electric vehicle and the electric vehicle with the solar energy collecting device, pure solar energy driving can be achieved, thesolar panel can be completely stored when not used, and normal driving of the electric vehicle cannot be affected.",B60L8/00; B62K11/00; H02S30/20,Y02E10/50; Y02T10/7072,cited_by:1 | cites:0,2021
172-581-583-137-135,Fixed frame of putting of solar energy electroplax with protect function,"The utility model discloses a fixed frame of putting of solar energy electroplax with protect function, put fixing device including solar energy, solar energy is put fixing device and is included thatsolar energy puts the frame, solar energy is put the inside of frame and has been seted up the inner chamber, the inside of inner chamber is equipped with the fixed inner tower of solar energy, the fixed inner tower of solar energy is including the sclerosis bottom plate. The utility model discloses solar panel to inside carries out effectual protection, and the clear glass safety cover is transparency clarity, it carries out the solar energy power generation operation not influence solar panel on daytime, control solar panel faces the below, make the sclerosis bottom plate be located the top, thereby the solar panel to inside protects through the sclerosis bottom plate, prevent solar panel's damage, protect function's advantage has been reached, thereby the effectual fixed device of putting of current solar energy electroplax of having solved does not possess protect function and causes the problem that the solar energy electroplax damages influence the use of solar energy electroplax easily.",H02S20/20; H02S40/00,Y02E10/50,cited_by:0 | cites:0,2018
124-023-366-263-170,Umbrella-shaped solar energy sailboard catamaran,"The invention relates to an umbrella-shaped solar energy sailboard catamaran which belongs to the technical field of ship architecture and ocean engineering equipment. The umbrella-shaped solar energy sailboard catamaran comprises a single hull, a hull connecting frame, a universal joint, a main upright rod, an umbrella-shaped framework, a pull rod, a sleeve, a pulling cable, an umbrella-shaped solar energy sailboard, solar energy photovoltaic arrays, a windlass, a hydraulic oil cylinder, a solar energy sail, a support bracket, a sunlight sensor and a direction controller. The umbrella-shaped solar energy sailboard and the solar energy sail are installed on the catamaran, and the solar energy photovoltaic arrays are respectively installed on the umbrella-shaped solar energy sailboard and the solar energy sail. The wind energy and the solar energy are cooperatively utilized for the ship propelling, and the catamaran is driven completely by green energy resources without conventional energy resource consumption and is a green ship without discharging pollution. The invention has great scientific research value, great industrial application prospect and great economic and social benefits.",B63H19/00; B63B1/10; B63H21/17,,cited_by:2 | cites:0,2010
041-816-492-768-787,Wind energy and solar energy combined power generation device of new energy,"The utility model provides a wind energy and solar energy combined power generation device of new energy, belongs to the technical field of new energy, and solves the problem that a traditional wind energy and solar energy combined power generation device of new energy is low in efficiency. The new energy wind energy and solar energy combined power generation device comprises a fixed seat, and a fixed column is fixed to the center of the top of the fixed seat. Through the arrangement of the adjusting mechanism, the angle of the solar receiver is conveniently adjusted, the solar receiver is always kept perpendicular to the sun, solar rays are received to the maximum extent, solar energy is converted into electric energy, and the conversion rate of the solar energy is improved; and the situation that after the angle of the equipment box is adjusted, the position of the solar receiver is changed is avoided, rotation adjustment is conducted in cooperation with the solar receiver, fan blades are conveniently adjusted to receive surrounding wind energy through arrangement of a third motor, and the wind power generation efficiency is improved.",F03D9/00; F03D9/25; F03D13/20; F03D80/00; H02S10/12; H02S20/32,Y02E10/50; Y02E10/72; Y02E10/728,cited_by:0 | cites:0,2022
144-123-186-667-155,TARPAULIN SOLAR ENERGY GENERATION SYSTEM AND SOLAR TENT,"The embodiments of the present disclosure provide a tarpaulin solar energy generation system and a solar tent. In the tarpaulin solar energy generation system, one or more solar components are fixed on the tarpaulin and adapted to receive light energy, and a controller is connected to each of the solar components and an energy storage battery and adapted to convert electrical energy generated by the solar components and to store the converted electrical energy in the energy storage battery.",H02S30/20; E04H15/02; H01L31/032; H01L31/046; H02S40/30; H02S40/38,B60J7/00; E04H15/54; Y02E10/541; Y02E70/30; Y02T10/90; H02S30/20; B60R16/03; B62D33/04; E04H15/02; H02S40/30; H02S40/38; H10F19/31; H10F77/126,cited_by:3 | cites:0,2019
027-352-053-983-012,Concentration type solar energy cogeneration device,"The utility model relates to a concentration type solar energy cogeneration device, which belongs to the technical field of solar energy photovoltaic power generation and solar energy heat collection. The concentration type solar energy cogeneration device comprises a multifunctional solar energy conversion plate and a group of plain mirrors, wherein the solar energy conversion plate comprises a piece of protection glass, a solar energy battery, an electrode lead wire, a binder layer, a tube type heat absorption plate, a heat insulation layer and a housing. In the utility model, radiation quantity irradiated on unit area of a solar energy battery board is increased by more than three times through the four plain mirrors at first, so that the actual photoelectric conversion efficiency of the solar energy battery can reach the maximum value; and then the heat of the solar energy battery board is rapidly absorbed through the tube type heat absorption plate at the back of the solar energy battery board, not only is the working temperature of the solar energy battery reduced, but also domestic water can be heated. Therefore, the recycling of waste heat generated during operation of the solar energy battery board can be realized, and the comprehensive utilization efficiency of solar energy can be substantially improved.",H02S40/22; H02S40/42; H02S40/44,Y02B10/10; Y02B10/20; Y02B10/70; Y02E10/52; Y02E10/60,cited_by:0 | cites:0,2011
144-125-192-352-132,Solar energy traffic warning board,"The invention discloses a solar energy traffic warning board, belonging to the technical field of traffic signal. The solar energy traffic warning board comprises a solar cell module, a solar energy intelligent controller, a energy storage accumulator and a light emitting diode group, wherein, the solar cell module is arranged on the top of the traffic warning board and faces to the best directionwhich can receive the sun light, the solar cell module is connected with the solar energy intelligent controller through wires and the solar energy intelligent controller is connected with the energystorage accumulator and the light emitting diode group through wires. The solar cell module charges the energy storage accumulator through the solar energy intelligent controller and the electrical energy of the energy storage accumulator is output to the light emitting diode group through the solar energy intelligent controller and is used to control the light emitting diode group to generate warning and illuminating effects. The invention does not need commercial power, can run only by the electrical energy generated from solar energy and has the advantages of long service life, energy-saving, environmental friend, low cost and the like.",F21S9/03; F21V23/00; F21W111/02; F21Y115/10,,cited_by:0 | cites:0,2010
160-330-209-794-897,Method of heat collection of landscape solar energy,"The invention provides a method of heat collection of landscape solar energy. A rattan-type plant is planted below the solar energy heat collector in spring. The rattan-type plant continues to grow by climbing on the solar energy heat collector through a gap of the solar energy heat collector after the plant grows in summer. Part of the sunlight can be blocked by leaves of the plant. The sunlight irradiating on the solar energy heat collector is reduced. Heat production of the solar energy heat collector is proper. According to the method of the heat collection of the landscape solar energy, the solar energy can be fully used for collecting heat. Redundant sunlight in summer can further be used for planting the plant at the same time. In summer, the solar energy heat collector can be used for collecting the heat. The redundant sunlight can be used for planting the plant and absorbing the carbon dioxide, thus the fault rate of the solar energy heat collector is reduced. Service life is prolonged. The complete solar energy heat collector area is exposed. The solar energy plays the largest role.",F24J2/00,Y02E10/40,cited_by:0 | cites:0,2013
172-036-682-557-262,Solar energy sound box,"An embodiment of the present utility model discloses a solar energy sound box which comprises a solar energy cell panel and a sound box main body, and the solar energy cell panel is fixedly connected with the sound box main body. The solar energy sound box is power-supplied by the solar energy cell panel, the solar energy cell panel is fixedly connected with the sound box main body, thus solar energy sound box is beautiful as a whole.",H04R1/00; H02J7/00; H02S40/38,Y02E10/50; Y02E70/30,cited_by:4 | cites:0,2012
025-196-008-892-651,"Solar alternating-current battery capable of improving six-time absorption, storage and release of solar energy","The invention belongs to the technical field of utilization of space solar energy, particularly relates to a solar alternating current battery capable of improving 6 times of absorption, storage and release of solar energy, and aims to solve the problems that the solar energy absorbed, stored and released by the existing solar energy cannot be effectively converted and the utilization rate of the solar energy is reduced. The solar power generation panel is of a hexagonal pyramid-shaped structure, and the bottom of the solar power generation panel is connected with a solar cell main body; a solar (alternating current) cell panel which is in a hexagonal pyramid shape and can absorb solar energy by 6 times is butted to the surface of a hexagonal solar cell body, so that the solar energy can be absorbed, stored and released by 6 times. The six-prismatic-shaped solar cell is adopted to improve the solar cell characteristics of absorbing, storing and releasing solar energy by 6 times, creativity, permanency, cleanness, environment friendliness, safety, flexibility and long service life are achieved, electric energy can be generated as long as solar radiation and lamplight exist, and charging is not needed.",H01L31/0236; H01L31/042,H10F19/00; H10F77/703,cited_by:0 | cites:0,2022
133-275-861-133-75X,Asphalt processing method using solar energy for heating,"The invention discloses an asphalt processing method using solar energy for heating. A solar cell panel, a solar heat absorption coating and a heat collector are included, and the solar cell panel isused for absorbing solar energy; the heat collector is coated with a solar heat absorption coating, and solar energy is converted into heat energy through the heat collector. The asphalt processing method comprises the steps that 1 the solar cell panel absorbs solar energy, the heat collector is coated with the solar heat absorption coating, and the solar energy is converted into heat energy through the heat collector; 2 the asphalt stored in a large tank is heated; and 3 heat energy in the tank body is focused, so that the asphalt flows, and the flowing asphalt flows into a small tank body. The asphalt processing method has the advantages that air pollution caused by combustion of coal and natural gas is reduced, the solar heat absorption coating with the model of RLHY-2337 is used, the heat collector is helped to absorb solar heat, the efficiency of converting solar energy into heat energy is improved, and the production cost is reduced.",E01C19/08; C10C3/00,E01C19/08; C10C3/00,cited_by:0 | cites:0,2021
097-927-259-878-756,A SOLAR POWERED LIGHTING SYSTEM,Abstract 5 A solar powered lighting system includes a solar module adapted to receive solar energy and transform received solar energy into electrical energy and a lighting module. The lighting module is electrically coupled to the solar module and is configurable to emit light using electrical energy generated by the solar module only while the solar module receives solar energy. The solar module and the lighting 10 module are electrically couplable such that light emitted from the lighting module mimics a characteristic of sunlight from which the solar energy is received. 921801 Prov 162 162' 114',F21S9/00; H01L31/042,F21S9/03; F21S8/024; F21S8/026; F21S8/033; F21S9/04; F21V23/003; F21V23/0442; F21Y2103/10; F21Y2113/13; F21Y2115/10; Y02B10/10; F21S9/032; F21S8/024; F21S8/026; F21S8/033; F21S8/04; F21S9/03; F21S9/04; F21V23/003; F21V23/0442; F21Y2103/10; F21Y2113/13; F21Y2115/10; Y02B10/10,cited_by:1 | cites:0,2013
102-704-338-149-747,Device for utilization of solar energy,"In the present invention, there is disclosed a device for utilization of solar energy. particularly for conversion thereof to thermal energy or electric power, said device comprising a solar energy absorber (A) and an optical means (OM) arranged upstream said solar energy absorber (A) and intended for concentration of solar energy. Said solar energy concentrating optical means (OM), comprising a system of side-by-side arranged optical converging lenses (1), is arranged reversibly adjustable between the position in front of the solar energy absorber (A) and outside of said solar energy absorber (A).",F24S23/30,Y02E10/40,cited_by:2 | cites:0,2011
065-094-659-924-649,Heating method for solar floor,"The invention discloses a heating method for a solar floor. The heating method can comprise the steps that solar energy is absorbed through an energy absorbing unit; the absorbed solar energy is transmitted to an energy receiving unit through an energy transmitting unit; the solar energy received by the energy receiving unit is stored through an energy storage unit; and the energy storage unit releases heat to heat a solar base plate. The heating method has the advantages that the solar energy is convenient to collect and free of pollution; solar energy resources are abundant and can be used for a long time; and air pollution is reduced, and air quality is improved.",F24D15/02; F24D19/10; F24S50/40; F24S60/00,F24D15/02; F24D19/10; F24D2200/14; F24D2220/042; F24D2220/10; Y02B10/20; Y02B10/70,cited_by:0 | cites:0,2018
006-555-920-957-102,Solar energy window using plastic solar batteries,"The utility model belongs to the technical field of solar energy generation and electric energy transformation application, in particular to a solar energy window which uses plastic solar batteries, and comprises a window frame, a plastic solar battery board, louver boards, a transformation circuit, solar accumulators and an integrated circuit, wherein the window frame and the louver boards are arranged on the plastic solar batteries, the transformation circuit and the solar accumulators are arranged in the window frame, and the louvre boards and the window frame are all arranged on the integrated circuit. Absorbed solar energy is transported to electrical energy through the integrated circuit and is stored in the solar accumulators. The solar energy window has simple structure and high utilization rate of solar energy, saves energy, protects environment, and has strong practicality.",E06B9/02; H02S10/20,Y02E10/50; Y02E70/30,cited_by:0 | cites:0,2010
169-389-883-891-895,Solar energy power generation case,"The utility model discloses a solar energy power generation case, including box, end box and case lid, the fixed end box that is provided with of bottom half, end box top fixedly connected with case lid, solar energy electroplax of end box and case lid inner chamber fixedly connected with, no. Two solar energy electroplaxs of end box rear end fixedly connected with, no. Three solar energy electroplaxs of end box right side fixedly connected with. The utility model discloses a rear side and right side at end box have set up no. Two solar energy electroplaxs and no. Three solar energy electroplaxs, sun solar energy electroplax sets up no. Four in the left side of case lid, no. Four solar energy electroplaxs and no. Two solar energy electroplaxs and no. Three solar energy electroplax same mode settings, no. Two solar energy electroplaxs and no. Three solar energy electroplaxs and no. Four solar energy electroplaxs set up box mode internal and that can the pull come out and have increaseedpower generation box and receive solar energy, it is more sufficient to make whole power generation box electric quantity, be fit for being widely used and promoting.",H02S10/40; H02S30/20,Y02E10/50,cited_by:0 | cites:0,2018
045-787-788-882-058,Solar energy flashlight,"The invention relates to flashlights, particularly to a solar energy flashlight. According to the solar energy flashlight, a flashlight body is in a cuboid shaped, two outer surfaces of the flashlight body are provided with solar panels, which can absorb solar energy and convert the solar energy into electric energy for powering the flashlight body. The solar energy flashlight achieves power supply in a battery and solar energy mixed mode, and accordingly, can be powered by dry batteries when solar batteries cannot supply enough power due to continuous rainy days and further prolong the continuous working time. The solar energy flashlight is simple, practical, safe, environmentally friendly and applicable to field environments.",F21L4/08; F21L4/00; F21V23/00,,cited_by:1 | cites:0,2014
126-932-537-571-233,Solar guardrail,"The invention discloses a solar guardrail which is characterized by comprising a guardrail body and a solar collection mechanism (4). Two ends of the guardrail body are embedded into a wall of a balcony, the solar collection mechanism (4) is positioned in the guardrail body, the solar collection mechanism (4) can collect solar energy, and liquid in the solar collection mechanism (4) is heated through the solar energy. The solar guardrail is mounted on the balcony and can function in protection, and the solar energy can be converted into heat energy or electric energy by the solar guardrail.",E04F11/18; F24J2/52; F24S10/40,Y02E10/44; Y02E10/47,cited_by:2 | cites:0,2015
126-214-368-005-217,PORTABLE MODULAR SUN-TRACKING SOLAR ENERGY RECEIVER SYSTEM,"A portable solar energy generation system has a solar energy receiver having a plurality of solar cells for converting solar energy into a DC voltage. A solar tracking mechanism enables the solar energy receiver to track a position of the sun with respect to the solar cells and to position the solar cells responsive thereto. Power circuitry generates at least one output voltage to power an electronic device responsive to the DC voltage. A housing contains each of the solar energy receiver, the solar tracking mechanism and the power circuitry in a portable configuration.",F24S50/20; H01L31/042,H02S10/00; H02S20/00; H02S40/00; H02J7/35; H02S10/40; H02S20/00; H02S20/30; H02S20/32; H02S30/20; Y02E10/50; H02J7/00; H02J7/35; H02S10/40; H02S20/00; H02S20/30; H02S20/32; H02S30/20; Y02E10/50,cited_by:0 | cites:0,2014
156-777-051-572-835,Solar energy receiving tube fixation unit and device for solar energy receiving tube,"The utility model relates to a solar energy receiving tube fixation unit and a device for a solar energy receiving tube. The solar energy receiving tube fixation unit for fixing at least one solar energy receiving tube, and the solar energy receiving tube comprises an outer receiving tube surface. The solar energy receiving tube fixation unit comprises a fixation surface, and the fixation surface is at least partially formed into be opposite to the surface of the outer solar energy receiving tube surface of the solar energy receiving tube. The fixation surface comprises an elastomer fixation material.",B65D81/113; B65D85/30,,cited_by:0 | cites:0,2014
031-872-135-371-726,Solar energy collector,"A solar energy collector comprises a glass membrane, a solar energy collecting device and a window frame, and is characterized in that the glass membrane is connected with the solar energy collecting device, solar energy collecting wires are implanted in the inner layer of the glass membrane for collecting solar energy, the solar energy is transmitted to a conversion device, the conversion device converts the solar energy into electric energy, the electric energy is stored in an electricity storage device connected with the conversion device, the electricity storage device is provided with a switch, and the electric energy is transmitted to electricity-utilization equipment by switching on the switch. Compared with the prior art, the solar energy collector has significant advantages and beneficial effects that the solar energy collected by the solar energy collecting wires are converted into electric energy in the conversion device, the electric energy is transmitted to the electricity storage device, the electricity storage device is provided with the switch, the electric energy transmitted by the conversion device is stored in the electricity storage device when the switch is switched off, and the stored electric energy is transmitted the electricity-utilization equipment when the switch is switched on.",F24J2/00,Y02E10/40,cited_by:0 | cites:0,2015
028-697-590-535-792,Solar electric source device of super capacitor,"The utility model discloses a solar energy power device for a super capacitor, which relates to a solar power generation. The method is that the maximum power of the solar power system is traced in dynamic balance way. An intelligence type charging and discharging mechanism is added according to the method to form an intelligence type coordination style solar energy device. The utility model at least comprises a solar energy board, an ultra-capacitor, a direct-current/step-up step-down converter, a pulse width modulation driver, an accumulator cell, a logic controller, and a load. The electric energy produced by the solar energy board is converted into the capacitor form electric energy to calculate the maximum power, and the calculation procedure can be simplified greatly. The real-time and the reliability degree of the tracing calculation are promoted, and the solar energy system efficiency is gained. The utility model can be widely applied to a solar energy LED lamp and a solar energy lamp, in particular to a solar energy street lamp, a street lamp, a solar energy traffic signal lamp, and a solar energy project light, etc.",H02J7/35; H02J15/00,Y02E70/30,cited_by:13 | cites:0,2008
145-481-024-050-431,Solar energy sunlight shining device capable of promoting solar radiation energy,"A solar energy sunlight shining device capable of promoting solar radiation energy is composed of a solar energy support. A solar energy facility is installed within the range of the solar energy support. A sunlight receiving screen and a sunlight shining device are installed on the periphery of the solar energy support. Angles of the sunlight shining device are capable of being adjusted. The sunlight shining device is composed of a connecting support and a sunlight shining screen. Angles of the connecting support and the sunlight shining screen are capable of being adjusted. The sunlight receiving screen and the sunlight shining screen are made of metal mirror materials. The solar energy sunlight shining device is characterized in that the solar energy facility is directly shined by sunlight and can be shined by radiation light reflected by the sunlight shining screen at the same time, and therefore the solar energy facility can be radiated by dual lights of the sunlight and the sunlight shining. When in extreme weather in winter, the solar energy sunlight shining device is capable of receiving a strong heat value effect like in summer. The solar energy sunlight shining device is widely applied for devices such as solar energy battery electricity generation and solar water heater.",G02B19/00; G02B7/198,,cited_by:0 | cites:0,2013
190-110-204-322-886,SOLAR ENERGY PHOTOVOLTAIC CONTROL SYSTEM,"A solar energy photovoltaic (PV) control system includes a solar energy absorption board configured to receive solar energy from solar rays and transfer solar energy to voltage/current signals, a motor, a voltage/current collecting circuit connected to the solar energy absorption board to receive the voltage/current signals therefrom, a micro control unit (MCU) connected to the voltage/current collecting circuit to receive the voltage/current signals therefrom, and a motor driver connected between the MCU and the motor. The solar energy absorption board is fixed on the motor and the motor drives the solar energy absorption board to pivot. The MCU controls the motor driver to drive the motor to adjust the angle between incoming solar rays and the solar energy absorption board to place the solar energy absorption board to directly face the sun according to the collected voltage/current signals.",H01L31/04; H02J7/00,H02S20/32; F24S50/20; Y02E10/47; Y02E10/50; H02S20/32; F24S50/20; Y02E10/47,cited_by:5 | cites:0,2009
192-743-736-108-015,Solar stepping stone,"A solar stepping stone comprises a housing having an upper surface, side walls and a lower surface, the housing defining a chamber. A solar energy collector is associated with the housing for collecting solar energy. A solar power storage device is provided in the chamber for receiving and storing solar energy received from the solar energy collectors. An illuminator for illuminating at least a portion of the upper surface of the solar stepping stone is contained in the chamber and is powered by solar energy stored by the solar power member.",E01C17/00; E01F9/00; E01F9/06; F21S8/02; F21S9/03; F21V23/04; F21V33/00,F21S8/022; E01C17/00; E01F9/559; F21S9/037; F21V23/0435; F21V23/0442; F21V33/006; F21Y2115/10; Y02B10/10; Y10S362/802; F21S8/022; E01C17/00; E01F9/559; F21S9/037; F21V23/0435; F21V23/0442; F21V33/006; F21Y2115/10; Y02B10/10; Y10S362/802,cited_by:22 | cites:0,2005
149-369-983-596-97X,Solar air conditioner,"The invention provides a solar air conditioner. The solar air conditioner comprises an indoor unit, an outdoor unit, a compressor and an evaporator; the solar air conditioner further comprises a solarpipeline, a photovoltaic module arranged on the top of the solar pipeline, a heat collection pipe assembly arranged at the bottom of the solar pipeline and a heat collection sheet arranged on the heat collection pipe assembly; the solar pipeline is used for enabling a refrigerant to circulate; the photovoltaic module is used for converting solar energy into electric energy; and the heat collection pipe assembly and the heat collection sheet are used for absorbing solar energy and converting the solar energy into heat energy. By adopting the solar air conditioner, a large amount of solar energy can be converted into electric energy, not only can enough energy be supplied to the air conditioner for use, but also a large amount of redundant electric energy can be generated and output to theoutside, and the economic benefit of the solar air conditioner is improved.",F24F5/00,F24F5/0046; F24F2005/0067,cited_by:0 | cites:0,2018
139-018-751-074-059,PORTABLE MODULAR SUN-TRACKING SOLAR ENERGY RECEIVER SYSTEM,"A portable solar energy generation system has a solar energy receiver having a plurality of solar cells for converting solar energy into a DC voltage. A solar tracking mechanism enables the solar energy receiver to track a position of the sun with respect to the solar cells and to position the solar cells responsive thereto. Power circuitry generates at least one output voltage to power an electronic device responsive to the DC voltage. A housing contains each of the solar energy receiver, the solar tracking mechanism and the power circuitry in a portable configuration.",H02J7/00; F24S50/20,H02S10/00; H02S20/00; H02S40/00; H02J7/35; H02S10/40; H02S20/00; H02S20/30; H02S20/32; H02S30/20; Y02E10/50; H02J7/00; H02J7/35; H02S10/40; H02S20/00; H02S20/30; H02S20/32; H02S30/20; Y02E10/50,cited_by:91 | cites:0,2013
121-275-314-783-854,Solar energy collection mounting bracket,"The utility model discloses a solar energy collection mounting bracket, it includes chevron shape solar energy mounting bracket (1), solar energy mounting bracket (1) includes base (2) and solar energy reflector panel (4) that the bisymmetry set up, two it is equipped with the solar energy water storage bucket (5) of taking a plurality of mounting holes, two on it to be equipped with solar energywater storage barrel head seat (9) between solar energy reflector panel (4) upper portion the spaced is equipped with horizontal pole (3) between solar energy reflector panel (4), two the inboard of base (2) is equipped with a plurality of solar energy collection pipe holding tank (7) respectively, and a plurality of solar energy collection pipe (6) set up corresponding respectively in the solar energy collection pipe holding tank (7), every insert on the upper portion of solar energy collection pipe (6) in solar energy water storage bucket (5) the mounting hole, the upper surface of base (2)and with the corresponding punishment in holding tank (7) position of solar energy collection pipe do not is equipped with solar energy collection and manages contract vacuum mouth passageway (8), adopting above -mentioned structure, having realized simple structure, easy to assemble, labour saving and time saving just can prevent to touch solar energy collection and manage the vacuum mouth effectthat contracts.",F24S60/30; F24S10/70; F24S25/13,Y02E10/44; Y02E10/47,cited_by:0 | cites:0,2018
161-933-856-738-567,"Automatic beam condensing unit, solar device and solar energy system of solar energy trail","The utility model provides an automatic beam condensing unit, solar device and solar energy system of solar energy trail, belongs to solar energy technical field. The beam condensing unit of automatic tracking solar energy includes light concentrating sheet, the metal light concentrating sheet that light concentrating sheet changes along with the change of temperature for bending angle. The utility model provides an automatic beam condensing unit, solar device and solar energy system of solar energy trail does not additionally need, and consumption of electric energy trails the sun.",F24J2/46; F24S10/40; F24S23/70; F24S50/20,Y02E10/44; Y02E10/47,cited_by:1 | cites:0,2017
151-548-306-627-13X,Solar energy lighting lamp,"The invention discloses a solar energy lighting lamp. The solar energy lighting lamp mainly comprises a solar panel, a processor and an led lamp. The solar energy lighting lamp is characterized in that the processor is arranged in the lighting lamp, the solar panel is arranged on the surface of the lighting lamp, the led lamp is arranged in the middle of the lighting lamp, during using, the solarpanel absorbs solar energy, the processor converts the solar energy into electrical energy and supplies the electrical energy for the led light, and convenience is brought to people.",F21S9/03; F21Y115/10,F21S9/03; F21Y2115/10,cited_by:0 | cites:0,2018
040-801-462-741-227,Solar energy corn thresher,"The invention relates to a solar energy corn thresher. The corn thresher is characterized by including a solar energy battery plate, an inverter, a storage battery, a controller and a spiral thresher,and the solar energy corn thresher can convert the solar energy into electric energy to be stored in the storage battery so as to supply electric energy for the thresher; when the solar energy corn thresher is not used, the solar energy assemblies can supply electric energy for domestic lighting and other devices and input the electric energy into a power network. The thresher has the advantagesthat all energy consumption is from the solar energy, which is clean and safe, when the solar energy corn thresher is not used, the thresher can supply electric energy to other equipment or input theelectric energy into power network, and the problem of energy shortage can be efficiently solved.",A01F12/56; A01F12/20; H02J7/35,A01F12/56; A01F12/20; H02J7/35; Y02P60/12,cited_by:0 | cites:0,2018
002-919-964-613-618,Adjustable solar streetlight,"The utility model relates to an adjustable solar energy road lamp, which belongs to a municipal illuminating device. The utility model comprises a road lamp and a road lamp post thereof which is provided with a solar energy board, a solar energy charging battery and a photosensitizing controllable switch, wherein the solar energy board is arranged on the top part of the road lamp post and the surface of the upper part, the solar energy charging battery is arranged on the upper part of the road lamp post, the photosensitizing controllable switch is arranged under the solar energy board, the solar energy board is connected with the solar energy charging battery by conducting wires, and the solar energy charging battery, the photosensitizing controllable switch and the road lamp are connected in series on a control circuit of the road lamp by conducting wires. The utility model uses the reproducible green energy resource which is solar energy as a power source. The utility model absorbs the solar energy at daytime with sufficient light irradiation and converts the solar energy into electric energy for storage. The utility model releases the electric energy after dusk for the illumination of the road lamp. The utility model has the characteristics of energy saving and environment protection.",F21S9/02; F21V23/00; F21W131/103; H02J7/00; H03K17/94,,cited_by:2 | cites:0,2006
034-265-831-798-410,Solar camera,"The utility model belongs to the technical field of monitoring equipment, and particularly relates to a solar camera. The camera comprises a camera body and a solar cell panel. The solar cell panel is arranged on the upper end face of the camera body, and the solar cell panel is electrically connected with a battery assembly in the camera body; the solar cell panel can convert solar energy into electric energy and store the converted electric energy in the cell module. The solar panel in the solar camera can absorb solar energy, convert the solar energy into electric energy and charge the converted electric energy into the battery assembly of the camera body, so that the camera body is provided with the electric energy required by the camera body during working, and the solar camera can operate normally without pulling a lead; therefore, the installation of the solar camera is simpler and more convenient.",H04N23/50; H02J7/35; H04N23/56; H04N23/65,Y02E10/50,cited_by:0 | cites:0,2023
008-632-197-172-080,IMPROVED SOLAR ENERGY COLLECTORS AND METHODS FOR SOLAR ENERGY SYSTEMS,"The present invention offers improved absorber plates for solar energy collectors, improved cover glazings for solar energy collectors, improved concentrating solar energy collectors, and solar energy collection methods that use one or more of the improved solar energy collectors for useful residential, commercial, and industrial applications. The improved absorber plate solar energy collectors utilize a 3-dimensional porous metal to improve solar radiant absorption collection and utilization, the improved concentrating solar energy collectors are Fresnel lens faced ducts of various geometries that enable efficient axial length solar energy collection, and the improved cover glazings utilize transparent front and back faces with other insulating property improvements to enable increased solar radiant energy harvest per unit front face cover area of solar collector.",F24J2/04; F24J2/48; F24J2/50; F24S10/30; F24S10/40; F24S10/70; F24S10/80; F24S23/30; F24S90/00,F24S10/80; F24S10/72; F24S23/31; F24S70/12; F24S2080/503; Y02B10/20; Y02E10/44; Y02E10/50; Y02E10/60; Y02P80/20; F24S10/80; F24S10/30; F24S10/40; F24S10/70; F24S10/72; F24S23/31; F24S70/12; F24S2080/503; H02S40/44; Y02B10/20; Y02E10/44; Y02P80/20,cited_by:0 | cites:0,2014
031-376-592-329-467,MOUNTING STRUCTURE FOR SOLAR ENERGY COLLECTING PIPE,"<P>PROBLEM TO BE SOLVED: To provide a mounting structure for a solar energy collecting pipe allowing the mounting of the solar energy collecting pipe on the reverse of a solar energy collecting plate in a well workable manner without causing the separation of the solar energy collecting plate even when warped by heat. <P>SOLUTION: The mounting structure for the solar energy collecting pipe comprises the solar energy collecting pipe 3 arranged on the reverse of the solar energy collecting plate 1, a fin 2 placed covering the solar energy collecting pipe 3, and a box 4 covering the solar energy collecting plate 1 at its reverse. The expandable foam solar energy insulating material is filled in a closed space formed by the heat collecting plate 1 and the box 4 and foamed, and the pressure of volume expansion due to the foaming is used for press bonding the solar energy collecting pipe 3 to the reverse of the solar energy collecting plate 1 via the fin 2. <P>COPYRIGHT: (C)2004,JPO&NCIPI",F24J2/00; F24J2/46; F24S10/70,Y02E10/44,cited_by:2 | cites:0,2004
122-591-907-460-20X,High-efficiency solar energy collecting plate,"The utility model provides a high-efficiency solar energy collecting plate, comprising an energy collecting plate which is vertical to solar rays, and the solar energy collecting plate is characterized in that: vertical light reflecting plates are arranged at the left side, the right side and the back side of the energy collecting plate. By adopting the vertical light reflecting plates which are arranged at the left side, the right side and the back side of the energy collecting plate, the solar rays in different seasons and times are reflected to the energy collecting plate, thereby efficiently increasing the energy collecting efficiency of the energy collecting plate, meanwhile, the high-efficiency solar energy collecting plate has the advantages of simple structure, convenient operation, reliable performance and the like, therefore, the high-efficiency solar energy collecting plate is an effective way to increase the efficiency of the solar energy collecting plate with low cost and can provide enough solar thermal energy for a solar energy generator and a solar energy water heater.",F24J2/48; F24J2/52,Y02E10/47,cited_by:1 | cites:0,2010
119-827-982-679-615,Solar air conditioning and water heating system,"The invention relates to a solar-energy air conditioner hot water system, which is formed by a solar-energy collector and an air conditioner hot water device. Wherein, said solar-energy collector can be solar-energy collector or the solar-energy photo-voltaic cell; the solar-energy collector is matched with the air conditioner hot water device, to be managed by the microcomputer controller. The invention realizes the intelligent integration and compensation between solar-energy technique and central air conditioning technique.",F24F5/00,Y02B10/20; Y02B10/70,cited_by:10 | cites:0,2006
084-710-378-645-024,Solar energy charging battery,"The solar energy charging battery comprises a casing, at least one solar energy plate, a circuit plate, a battery core, the solar enery plate is arranged on the casing for absorbing the solar energy and converting to the electric energy, the circuit plate is provided with a boosted circuit and a charging circuit, the boosted circuit is electrically connected with the solar energy plate and the charging circuit, the battery core is electrically connected with the charging circuit for storing the electric energy. The solar energy charging battery absorbs the solar energy and converts to the electric energy, then stores the electric energy in the battery core through the charging circuit, with simple structure, and is convenient for compensating the electric energy.",H02J7/35; H02S40/38,Y02E10/50; Y02E70/30,cited_by:1 | cites:0,2008
052-280-512-865-127,Solar energy monitoring system,"The invention discloses a solar energy monitoring system which comprises a solar panel, monitoring equipment, a solar energy controller and a power transformation controller. The solar panel is located at the front end of the solar energy monitoring system and is used for supplying power to the solar energy monitoring system. The monitoring equipment is electrically connected with the terminal ofthe solar energy monitoring system. The solar energy controller comprises an input end and an output end. The power transformation controller comprises an input module and an output module. One end ofthe input module is electrically connected with the solar panel, and the other end of the input module is electrically connected with the input end of the solar controller. One end of the output module is electrically connected with the output end of the solar energy controller, and the other end of the output module is electrically connected with the monitoring equipment. The solar energy monitoring system has the characteristics of simple structure, less energy consumption and higher efficiency.",H02S40/30; H02H9/04,H02S40/30; H02H9/04; Y02E10/50,cited_by:0 | cites:0,2020
176-243-966-319-394,Solar panel charging display device and use method thereof,"The invention discloses a solar panel charging display device and a use method thereof. The solar panel charging display device comprises a solar panel, an energy storage module, a measuring module and a display module, wherein the solar panel can convert solar energy into electric energy; the energy storage module is connected with the solar panel so as to store the electric energy generated by the solar panel; the measuring module is connected with the solar panel and the energy storage module; the measuring module is used for measuring an electric signal value of the electric energy transmitted to the energy storage module by the solar panel; the display module is connected with the measuring module and dynamically displays the electric signal value measured by the measuring module, and therefore, a user can easily know the relation between the placing position or the angle of the solar panel and the electric energy quantity generated by the solar panel.",H02J7/00; G01R19/00; H02S50/10,Y02E10/50,cited_by:1 | cites:0,2009
024-958-982-378-893,Solar energy collecting board,"The invention discloses a solar energy collecting board, belonging to the field of solar energy utilization. The solar energy collecting board comprises a bracket and a solar collecting board arranged on the bracket, wherein the outside surface of the solar collecting board is conical. The solar energy collecting board is designed to an array configuration. By adopting the invention, the collecting area of the solar energy and the output power of the solar power generation device are increased on the limited floor space; and most of the scattered light and reflected light of the sunlight are absorbed by the neighboring surface of the solar collecting board, thus increasing the utilization rate of the solar energy.",H02S30/10,Y02E10/50,cited_by:1 | cites:0,2011
160-674-046-195-812,Solar energy comprehensive utilization device and control method,"The invention provides a solar energy comprehensive utilization device and a control method, and relates to the technical field of new energy. According to the invention, the fixing frame is arranged around the solar photovoltaic panel, so that the solar photovoltaic panel can rotate around the central axis of the fixing frame, and therefore, when power grid absorption is difficult, the solar photovoltaic panel can be rotated, direct radiation of the solar photovoltaic panel can be reduced, output power of the solar photovoltaic panel can be reduced, and adjustment capability of new energy can be improved; when the power grid supply is insufficient, the solar photovoltaic panel can be rotated to increase the direct radiation of the solar photovoltaic panel, increase the output power of the solar photovoltaic panel, and improve the adjustment capability of the new energy. A water tank is further arranged on the back face of the solar photovoltaic panel, when the solar photovoltaic panel inclines or turns over, the water tank absorbs solar energy and converts the solar energy into heat energy and chemical energy, the solar energy is fully utilized, and the utilization rate of the solar energy is increased.",H02S20/30; F24S30/42; H02J3/38; H02S30/10; H02S40/44,F24S30/42; H02J3/38; H02J2101/24; H02S20/30; H02S30/10; H02S40/44,cited_by:0 | cites:0,2024
067-893-314-562-842,Solar bicycle,"The invention provides a solar bicycle, which comprises a bicycle body, a DC motor and a storage battery, wherein the DC motor and the storage battery are arranged on the bicycle body; the solar bicycle further comprises an automatically-adjusting solar energy collection system, wherein the automatically-adjusting solar energy collection system is arranged on the bicycle body, and the automatically-adjusting solar energy collection system is connected with the storage battery by means of a control circuit. Compared with the prior art, electric energy is provided to a power system of the solarbicycle finally by means of the automatically-adjusting solar energy collection system, efficient conversion of solar energy is realized, the utilization efficiency of solar energy is improved, the energy recourse is saved, the structure is simple, energy consumption can be reduced, and the cost is saved. The automatically-adjusting solar energy collection system can automatically complete the collection of solar energy; a solar tube can be adjusted according to time and sunlight illumination angles, and the utilization and conversion efficiency of the solar energy can be effectively improved;and the solar bicycle has the advantages of simple structure, low manufacturing cost, high popularization performance, and wide application range.",G05D3/12; B62J99/00; H02S10/20; H02S20/32,G05D3/12; B62J45/00; B62J99/00; H02S10/20; H02S20/32; Y02E10/50; Y02E70/30,cited_by:2 | cites:0,2018
028-196-064-629-785,PORTABLE MODULAR SUN TRACKING SOLAR ENERGY RECEIVER SYSTEM,A portable solar energy generation system has a solar energy receiver having a plurality of solar cells for converting solar energy into a DC voltage. A solar tracking mechanism enables the solar energy receiver to track a position of the sun with respect to the solar cells and to position the solar cells responsive thereto. Power circuitry generates at least one output voltage to power an electronic device responsive to the DC voltage. A housing contains each of the solar energy receiver the solar tracking mechanism and the power circuitry in a portable configuration.,F24S50/20; H01L31/042,H02S10/00; H02S20/00; H02S40/00; H02J7/35; H02S10/40; H02S20/00; H02S20/30; H02S20/32; H02S30/20; Y02E10/50; H02J7/00; H02J7/35; H02S10/40; H02S20/00; H02S20/30; H02S20/32; H02S30/20; Y02E10/50,cited_by:0 | cites:0,2015
187-347-478-991-777,Solar hollow brick,"The utility model discloses a solar hollow brick which comprises a cavity and solar cells, and at least part of the solar cells are located in the cavity. The utility model provides a solar hollow brick. The solar cells are arranged in the solar hollow brick; at least part of the solar cell pieces are located in the cavity, solar energy is radiated to the solar cell pieces through the solar hollowbrick, and the solar cell pieces convert the solar energy into electric energy for use, so that the solar hollow brick has the function of converting the solar energy into the electric energy, and the functions of the solar hollow brick are enriched. Meanwhile, the cavity of the solar hollow brick can protect the solar cells in the cavity, such as water resistance, dust resistance and the like.",E04F13/074; H02S20/26,Y02B10/10; Y02E10/50,cited_by:0 | cites:0,2019
198-276-091-497-575,Solar energy photovoltaic panel having timing clean function,"The utility model provides a solar energy photovoltaic panel having a timing clean function. The solar energy photovoltaic panel aims at solving problems that sand and dust are easily gathered on the solar energy photovoltaic panel as the solar energy photovoltaic panel is long exposed to field environment when working, and the output power of the solar energy photovoltaic panel is reduced after the sand and the dust are gathered on the solar energy photovoltaic panel, so that the solar energy photovoltaic panel needs to be cleaned at regular intervals. The solar energy photovoltaic panel having the timing clean function comprises a solar energy photovoltaic panel body. The solar energy photovoltaic panel body is connected with a storage battery, and the storage battery is connected with an inverter. The solar energy photovoltaic panel is characterized in that the inverter is connected with a driving motor, the driving motor is connected with a leading screw, a nut is arranged on the leading screw, the nut is connected with a long brush, the driving motor is connected with a timing controller, and dust gathering grooves are arranged on the two sides of the solar energy photovoltaic panel body. By employing the solar energy photovoltaic panel having the timing clean function, extra energy is not needed, and manual cleaning is also not needed, so that labor force is saved. The solar energy photovoltaic panel having the timing clean function is of simple structure and low cost, and is applicable to being popularized and used in a large scope.",H01L31/042; B08B1/00; B08B5/02,Y02E10/50,cited_by:4 | cites:0,2013
127-739-429-283-746,Solar energy storage and conversion system,"The invention relates to a solar energy storage and conversion system. The solar energy storage and conversion system includes a control device, a solar energy heat collector, a drilling energy storage device, a layered circulation device and an absorbent refrigeration device, the solar energy heat collector, the drilling energy storage device and the layered circulation device are connected, thelayered circulation device is connected with the absorbent refrigeration unit, and the control device are electrically connected with the solar energy heat collector, the drilling energy storage device, the layered circulation device and the absorbent refrigeration device. The solar energy is collected through the solar energy heat collector and converted into the heat energy, the heat energy is transmitted to the layered circulation device to supply the heat to users, the layered circulation device can also transmit the heat energy to the absorption refrigeration device, the absorbent refrigeration device absorbs the heat energy for cooling, the excess heat energy is stored through the drilling energy storage device, the drilling energy storage device can store the heat energy for a longtime, in the absence of the sufficient solar energy, the heat energy of the drilling energy storage device flows back to the solar energy heat collector, and the utilization rate of the solar energy is increased.",F24S60/00; F25B15/06; F25B27/00,Y02A30/27; Y02B30/62; Y02E10/40,cited_by:0 | cites:0,2019
047-838-358-967-414,Solar energy heating pad and controlling means thereof,"The utility model discloses a solar energy heating pad and controlling means thereof, wherein, solar energy heating pad's controlling means includes solar panel, battery, solar charging module, control module and heating module and USB output module, solar charging module, heating module and USB output module all connect control module, USB output module still connects battery and heating module,the solar charging module is still connected solar panel and battery, solar energy heating pad's controlling means utilize solar panel with solar energy transformation after for the electric energy through the storage of solar charging module in the battery to according to control module's control, make USB output module supply power in the heating module, and then make solar energy heating pad generate heat, realize that solar energy heating pad utilizes solar energy power generation's function, increase the duration of product, reach solar energy heating pad function diversified actual effect.",A45F3/00; A45F3/46; H02J7/00; H02J7/35,,cited_by:0 | cites:0,2018
138-339-579-962-118,ROOF STRUCTURE WITH SOLAR BATTERY AND ROOF PANEL WITH SOLAR BATTERY,"PROBLEM TO BE SOLVED: To effectively use solar energy by providing a solar energy collector in a place of the roof surface where a solar battery module is not installed. SOLUTION: Solar battery modules 3 are sequentially fitted to the surface of a panel main body 2 through connecting frames stretched to longitudinal bars 11, 13 from the solar battery module 3 in the downstream of the flow direction. On the other hand, a solar energy collector 4 is stretched between the longitudinal bars 12, 13 by utilizing the fitting structure of the solar battery modules 3 to be fitted to the panel main body 2. When solar energy is given, the solar energy collector 4 can elevate the water temperature, whereby it is installed in a place where there is no solar battery module 3 to be effectively used for using solar energy. The solar energy collector 4 does not always need light quantity unlike the solar battery module 3, so that even if it is disposed in a place where the quantity of light is insufficient, the solar energy can be effectively used by function of the solar energy collector 4.",E04D13/18; E04D3/40; F24J2/04; H01L31/042,F24S25/67; F24S25/61; F24S2020/17; Y02B10/10; Y02B10/20; Y02E10/47,cited_by:2 | cites:0,2000
192-807-639-761-08X,Systems and method for producing mechanical energy,"A system is provided for producing mechanical energy. The system may include a solar collector configured to receive solar energy and an external heater configured to provide secondary thermal energy. Furthermore, the system may include an engine disposed in communication with the solar collector and the external heater. To this end, the engine may be operable to receive the solar energy from the solar collector, receive the secondary thermal energy from the external heater, and convert the solar energy and the secondary thermal energy to mechanical energy. Additionally, the system may include a controller in communication with the solar collector, the engine, and the external heater. The controller may be configured to control an amount of solar energy and an amount of secondary thermal energy received by the engine.",B60K16/00; F01B29/10,Y02E10/46; F03G6/068; F03G6/121; Y02E10/46; F03G6/068; F03G6/121,cited_by:4 | cites:0,2013
169-081-408-514-862,Portable modular sun-tracking solar energy receiver system,"A portable solar energy generation system has a solar energy receiver having a plurality of solar cells for converting solar energy into a DC voltage. A solar tracking mechanism enables the solar energy receiver to track a position of the sun with respect to the solar cells and to position the solar cells responsive thereto. Power circuitry generates at least one output voltage to power an electronic device responsive to the DC voltage. A housing contains each of the solar energy receiver, the solar tracking mechanism and the power circuitry in a portable configuration.",H02S20/32; F24S50/20; H02J7/00; H02S40/30,H02S10/00; H02S20/00; H02S40/00; H02J7/35; H02S10/40; H02S20/00; H02S20/30; H02S20/32; H02S30/20; Y02E10/50; H02J7/00; H02J7/35; H02S10/40; H02S20/00; H02S20/30; H02S20/32; H02S30/20; Y02E10/50,cited_by:5 | cites:0,2015
068-595-100-037-007,Solar plateau surface temperature compensation device,"The embodiment of the utility model relates to the technical field of energy equipment, and discloses a solar plateau surface temperature compensation device. The solar plateau surface temperature compensation device comprises a solar conversion module, an energy storage module and a temperature compensation module, wherein the temperature compensation module is arranged in soil on the ground surface; the solar energy conversion module is a solar energy thin film battery used for converting light energy into electric energy. the energy storage module is connected with the solar energy conversion module; the storage module is used for storing the electric energy output by the solar energy conversion module; the temperature compensation module is connected with the solar energy conversion module and the energy storage module; the solar energy conversion module or the energy storage module is used for converting electric energy output by the solar energy conversion module or electric energy stored by the energy storage module into heat energy and conducting the heat energy to earth surface soil, so that the earth surface temperature is increased, the growth temperature of plants in the young stage can be met, and the overwintering survival rate of plant seedlings is increased.",A01G9/20; A01G9/24; A01G9/26,Y02A40/25; Y02P60/12,cited_by:1 | cites:0,2019
054-069-651-489-335,High -efficient heat pump device of two return circuits of absorption formula solar energy,"The utility model discloses a high -efficient heat pump device of two return circuits of absorption formula solar energy, including solar panel, heat accumulation device, solar energy absorbed refrigeration device, the direct heating device of solar energy and solar thermal energy pump unit, solar panel passes through heat conduction solution loop pipe way intercommunication heat accumulation device, and the heat accumulation device passes through the loop pipe way and communicates solar energy absorbed refrigeration device and the direct heating device of solar energy respectively, and solar panel passes through refrigerant loop pipe way intercommunication solar thermal energy pump unit, solar energy absorbed refrigeration device, the direct heating device of solar energy and solar thermal energy pump unit are all through pipeline and air conditioning system intercommunication. The device sets up the heat accumulation device, has improved the heat -retaining volume of solar energy, and the heat supply is more stable, compressor system efficiency relative altitude, more power saving, application solar energy heat conduction refrigeration, it is power consumptive hardly to refrigerate, is power saving, economizes the refrigerating system of expense most.",F25B15/00; F25B30/00,Y02A30/27; Y02B30/62,cited_by:1 | cites:0,2016
182-361-777-362-216,SOLAR ENERGY UTILIZING APPARATUS,"PURPOSE:To receive the sunlight in the maximum amount throughout a year, by inclining a solar energy receiving surface and fixing it such that the angle between the solar energy receiving surface and a horizontal plane is specified for the latitude of the installed position of the captioned apparatus. CONSTITUTION:In the solar energy utilizing apparatus wherein the solar energy receiving surface is fixed for receiving the solar energy, the angle alpha between the solar energy receiving surface and a horizontal plane is defined as (0.88+0.05)phi>= alpha>=(0.88-0.05)phi for the latitude phi of the installed position of the solar energy utilizing apparatus so that the solar energy receiving surface may be inclined. This is, as apparent from the characteristic chart that shows integrated values of electric power obtained for various solar energy receiving angles of a solar cell, based on the fact that the electric power is maximum at a solar energy receiving angle phi' that is a product of 0.88 multiplied by the latitude phi of the installed position.",F24J2/52; H01L31/04; H01L31/042,Y02E10/47; Y02E10/50,cited_by:0 | cites:0,1981
098-065-099-300-938,Internal quartz solar energy light and heat converter,"The utility model discloses an internal quartz solar energy light and heat converter suitable for different temperatures and a solar energy light and heat converting method by quartz devices. The utility model can sufficiently utilize the physical chemical performances of the quartz devices to implement the collection of the solar energy, and provides a new technology means and method for the solar energy. When the quartz devices are used as the solar energy collecting devices, the collections of the solar energy of different temperatures can be implemented, at least one quartz device is provided, one translucent device is arranged outside the quartz devices, a solar energy coating layer capable of converting the solar energy into the heat energy is arranged at the inner wall of the translucent device or the outer surface of the quartz device, the quartz devices transfer and/ or exchange the heat energy to the outside of the translucent device, thereby implementing the light and heat conversion of the solar energy and the final utilization of the heat energy. The objective of the utility model is to provide a solar energy light and heat converter suitable for different temperatures, especially a light and heat converter device for implementing the middle and high temperatures of the solar energy, and a solar energy light and heat converting device applied to tower type and butterfly type.",F24J2/46; F24J2/48; F24J2/51; F24S10/30; F24S10/70; F24S10/95; F24S23/30; F24S23/70,Y02E10/44,cited_by:2 | cites:0,2010
187-276-966-265-621,Solar battery,"The invention provides a solar energy battery which comprises a solar energy battery module array, and the solar energy battery is characterized in that the solar energy battery module array comprises at least two adjacent arc solar energy battery modules in the row direction; arc faces of the adjacent arc solar energy battery modules in the row direction form adjacent overlapping or tangent overlapping on taper angles; and the arc faces are mutually parallel. The solar energy battery has the advantages of enhancing output of the solar energy battery under the condition of without increasing the investment of underlay materials and providing a compact arrangement program of the arc solar energy battery module to make adjacent arcs be mutually crossed; and the distance between the arc solar energy battery module array and the modules formed by adopting the mode is shortened, and the arrangement is compact.",H01L31/042,Y02E10/50,cited_by:1 | cites:0,2009
162-147-332-274-501,reflector to assist in effecting a collection of solar energy,"PURPOSE: A reflecting plate for collecting solar energy is provided to recollect solar energy discharged caused by reflection and to efficiently collect the solar energy. CONSTITUTION: A reflecting plate for collecting solar energy comprises a collector(1) collecting the solar energy; a collecting plate(2) mounted on the collector; a heat insulating plate(3) minimizing heat loss of the collector by being mounted on a rear portion of the collecting plate; upper and lower reflecting plates(5,6) installed on both end portions of the collector; and a hinge(7) combing the lower reflecting plate to the collector. The upper and lower reflecting plates inducing the solar energy to heat the collecting plate. Thereby, the reflecting plate for collecting the solar energy recollects the solar energy discharged caused by reflection. Moreover, the reflecting plate for collecting the solar energy efficiently collects the solar energy.",F24S23/70; F24S23/77,F24S23/77; Y02E10/40,cited_by:2 | cites:0,2002
071-189-457-698-881,SOLAR ELECTRICITY GENERATION SYSTEM,"65148 abstract 10/09/08 ABSTRACT A solar electricity generation system including a solar energy-to-electricity converter having a solar energy receiving surface including at least an electricity-generating solar energy receiving surface and a plurality of reflectors arranged to reflect solar energy directly onto the solar energy receiving surface, each of the plurality of reflectors having a reflecting surface which is configured and located and aligned with respect to the solar energy receiving surface to reflect specular solar radiation with a high degree of uniformity onto the solar energy receiving surface, the configuration, location and alignment of each of the reflectors being such that the geometrical projection of each reflecting surface is substantially coextensive with the electricity-generating solar energy receiving surface. 1",H01L31/052,H10F77/488; F24S23/71; F24S25/00; F24S30/452; F24S2020/23; F24S2023/874; Y02E10/47; Y02E10/52; H10F77/488; F24S23/71; F24S25/00; F24S30/452; F24S2020/23; F24S2023/874; Y02E10/40; Y02E10/47; Y02E10/52,cited_by:3 | cites:0,2009
058-719-989-232-876,Solar energy down jacket,"The invention discloses a solar energy down jacket. The down jacket comprises a jacket main body, a hood, a collar and gussets, wherein a solar energy electric heating device is arranged in the jacket main body. The solar energy electric heating device is composed of a solar energy panel, a solar energy heat radiation assembly, a solar energy storage battery, a conversion interface, relevant circuits and a switch. The solar energy down jacket is special in function, solar energy absorbed by the surface of a down jacket is utilized reasonably and is transformed into electric energy, and people are enabled to increase the temperature of the down jacket according to utilization needs. The solar energy down jacket is convenient to operate, safe in operation, moderate in cost and capable of bringing convenience to life and work of the people.",A41D3/00; H02S10/20,Y02E10/50; Y02E70/30,cited_by:5 | cites:0,2013
062-756-589-837-89X,An apparatus for converting solar energy into thermal energy,"The utility model provides equipment for converting solar energy into heat energy, and the equipment comprises a rotary table which is provided with a rotatable rotating part; the rotary supporting focusing device is connected with the rotating part and can focus solar rays to form heat energy; the solar ray refraction tracking device is connected with the rotary support focusing device and can track solar rays so as to keep refracting the solar rays to the rotary support focusing device; and the solar tracking controller is connected with the rotary table and enables the solar ray refractiontracking device to track solar rays. The device for converting solar energy into heat energy converts solar energy into heat energy by mainly utilizing the principle of refraction, reflection and focusing of solar rays, and has the advantages of saving traditional energy, being free of environmental pollution, saving cost, reducing energy consumption and the like.",F24S23/70; F24S20/30; F24S50/20,Y02E10/47,cited_by:0 | cites:0,2021
141-991-677-111-806,Pyramid building with solar power generator and solar water heater,"The invention relates to a pyramid building with solar-energy generator and solar-energy water heater. Wherein, the solar-energy generator (2) and the solar-energy water heater (3) are mounted on the pyramid building (1) that toward to the sun; when using the electricity generated by solar-energy generator (2) and the hot water supplied by solar-energy water heater (3), it can supply energy and hot water to pyramid building (1) to save energy.",E04H3/00; E04D13/18; E04H1/00,,cited_by:1 | cites:0,2006
175-131-402-491-073,Greenhouse type agricultural product solar drying equipment,"The utility model discloses a greenhouse type agricultural product solar drying equipment, its structure includes solar collector no. 1, solar collector no. 2, solar collector no. 3, solar energy fan no. 1, solar energy fan no. 2, solar energy fan no. 3, blast gate, expansion valve, condenser, hot dry wind entry, heat pump evaporator, check valve, compressor, dehumidification evaporation machine, humid air export, drying chamber, a solar collector no. 1 and a solar energy fan fixed connection, solar collector no. 2 and two fixed connection of solar energy fan, solar collector no. 3 and three fixed connection of solar energy fan, solar energy fan no. 1 and dehumidification evaporation machine fixed connection, the police dispatch newspaper through the alarm device who installs, just can be sent out to solar energy fan no. 2 and dehumidification evaporation machine fixed connection when equipment is attacked or is stolen.",F26B23/00; F24J2/00; F25B41/31; F26B25/00,Y02E10/40,cited_by:0 | cites:0,2017
124-004-856-426-012,"Solar energy, air energy and geothermal device switching energy-saving compensation system","The invention relates to an energy-saving device, in particular to a solar energy, air energy and geothermal device switching energy-saving compensation system. The energy-saving compensation system mainly comprises a photovoltaic solar-thermal plate, an air source heat pump, a ground source heat pump, a water tank, a solar energy vacuum pipe, a steam storing tank and an electromagnetic heater. According to the solar energy, air energy and geothermal device switching energy-saving compensation system, the problem that the comprehensive usage rate is low in the prior art is solved, usage technologies of solar energy, air energy and geothermal devices are organically combined together, and a solar energy comprehensive usage system capable of effectively transforming the solar energy to electric energy and steam energy and sufficiently using solar thermal energy is provided.",F25B29/00; F22B1/00; F22B1/28; F24J2/00; F24S10/30; F24S10/70,F25B29/00; F22B1/006; F22B1/281; F24S10/30; F24S10/70; F24S20/40; F24S2020/17; Y02E10/44,cited_by:3 | cites:0,2017
060-758-400-292-723,Portable modular sun-tracking solar energy receiver system,"A portable solar energy generation system has a solar energy receiver having a plurality of solar cells for converting solar energy into a DC voltage. A solar tracking mechanism enables the solar energy receiver to track a position of the sun with respect to the solar cells and to position the solar cells responsive thereto. Power circuitry generates at least one output voltage to power an electronic device responsive to the DC voltage. A housing contains each of the solar energy receiver, the solar tracking mechanism and the power circuitry in a portable configuration.",H02J7/00; F24S50/20; H01L31/042; H02J7/35; H02S30/20,H02S10/00; H02S20/00; H02S40/00; H02J7/35; H02S10/40; H02S20/00; H02S20/30; H02S20/32; H02S30/20; Y02E10/50; H02J7/00; H02J7/35; H02S10/40; H02S20/00; H02S20/30; H02S20/32; H02S30/20; Y02E10/50,cited_by:13 | cites:0,2016
048-535-034-210-456,Portable modular sun-tracking solar energy receiver system,"A portable solar energy generation system has a solar energy receiver having a plurality of solar cells for converting solar energy into a DC voltage. A solar tracking mechanism enables the solar energy receiver to track a position of the sun with respect to the solar cells and to position the solar cells responsive thereto. Power circuitry generates at least one output voltage to power an electronic device responsive to the DC voltage. A housing contains each of the solar energy receiver, the solar tracking mechanism and the power circuitry in a portable configuration.",F24S50/20; H01L31/042,H02S10/00; H02S20/00; H02S40/00; H02J7/35; H02S10/40; H02S20/00; H02S20/30; H02S20/32; H02S30/20; Y02E10/50; H02J7/00; H02J7/35; H02S10/40; H02S20/00; H02S20/30; H02S20/32; H02S30/20; Y02E10/50,cited_by:1 | cites:0,2014
114-384-794-331-695,PORTABLE MODULAR SUN-TRACKING SOLAR ENERGY RECEIVER SYSTEM,"A portable solar energy generation system has a solar energy receiver having a plurality of solar cells for converting solar energy into a DC voltage. A solar tracking mechanism enables the solar energy receiver to track a position of the sun with respect to the solar cells and to position the solar cells responsive thereto. Power circuitry generates at least one output voltage to power an electronic device responsive to the DC voltage. A housing contains each of the solar energy receiver, the solar tracking mechanism and the power circuitry in a portable configuration.",H02N6/00; F24S50/20; H01L31/042,H02S10/00; H02S20/00; H02S40/00; H02J7/35; H02S10/40; H02S20/00; H02S20/30; H02S20/32; H02S30/20; Y02E10/50; H02J7/00; H02J7/35; H02S10/40; H02S20/00; H02S20/30; H02S20/32; H02S30/20; Y02E10/50,cited_by:4 | cites:0,2013
142-033-088-552-678,Flexible transparent display screen powered by solar energy,"The invention provides a flexible transparent display screen powered by solar energy. The flexible transparent display screen comprises a flexible transparent display screen body, a solar substrate, a solar energy storage device and a dual-power-supply automatic change-over switch. Wherein the solar energy storage device is respectively connected with the flexible transparent display screen and the solar substrate through conductive circuits; the dual-power-supply automatic change-over switch is connected with the solar energy storage device and the flexible transparent display screen through wires. The solar substrate is used for absorbing solar energy and converting the solar energy into electric energy, and the solar energy storage device stores the electric energy converted by the solar substrate and supplies power to the flexible transparent display screen; and the dual-power-supply automatic change-over switch is used for switching to mains supply to supply power to the flexible transparent display screen when the power supplied by the solar energy storage device is insufficient.",G09F9/30; G09F9/33; H02J7/35,G09F9/301; G09F9/33; H02J7/35,cited_by:1 | cites:0,2022
009-827-119-662-670,Energy storage battery box,"The utility model relates to the technical field of energy storage, and discloses an energy storage battery box which comprises a device main body, the device main body comprises an energy storage battery box body, a box body handle is further fixedly installed on the energy storage battery box body, anti-skid lines are installed on the outer surface of the box body handle in a sleeved mode, and the device main body further comprises a solar energy supplementing mechanism. The solar energy supplementing mechanism comprises a first solar panel, a second solar panel and a third solar panel, and the first solar panel is fixedly mounted at the top end of the energy storage battery box body. Through the arrangement of the solar energy complementing mechanism, in actual use, solar energy is converted into electric energy through the first solar panel, the second solar panel and the third solar panel, and the electric energy is stored in the energy storage battery box body for unexpected needs; the problem that most of traditional energy storage battery boxes cannot utilize solar energy to complement energy and can only be charged by an external power supply, so that the practicability is poor is effectively solved.",H01M10/46; H01M50/244; H02J7/35; H02S20/30; H02S40/38,Y02E60/10,cited_by:0 | cites:0,2025
000-803-030-403-361,Application method for solar collector array,"The invention provides an application method for a solar collector array. Each solar collector in the solar collector array is fixed onto an outer wall and consists of a solar energy collector and a solar energy receiver, and each solar energy collector is connected with the corresponding solar energy receiver by a supporting frame. By the aid of the application method for the solar collector array, land conservation is realized to the greatest extent, and users can use heat energy generated by the solar collector array conveniently.",F24S10/40; F24S10/70; F24S23/70,Y02E10/44,cited_by:0 | cites:0,2012
013-258-804-735-417,Solar energy balloon,"The utility model relates to a solar energy balloon, include: the balloon spheroid, solar power generation assembly has been arranged on balloon spheroid surface, and the control box, the control boxincludes control module, control module is coupled to solar power generation assembly and configuration are for acquireing solar energy balloon's associated data and control solar energy balloon's operating condition. The utility model discloses the electric energy that solar energy balloon utilized solar energy transformation to come to control the motion of balloon, more safe, energy -conservingon using to do not shelter from after solar energy balloon goes up to the air, illumination is abundant, and can continuously supply power increases solar energy balloon's duration.",B64B1/40; B64B1/62; H02J7/35,,cited_by:3 | cites:0,2019
128-625-012-143-757,Flexible panel of solar energy,"The utility model provides a flexible panel of solar energy, including first solar energy flexible board, second solar energy flexible board, bale of cloth and solar control ware, first solar energy flexible board with second solar energy flexible board all includes and concatenates the single crystal battery lamella that forms by monocrystalline silicon battery the piece complete or cutting, first solar energy flexible board with second solar energy flexible board uses connecting wire to connect, first solar energy flexible board with second solar energy flexible board is fixed in the bale of cloth, and through the electric wire with the solar control ware is connected, first solar energy flexible board is fixed in the bale of cloth with first solar energy flexible board to can fold each other, and have the zip fastener to bring together, convenient closely folding, folded sheet light in weight can conveniently carry, and the solar control ware is integrative with solar panel to having connect the line, having opened behind the bale of cloth openly and to press from both sides the support towards solar battery and directly link the battery and can give storage battery charging, easy operation conveniently.",H02S30/20; H01L31/048; H02S40/00; H02S40/30,Y02E10/50,cited_by:1 | cites:0,2015
083-709-721-649-942,Solar power generation equipment capable of tracking sun movement,"The utility mode discloses a solar energy generating device tracking the solar movement, comprising a supporting bracket, a multi-layer solar energy cell plate installed on the supporting bracket, cable used for transmitting the power connected to the solar energy cell plate; the solar energy cell plate is rotatablely connected to the supporting bracket; thee solar energy cell plate is connected to the driving mechanism; the driving mechanism controls the solar energy cell plate to rotate via the controller. The utility model tracks the solar energy generating device of the solar movement to enhance the using rate of the solar energy, which has a simple structure, convenient installation, full automatic operation, security, waterproofing and leakage proofing.",G05D3/00; H02S20/32; H02S40/30,Y02E10/50,cited_by:2 | cites:0,2009
191-147-546-616-070,Solar energy powered lift,"The invention relates to the technical field of lifts, in particular to a solar energy powered lift. The solar energy powered lift comprises a mains supply, a lift control device and a solar energy power supply device, wherein the lift control device comprises a power-transfer module, the power-transfer module is provided with two power input terminals, one of the terminals is connected with the mains supply, and the other terminal is connected with a storage battery. The storage battery is connected with the solar energy power supply device. The solar energy power supply device comprises a solar collector plate and a solar controller, wherein the solar collector plate is connected with the solar controller, and the solar controller is connected with the storage battery. By means of the solar energy powered lift, the solar energy can be fully transferred into electric energy to supply power to the lift, energy-saving and environment protecting performance are good, and the normal operation of the lift is guaranteed.",B66B11/04; B66B1/06; H02J9/04,Y02B50/00; Y02B70/30; Y04S20/20,cited_by:1 | cites:0,2013
088-459-857-082-650,Light energy heat gathering device of solar energy water heater and method for eliminating fogs thereon,"The invention discloses a method for eliminating mist on a light energy heat gathering device of a solar energy water heater, including a solar energy photoheating layer in the light energy heat gathering device for adsorbing the solar energy and generating heat. The solar energy photoheating layer transmits the heat on a glass body which has mist on an inner surface and heats the glass body. The glass body absorbs the heat generated by the solar energy pohotoheating layer. The mist one the inner surface of the glass is evaporated. Because the technical scheme that the solar energy photoheating layer is arranged on the glass body out of a solar energy collector tube is adopted, even if a thermal insulation layer is a gas insulating layer under a non-vacuum state, at the same time that the solar energy collector tube absorbs the solar energy and exchanges heat with liquid in the tube, the solar energy photoheating layer on the glass body can also absorb the solar energy and heat the glass body to lead the temperature to rise. The rising of the temperature also evaporates the mist condensed on the inner surface of the glass body.",F24J2/46; F24J2/50; F24J2/51; F24S10/70,F24S10/40; F24S80/50; F24S80/56; Y02E10/44; F24S10/40; F24S80/50; F24S80/56,cited_by:0 | cites:0,2012
030-173-161-124-797,Solar stepping stone,"A solar stepping stone comprises a housing having an upper surface, side walls and a lower surface, the housing defining a chamber. A solar energy collector is associated with the housing for collecting solar energy. A solar power storage device is provided in the chamber for receiving and storing solar energy received from the solar energy collectors. An illuminator for illuminating at least a portion of the upper surface of the solar stepping stone is contained in the chamber and is powered by solar energy stored by the solar power member.",F21S8/00; E01C17/00; E01F9/00; E01F9/06; F21S8/02; F21S9/03; F21V23/04; F21V33/00,F21S8/022; E01C17/00; E01F9/559; F21S9/037; F21V23/0435; F21V23/0442; F21V33/006; F21Y2115/10; Y02B10/10; Y10S362/802; F21S8/022; E01C17/00; E01F9/559; F21S9/037; F21V23/0435; F21V23/0442; F21V33/006; F21Y2115/10; Y02B10/10; Y10S362/802,cited_by:12 | cites:0,2008
028-700-628-142-21X,Wind energy/solar energy complementary stepless street lamp,"The utility model relates to the technical field of conversion of wind energy and solar energy to electric energy, particularly to a wind energy/solar energy complementary stepless street lamp, which comprises a solar energy battery panel, a wind energy generator and a control circuit for controlling conversion of wind energy/solar energy to electric energy. The control circuit comprises a power inverter, a power storage unit, and a charging current controller. The wind energy/solar energy complementary stepless street lamp integrates wind energy power generation and solar energy power generation, and takes full use of natural resources to obtain energy.",F21S9/02; F21S9/03; F21S9/04; F21V23/00; F21W131/103; H02J7/14; H02J7/35; H02M7/68; H05B41/282,Y02B20/00; Y02B20/72,cited_by:0 | cites:0,2010
038-055-882-690-346,Wind energy and solar energy supplementary power generation system,"A wind energy and solar energy supplementary power generation system belongs to the field of wind energy and solar energy utilization equipment. The wind energy and solar energy supplementary power generation system comprises a wind driven generator (1), a solar cell panel (2), a wind power generator controller, a solar power generation controller, an inverter and a storage battery; and the wind driven generator (1) and the solar cell panel (2) are respectively connected with the wind power generator controller and the solar power generation controller, and the wind power generator controller and the solar power generation controller are connected with the storage battery and/or the inverter. The wind energy and solar energy supplementary power generation system is characterized in that the wind energy and solar energy supplementary power generation system is provided with an operation condition control box (3), and the wind power generator controller, the solar power generation controller, the storage battery and the inverter are fixed into the operation condition control box (3). Through the wind energy and solar energy supplementary power generation system, the energy storage element and the controllers of the wind energy and solar energy supplementary power generation system can be in suitable working conditions, and system work is more stable and reliable.",H02S10/12,Y02E10/50,cited_by:0 | cites:0,2015
053-260-163-493-879,Moving point array solar focusing building energy supply system,"The invention relates to solar energy utilization, in particular to solar energy collection by using a point focusing solar mirror and application of the point focusing solar mirror to a moving point array solar focusing building energy supply system. The moving point array solar focusing building energy supply system at least comprises one or one group of point focusing solar mirrors, at least one solar photothremal conversion device and a tracking control device for control, wherein the solar mirrors are arranged on a solar mirror support; solar photothermal conversion devices are arranged on a solar photothermal conversion device support, and are arranged in a punctiform area focused by the solar mirrors; and the tracking control device controls the solar mirrors to focus sunlight to at least one solar photothermal conversion device when the sunlight changes, the solar photothermal conversion devices move in the process that the solar mirrors track solar energy, and each or each group of solar mirrors select the solar photothermal conversion device capable of reaching the highest solar energy utilization efficiency for focusing, so that the solar energy is tracked, focused and utilized.",F24J2/00; F24J2/46,Y02B10/20; Y02E10/40,cited_by:1 | cites:0,2013
168-756-431-192-263,Solar stepping stone,"A solar stepping stone comprises a housing having an upper surface, side walls and a lower surface, the housing defining a chamber. A solar energy collector is associated with the housing for collecting solar energy. A solar power storage device is provided in the chamber for receiving and storing solar energy received from the solar energy collectors. An illuminator for illuminating at least a portion of the upper surface of the solar stepping stone is contained in the chamber and is powered by solar energy stored by the solar power member.",F21S8/00; E01C17/00; E01F9/00; E01F9/06; F21S8/02; F21S9/03; F21V23/04; F21V33/00,F21S8/022; E01C17/00; E01F9/559; F21S9/037; F21V23/0435; F21V23/0442; F21V33/006; F21Y2115/10; Y02B10/10; Y10S362/802; F21S8/022; E01C17/00; E01F9/559; F21S9/037; F21V23/0435; F21V23/0442; F21V33/006; F21Y2115/10; Y02B10/10; Y10S362/802,cited_by:4 | cites:0,2006
084-745-898-114-294,Solar energy ceramic tile that discolours,"The utility model discloses a solar energy ceramic tile that discolours, include: solar energy top layer, mucigel, solar energy energy storing board and magnet layer, confined space in the besieged city between solar energy top layer and the magnet layer, solar energy energy storing board be located between solar energy top layer and the magnet layer besieged city the enclosure space in, be connected through the mucigel between solar energy energy storing board and the solar energy top layer. In this way, the utility model provides a solar energy ceramic tile that discolours, it is good to provide a practicality, and the building material who has better use value, saves the labour when people construct to the fine environmental protection of ability idol, the life of giving people brings very big facility.",E04F13/077; E04F15/02,,cited_by:1 | cites:0,2016
128-577-700-409-690,Solar energy absorption coating,"A solar energy absorption coating is characterized by being prepared from the following raw materials: resin, an absorbent, an extender pigment, an auxiliary agent and a solvent. The solar energy utilization degree of the existing solar energy absorption coating is low, the solar energy can be converted into heat energy efficiently, the weather resistance of the coating is good, and the light-retaining and color-retaining property is excellent. The solar energy absorption coating is mainly used for converting solar energy into heat energy, and is particularly suitable for a solar water heater,a thermos room and the like.",C09D133/00; C09D5/32; C09D7/61,C09D133/00; C08K2003/2251; C08K2003/3045; C09D5/32,cited_by:0 | cites:0,2018
166-140-303-003-079,Solar energy and electric energy combined energy-saving water heater,"The invention discloses a solar energy and electric energy combined energy-saving water heater which comprises a solar energy main body bracket; a solar energy water tank is arranged at the top of the solar energy main body bracket; a power supply interface is formed in the bottom surface of the solar energy water tank; the interior of the solar energy water tank is connected with electric heating pipes through connecting rods; and connecting holes are formed in the lower surface of the solar energy water tank. The power supply interface is formed in the bottom surface of the solar energy water tank, and the interior of the solar energy water tank is connected with the electric heating pipes through the connecting rods, so that the water heater can heat water in the solar energy water tank through electric heating during overcast and rainy days, and thus is wider in application scope and higher in practicability. Supporting upright rods are arranged on bases through connecting threaded rod, so that the overall height of the water heater can be adjusted, angles of solar heat collecting pipes in the water heater can be adjusted, the solar heat collecting pipes can absorb solar energy better, and the heating efficiency is higher.",F24J2/00; F24H9/18; F24J2/52; H02S20/30,F24H9/1809; F24S20/40; H02S20/30; Y02E10/40; Y02E10/50,cited_by:2 | cites:0,2017
020-825-411-469-746,,The invention discloses a colored solar energy module structure which comprises a solar energy module; a packaging layer is arranged on the surface of the solar energy module and has color so that the solar energy module can be combined on the surface to form a colored packaging layer; the decoration and the simulation ability of the arrangement of the solar energy module are increased; and the colored solar energy module structure also has the power generation function of a solar panel.,H01L31/02; H01L31/048; H02S20/00,Y02E10/50,cited_by:1 | cites:0,2011
126-942-592-379-85X,System and Method for Creating a Networked Vehicle Infrastructure Distribution Platform of Solar Energy Gathering Devices,"A vehicle for gathering solar energy into a roadway system electricity grid. In one embodiment of the invention, the vehicle comprises an energy storage system; and at least one solar energy generating device coupled to the vehicle. The at least one solar energy generating device is configured to generate electricity from sunlight. The at least one solar energy generating device is configured to electrically connect to a roadway system electricity grid. In another embodiment of the present invention is a method for a vehicle gathering solar energy and providing the same to the roadway system electricity grid. The method comprises the step of harnessing solar energy from a vehicle-based solar energy gathering device; converting solar energy into electrical energy; storing the electrical energy; and discharging the stored electrical energy to a roadway system electricity grid.",H01L31/042; H01L31/00,F03D9/007; B60K16/00; B60L53/30; B60L53/52; B60L53/65; B60L53/665; B60L2200/26; F03D9/11; F05B2220/61; F05B2240/212; F05B2240/9113; F05B2240/941; F05B2250/25; F05B2250/82; F24T10/10; Y02E10/10; Y02E10/50; Y02E10/72; Y02E10/728; Y02E60/36; Y02E70/30; Y02T10/70; Y02T10/7072; Y02T90/12; Y02T90/167; Y04S30/14; F03D9/007; B60K16/00; B60L53/30; B60L53/52; B60L53/65; B60L53/665; B60L2200/26; F03D9/11; F03D9/257; F03D9/32; F03D9/46; F05B2220/61; F05B2240/212; F05B2240/9113; F05B2240/941; F05B2250/25; F05B2250/82; F24T10/10; H02S10/12; Y02E10/10; Y02E10/728; Y02E60/36; Y02T10/70; Y02T10/7072; Y02T90/12; Y02T90/14; Y02T90/16; Y02T90/167; Y04S30/14,cited_by:20 | cites:0,2010
172-998-344-920-441,High-concentration solar energy receiving module,"The invention relates to a high-concentration solar energy receiving module which comprises a solar energy receiving module; the solar energy receiving module is arranged in a high-concentration solar energy module and comprises a non-imaging solar energy concentrator, a solar energy cell receiver and a heat radiator which are arranged from top to bottom; the solar energy receiving module also comprises an enclosed housing which is sleeved outside the non-imaging solar energy concentrator and the solar energy cell receiver; and at least the top of the enclosed housing is provided with an opening or a perspective window corresponding to the top surface of the non-imaging solar energy concentrator. The enclosed housing is sleeved outside the non-imaging solar energy concentrator and the solar energy cell receiver to form an enclosed high-concentration photovoltaic (HCPV) module so that all components inside the enclosed housing can be prevented from pollutions and interferences of substances, such as dust, vapor, compounds in air, humidity, and the like in the external environment and the blockage to the presentation of all the components is avoided, and therefore the service life of each component is prolonged and the photoelectric conversion efficiency and the reliability of the solar energy receiving module are improved.",H02S40/22; H02S40/42,Y02E10/50,cited_by:7 | cites:0,2011
189-445-340-743-131,Solar energy window structure,"The utility model relates to a solar energy window structure which comprises a main frame with an opening fitted at the top of the building. The main frame is provided with a modular solar energy light penetrating window plate and a driver, wherein the modular solar energy light penetrating window plate receives solar energy and converts solar energy into electric energy which can be output, and the driver connects with the modular solar energy light penetrating window plate and drives the modular solar energy light penetrating window plate to move on the main frame to close or open the opening. The solar energy window structure is fitted at the top of the building to light, generate electricity, and ventilate.",E06B7/02; E05F15/00; E05F15/60; E06B7/23; H02S10/00,Y02A30/14; Y02B10/10; Y02E10/50,cited_by:2 | cites:0,2013
026-847-500-058-311,Flexible transparent display screen powered by solar energy,"The utility model provides a flexible transparent display screen powered by solar energy. The flexible transparent display screen comprises a flexible transparent display screen body, a solar substrate, a solar energy storage device and a dual-power-supply automatic change-over switch. Wherein the solar energy storage device is respectively connected with the flexible transparent display screen and the solar substrate through conductive circuits; the dual-power-supply automatic change-over switch is connected with the solar energy storage device and the flexible transparent display screen through wires. The solar substrate is used for absorbing solar energy and converting the solar energy into electric energy, and the solar energy storage device stores the electric energy converted by the solar substrate and supplies power to the flexible transparent display screen; and the dual-power-supply automatic change-over switch is used for switching to mains supply to supply power to the flexible transparent display screen when the power supplied by the solar energy storage device is insufficient.",G09F9/30; G09F9/33; H02J7/35,,cited_by:1 | cites:0,2022
022-789-309-065-523,Electric motor car with solar energy sound box,"The utility model discloses an electric motor car with a solar energy sound box, which comprises a car main body, wherein the tail part of the car main body is provided with a sound box, the outer surface of a front shell of the car main body is provided with a solar energy cell panel, a solar energy controller and a solar energy battery are arranged on the car main body, a charging loop is formed by the solar energy cell panel, the solar energy controller and the solar energy battery, and a power supply loop is formed by the solar energy battery and the sound box. According to the utility model, the sound box is powered-on by the energy collected by the solar energy cell panel without using a motive power battery of the electric motor car, the whole system is environmental, and the cost is low.",B62J3/00; B60L1/00,B60L1/00,cited_by:0 | cites:0,2011
145-149-997-897-220,HYBRID SOLAR ENERGY CONCENTRATOR INSTALLATION,"The hybrid solar energy concentrator installation comprises a supporting and turning device, a solar energy concentrator and a solar energy converter. As an additional solar energy converter, it comprises a solar energy to electrical energy converter assembly, which is mounted on a movable part of the supporting and turning device and which is movable together with the concentrator.",,F24S10/40; F24S20/25; F24S23/75,cited_by:0 | cites:0,2025
098-003-586-041-415,Portable solar semiconductor lighting device,"The utility model provides a separated solar energy lamp which comprises a solar energy polar plate and a lamp body which is integrated with the solar energy polar plate, wherein an accumulator which is communicated with a circuit of the solar energy pole plate and a luminous body which is electrically connected with the accumulator are arranged in the lamp body. The connecting part of the accumulator and the solar energy polar plate is provided with an electric circuit jack, and an electric plug which corresponds to the circuit jack is arranged at the free end of an electric connection line which is led out from the solar energy polar plate. The lamp body and the solar energy pole plate can be separated or integrated by the jack, the plug and the connecting line, the lamp absorbs solar energy by the solar energy pole plate, the solar energy is converted into electric energy and the electric energy is stored into the accumulator. When occasion demands, the plug is pulled off from the jack to make the lamp body and the solar energy pole plate separate and the lamp can be used for a large range or big efficiency.",F21L4/08; F21Y115/10; H02J7/00,Y02B20/72,cited_by:1 | cites:0,2006
092-104-160-474-533,Solar gas turbine power generation system based on photo-thermal principle,"The utility model provides a solar gas turbine power generation system based on a photo-thermal principle. The solar gas turbine power generation system comprises a gas turbine, a solar energy collecting device, a solar energy reflecting mirror, a mounting table and an adjusting device, wherein the solar energy collecting device is arranged on the gas turbine and used for heating a circulating medium on a working medium channel of the gas turbine, and the gas turbine is fixed above the solar energy reflecting mirror and enables the solar energy collecting device to be located at a sunlight reflection gathering point; and the solar reflector is mounted on the mounting table through an adjusting device for adjusting the angle of the solar reflector. Solar energy, the gas turbine and the sunlight tracking technology are combined, it can be guaranteed that a solar energy gas turbine power generation system efficiently absorbs solar energy, and therefore the utilization rate of energy is increased.",F03G6/06; F02C6/00; F02C7/08; F24S20/30; F24S23/70; F24S30/00,Y02E10/46; Y02E10/47,cited_by:0 | cites:0,2021
034-067-569-163-411,Solar stepping stone,"A solar stepping stone comprises a housing having an upper surface, side walls and a lower surface, the housing defining a chamber. A solar energy collector is associated with the housing for collecting solar energy. A solar power storage device is provided in the chamber for receiving and storing solar energy received from the solar energy collectors. An illuminator for illuminating at least a portion of the upper surface of the solar stepping stone is contained in the chamber and is powered by solar energy stored by the solar power member.",E01C17/00; E01F9/00; E01F9/06; F21S8/02; F21S9/03; F21V23/04; F21V33/00,F21S8/022; E01C17/00; E01F9/559; F21S9/037; F21V23/0435; F21V23/0442; F21V33/006; F21Y2115/10; Y02B10/10; Y10S362/802; F21S8/022; E01C17/00; E01F9/559; F21S9/037; F21V23/0435; F21V23/0442; F21V33/006; F21Y2115/10; Y02B10/10; Y10S362/802,cited_by:33 | cites:0,2003
178-105-302-331-793,Solar energy umbrella,"The embodiment of the utility model provides a solar energy umbrella, umbrella pole including covering the umbrella face on the rib and linking to each other with the rib is equipped with film solar energy component on the umbrella face, can charge for the electric energy solar energy transformation for the electronic product. Solar energy umbrella still including setting up the sombrero in umbrella pole one end, is provided with solar energy umbrella control circuit and energy storage battery in the sombrero, make the distance between solar energy umbrella control circuit and the energy storage battery very little, has not only effectively utilized the space in the sombrero, also makes solar energy umbrella overall structure compact reasonable. The two reduces solar energy umbrella control circuit and energy storage battery with film solar energy component distance, has not only reduced the electric energy excess loss who leads to because of the circuit overlength effectively, has still avoided the wire to expose the life -span that influences electronic component outward and solar energy umbrella's aesthetic property. The embodiment of the utility model provides a solar energy umbrella easily makes and the assembly, has improved the holistic processing performance of solar energy umbrella.",A45B25/02; A45B25/10; A45B25/18; H02J7/35,,cited_by:1 | cites:0,2018
124-863-025-078-550,Solar energy drive shutter,"The utility model relates to a solar energy drive shutter. The solar energy drive shutter comprises blades, ladder bands and a drive mechanism of the blades. A solar cell panel is connected with the blades in a welded mode, a binder mode or a clamp groove mode. The solar cell pane collects solar energy, and accesses electric energy which is converted from the solar energy into a solar energy drive system through wires in the conductive ladder bands. The electric energy is used for driving lifting and overturn of the solar energy drive shutter. Redundant electric energy is stored for other use. The solar energy drive shutter has the advantages of being ingenious in structural design, novel in conception, creative and capable of collecting ignored energy sources in daily life to use, and achieving purposes of environment protection and energy saving.",E06B9/32; E06B9/303; H02J7/00,,cited_by:2 | cites:0,2013
100-490-829-932-951,Solar energy lamp,"The utility model relates to a solar energy lamp, which is characterized in that the solar energy lamp comprises a lampshade with an interface, a solar energy lamp and a connecting device for connecting the lampshade and the solar energy lamp, wherein the solar energy lamp comprises a solar energy power supplying device, an LED lamp, a base of the LED lamp and a connecting wire for connecting the solar energy power supplying device and the LED lamp. The lampshade, the solar energy lamp and the connecting device of the solar energy lamp provided by the utility model can all be disassembled and replaced so that the using convenience of the solar energy lamp and the reutilization rate of resources are enhanced, and meanwhile, the assembling height of the LED lamp can be carried out with adaptive regulation according to the different shapes and sizes of the lampshade so that the utility model obtains the optimum illuminating effect. The solar energy lamp of the utility model has the advantages of safety and beautiful appearance and is suitable for using as an illuminating or decorating lamp inside and outside rooms of different occasions.",F21S6/00; F21V17/00; F21V21/00; F21W131/00; F21Y115/10; H02J7/00,Y02B20/72,cited_by:1 | cites:0,2006
067-739-503-561-122,Foldable solar energy assembly and mobile vehicle having the same,"The present invention relates to a solar energy assembly having a main frame, at least one solar energy panel frame, a driving device, and an electrical assembly. The at least one solar energy panel frame is pivotally and foldablly connected with the main frame. Each solar energy panel frame has multiple solar energy panels mounted thereon. The driving device is mounted on the main frame and connected to the at least one solar energy panel frame to pivot the at least one solar energy panel frame related to the main frame. The electrical assembly has a battery electrically connected to the solar energy panels on the at least one solar panel energy frame and a distribution box electrically connected with the battery.",H02S30/20; H02S20/00; H02S40/00,,cited_by:0 | cites:0,2025
029-048-616-102-079,Factory agricultural multi-stage solar energy and other energy compensation thermal power generation system,"The utility model aims to provide a factory agricultural multi-stage solar energy and other energy compensation thermal power generation system which comprises solar energy collecting systems and power generator sets. The solar energy collecting system and the power generator set form a set of solar energy power generation system. The factory agricultural multi-stage solar energy and other energy compensation thermal power generation system comprises at least two sets of solar energy power generation system and at least a set of energy system provided by the energy except for the solar energy. Supplementary energy is supplied for the solar energy power generation system. One set of solar energy power generation system can be connected with another set of solar energy power generation system in series and/or in parallel. The waste heat after power generation of one set of power generation system is used by another set of power generation system, thereby realizing power generation with multi-stage waste heat utilization. Two sets of solar energy power generation systems can be composed of a set of solar energy low-temperature power generation system and a set of solar energy high-temperature power generation system. The waste heat of the double-stage power generation system can be used by the other stage, thereby performing step collection and utilization on the solar system with different collection temperatures.",F03G6/06; F01K17/06; F01K23/10; F01K27/02; F03G4/00; F24D11/00; F24S10/50; F24S10/70; F24S23/30; F25B29/00,Y02B10/20; Y02E10/10; Y02E10/44; Y02E10/46; Y02E20/14; Y02P80/20,cited_by:3 | cites:0,2013
159-052-099-508-753,Sheathing solar energy system and construction method thereof,"The present invention relates to a sheathing solar energy system and a method for constructing the same. The sheathing solar energy system comprises: a solar rack; and a sheathing framework, and the solar rack includes a solar energy panel. According to the invention, the spread of solar energy can be expanded.",H02S30/10,H02S30/10; Y02B10/10; Y02E10/50; H02S30/10; Y02E10/50,cited_by:0 | cites:0,2023
059-022-926-665-099,Solar energy glass energy supply automatic watering device,"The utility model discloses a solar energy glass energy supply automatic watering device, including the support, locate the support top the flowerpot, locate support bottom water bottle, locate medialwater pump of support and controlling means, install solar energy glass and solar cell strip on the window frame, the solar cell strip is connected with solar energy glass, is used for utilizing theabsorptive light of solar energy glass turns into the electric energy and stores, water pump and controlling means connect the solar cell strip. Solar energy glass has replaced traditional ordinary glass, makes to project the solar energy that does not have utilized on the glass originally and obtained effective utilization, solar energy glass stores solar energy transformation for the electric energy, for controlling means and water pump are supplied power, have reduced traditional automatic control and have watered the device to the consumption of family's electric energy, and be energy -concerving and environment -protective, needs other installation not only to install loaded down with trivial detailsly and need occupy big space in addition for traditional solar cell panel simultaneously.",A01G27/02; A01G27/00,Y02P60/12,cited_by:1 | cites:0,2018
066-847-410-322-714,IN-VEHICLE SOLAR ENERGY CHARGING SYSTEM AND METHOD FOR CONTROLLING THE SAME,"An in-vehicle solar energy charging system and a method for controlling the same are disclosed. The in-vehicle solar energy charging system comprises a solar energy cell panel (110), a solar energy charger (120), a starting battery (130), a power battery (140) and a controller (150), in which the solar energy cell panel (110) is electrically connected to the solar energy charger (120), the starting battery (130) and the power battery (140) are electrically connected to the solar energy charger (120) respectively, the solar energy charger (120), the starting battery (130) and the power battery (140) are electrically connected to the controller (150) respectively, and the controller (150) is configured for performing a maximum photovoltaic power tracking algorithm so as to control the output power of the solar energy charger (120). The system may realize flexible control and maximize the output power of the solar energy.",H02J7/35; B60L11/18,B60L8/003; B60L53/00; H02J7/04; H02J7/90; Y02T10/70; Y02T10/7072; Y02T90/14; B60L8/003; B60L53/00; H02J7/04; Y02T10/70; Y02T10/7072; Y02T90/14,cited_by:2 | cites:0,2012
090-343-580-840-208,Systems and Method for Producing Mechanical Energy,"A system is provided for producing mechanical energy. The system may include a solar collector configured to receive solar energy and an external heater configured to provide secondary thermal energy. Furthermore, the system may include an engine disposed in communication with the solar collector and the external heater. To this end, the engine may be operable to receive the solar energy from the solar collector, receive the secondary thermal energy from the external heater, and convert the solar energy and the secondary thermal energy to mechanical energy. Additionally, the system may include a controller in communication with the solar collector, the engine, and the external heater. The controller may be configured to control an amount of solar energy and an amount of secondary thermal energy received by the engine.",F03G6/00,Y02E10/46; F03G6/068; F03G6/121; Y02E10/46; F03G6/068; F03G6/121,cited_by:6 | cites:0,2010
097-509-086-046-510,Flying assisting device and kite,"The utility model relates to the technical field of solar energy, and particularly discloses a flying assisting device and a kite, the flying assisting device comprises a solar energy assembly, an energy storage assembly, a solar energy controller and a flying assembly; the solar module is used for converting solar energy into electric energy; the energy storage assembly is connected with the solar assembly and used for storing electric energy. The solar assembly and the energy storage assembly are connected with the flight assembly through the solar controller. Wherein the solar controller isused for switching connection between the solar assembly and the energy storage assembly and the flight assembly; the flight assembly is connected with the solar controller and used for achieving flight of the flight assisting device. According to the flight assisting device, the solar assembly and the energy storage assembly are used for providing electric energy needed by work for the flight assembly, self-sufficiency of the electric energy is achieved, normal work of the flight assembly can be guaranteed, under the condition that the flight assembly works normally, the influence of the environment or human factors on the flight assisting device is avoided, and the flight effect of the flight assisting device is improved.",A63H27/08,,cited_by:0 | cites:0,2019
125-581-038-480-128,Optical energy integrated test system,"The invention discloses an optical energy integrated test system, and relates to the technical field of solar energy application. The optical energy integrated test system is mainly composed of a solar energy collecting assembly, an electric energy measuring device and a timer. The solar energy collecting assembly is composed of a solar cell panel, a controller and a storage battery, wherein the solar cell panel is connected with the storage battery through the controller, and the electric energy measuring device and the timer are respectively connected with the storage battery. Due to the fact that the electric energy measuring device and the timer are connected with the storage battery of the solar energy collecting assembly, optical energy data of the solar energy are measured and collected in the process of collecting the solar energy, solar energy illumination intensity data of solar energy illumination engineering installation sites are obtained, and accurate guide data are provided for engineering installation, a good foundation is laid for the stable operation of the illuminating engineering. The optical energy integrated test system has the advantages of being low in manufacturing cost, short in measurement period, and accurate in data measurement.",G01J1/42,,cited_by:0 | cites:0,2013
145-144-526-415-982,Air energy heat pump and solar energy complementary type hot water device,"The invention discloses an air energy heat pump and solar energy complementary type hot water device, which comprises an air energy heat pump, a regenerative heat exchanger, a heat pump heat exchanger, a hot water output heat exchanger, a solar energy hot water heat exchanger, a solar energy hot water circulating pipe, a solar energy heat collector and an expansion water tank, wherein a heating unit of the air energy heat pump is connected with the regenerative heat exchanger, the regenerative heat exchanger is provided with the solar energy hot water heat exchanger and the hot water output heat exchanger, the solar energy hot water heat exchanger is connected with a solar energy heat collector through the solar energy hot water circulating pipe, and a solar energy lower circulating pipeline is connected with the expansion water tank. The air energy heat pump and solar energy complementary type hot water device uses the air energy heat pump and a solar energy hot water system to form a double-energy hot water system, fully uses air heat energy, also change direct using of solar energy hot water into indirect using of the solar energy hot water, increases use rate of air heat energy and exchanges air indoor in time at the same time, keeps air fresh, further guarantees quality of the solar energy hot water, can heat at once when using, prevents bacteria growth, and keeps hot water to be used in health standard.",F24D17/00,Y02B10/20; Y02B10/70,cited_by:4 | cites:0,2012
148-439-166-342-309,Solar energy sightseeing elevator,"The utility model discloses a solar energy sightseeing elevator, comprising an elevator body, a solar energy control system, an inversion system, a power-off detection system, and a power supply transition system, the solar energy control system comprises: a solar energy receiving panel, a solar energy converter, and a storage battery set, the solar energy control system, the inversion system, the power supply transition system, and the power-off detection system are successively connected with a motor in the elevator body. The solar energy sightseeing elevator can effectively uses solar energy, is advantaged by environmental protection, and is worthy of popularization.",B66B9/00; B66B11/04; H02J7/00,Y02B50/00,cited_by:0 | cites:0,2012
133-299-380-979-70X,Energy management system associated with solar generation,"The present invention relates to an energy management system associated with solar energy generation and, more specifically, to an energy management system associated with solar energy generation which is optimized for an individual building performing solar energy generation, which may easily calculate the amount of solar energy generation and which may accurately diagnose a state of a solar energy generation device by providing a comprehensive analysis of status information of a power plant associated with power supply of a solar energy generation device, the amount of electricity used of an individual building where a solar energy generation device is installed and weather information.",G06Q50/06; H02S40/30; H02S50/00,Y02B10/10; Y02E10/50; Y02E40/70; Y04S10/50; G06Q50/06; H02S40/30; H02S50/00; Y02E10/56,cited_by:1 | cites:0,2019
014-119-970-835-532,Solar stepping stone,"A solar stepping stone comprises a housing having an upper surface, side walls and a lower surface, the housing defining a chamber. A solar energy collector is associated with the housing for collecting solar energy. A solar power storage device is provided in the chamber for receiving and storing solar energy received from the solar energy collectors. An illuminator for illuminating at least a portion of the upper surface of the solar stepping stone is contained in the chamber and is powered by solar energy stored by the solar power member.",F21L4/00; E01C17/00; E01F9/00; E01F9/06; F21S8/00; F21S8/02; F21S9/03; F21V23/04; F21V33/00,F21S8/022; E01C17/00; E01F9/559; F21S9/037; F21V23/0435; F21V23/0442; F21V33/006; F21Y2115/10; Y02B10/10; Y10S362/802; F21S8/022; E01C17/00; E01F9/559; F21S9/037; F21V23/0435; F21V23/0442; F21V33/006; F21Y2115/10; Y02B10/10; Y10S362/802,cited_by:1 | cites:0,2008
157-762-777-173-942,Solar energy component's solidification equipment,"The utility model discloses a solar energy component's solidification equipment, place board and support including device body, solar energy component, the top of support is provided with the device body, this internal solar energy component of being provided with of device places the board, the top that solar energy component placed the board is provided with first heating member, the top of first heating member is provided with first hot -blast fan, the below that solar energy component placed the board is provided with the second heating member, the hot -blast fan of below second of secondheating member solar energy component places the board and is connected with solar energy component transmission track. The utility model provides a solar energy component's solidification equipment through the position of adjusting solar energy component, has improved solar energy component's solidification quality, through transmitting orbital conveying, can damage in transport and solidification process by the effectual solar energy component of preventing.",H01L31/18; H01L21/67; H01L21/677,,cited_by:0 | cites:0,2019
169-585-600-234-923,Solar energy automobile,"The invention discloses a solar energy automobile. The solar energy automobile comprises an electric automobile body and a solar energy device, wherein the solar energy device comprises a plurality of solar energy panels, a plurality of charging control circuits connected with the solar energy panels, and a plurality of sets of independent battery sets connected with the charging control circuits, wherein the sets of independent battery sets are connected with an electric motor through change-over switches; the electric motor is used for driving the automobile; and the solar energy panels are mounted on the surface of the box body of the automobile. According to the solar energy automobile disclosed by the invention, automobile body area and bottom space are sufficiently utilized, the sets of independent battery sets and sets of charging control electric circuits are arranged, so that, storage of the solar energy is realized, the endurance capability of the solar energy automobile is greatly improved, and the solar energy automobile is especially suitable for a small-scale truck, a small-scale passenger car and a bus.",B60K16/00; B60L8/00,B60K16/00; B60K2016/003; B60L8/003; Y02T10/7072; Y02T10/90,cited_by:0 | cites:0,2017
067-701-971-941-86X,All-weather solar energy heat accumulation and consumption method and device,"The invention relates to the technical field of solar energy equipment and discloses an all-weather solar energy heat accumulation and consumption method and device. The solar energy heat accumulation and consumption device comprises at least one sunlight thermal energy collecting system, a stored energy heat exchanger, an energy heat exchanger and conducting oil, wherein the at least one sunlight thermal energy collecting system consists of a solar energy reflector and a solar energy heat exchanger; the solar energy heat exchanger located at the focus of the solar energy reflector is communicated with the stored energy heat exchanger by an oil conduit; the stored energy heat exchanger is communicated with the energy heat exchanger by the oil conduit; the sunny exposure direction of the solar energy reflector with a paraboloid baffle-board corresponds to the sun direction by a solar energy tracking system. The all-weather solar energy heat accumulation and consumption method and device are used for collecting and storing thermal energy of sun, the thermal energy is used for processing food, heating, bathing and baking, energy is saved, fuel consumption and greenhouse gas emission are reduced, the problem of current gradual energy lack can be relieved, and the effects of protecting environment and saving energy are achieved.",F24J2/34; F24J2/46; F24S10/30; F24S10/70; F24S20/30; F24S23/71; F24S50/20; H02J7/00,Y02A40/926; Y02B40/18; Y02E10/44; Y02E10/47,cited_by:8 | cites:0,2014
145-984-059-783-330,SOLAR ENERGY UTILIZATION DEVICE,"A solar energy utilization device, which comprises at least one solar light condenser unit, the solar light condenser unit comprises a condenser lens, a first solar energy utilization unit, and a second solar energy utilization unit. The condenser lens comprises a first lens portion and a second lens portion, where connection regions of the first lens portion and the second lens portion have been configured as more narrow, and the condenser lens forms an hourglass-shaped structure; the first solar energy utilization unit is located at a first end of the first lens portion, and the second solar energy utilization unit is located at a second end of the second lens portion, i.e., the first solar energy utilization unit and the second solar energy utilization unit are located at two respective ends of the condenser lens; the first lens portion can focus light to the first solar energy utilization unit, and the second lens portion can focus light to the second solar energy utilization unit, so that two faces and two sides of the first solar energy utilization unit and the second solar energy utilization unit can all be used to collect light, thereby increasing the light collection area of the first solar energy utilization unit and the second solar energy utilization, and consequently improving power generation capacity and power generation efficiency.",H02S40/22,H02S40/22; H02J7/35; H02S10/20; H02S40/425; H02S40/44; H02J7/35; H02S10/20; H02S40/22; H02S40/42; H02S40/44,cited_by:0 | cites:0,2025
002-187-248-482-855,Rotary solar generating device,"The utility model relates to a rotary solar generating device, which solves the problem that solar energy cannot be fully and effectively utilized by the present fixed solar device. The rotary solar generating device includes a pedestal; the pedestal is provided with a rotating disk with a pulley; the rotating disk is fixedly provided with a rotating shaft; the top of the rotating shaft is hinged to a solar energy plate; the solar energy plate is hinged to the rotating shaft through an electric telescopic rod; and the output terminal of the solar energy plate is connected with a solar energy controller, a storage battery, a solar energy inverter and a time controller in sequence. The rotating disk in the device enables the solar energy plate to rotate automatically, and the elevation angle of the solar energy plate can be adjusted by the electric telescopic rod. According to the rotary solar generating device, the structure is simple, the design is ingenious, mounting and dismounting are rapid, solar energy is fully utilized, the solar generating efficiency is substantially raised, investment cost is reduced, production benefit is raised, and much investment value is provided.",H02S10/20; H02J7/00; H02S20/32,Y02E10/50; Y02E70/30,cited_by:6 | cites:0,2014
027-938-109-395-323,BIFACIAL PHOTOVOLTAIC SOLAR ENERGY APPARATUS,"A bifacial photovoltaic solar energy apparatus is provided to receive solar light under an optimum condition by improving the structure of a reflector and prevent increase of load of a solar tracking system by minimizing the weight of the reflector. A bifacial photovoltaic solar energy apparatus includes a double-sided solar energy unit(30), a first reflector(40), and a second reflector(50). The double-sided solar energy unit has a front surface and a rear surface for receiving solar light, and is inclined in one direction by 40 to 50 degrees. The first reflector is arranged at the right side of the double-sided solar energy unit, and inclined by 85 to 95 degrees from the double-sided solar energy unit. The first reflector is arranged to reflect solar light to the front surface of the double-sided solar energy unit. The second reflector is spaced apart from the left side of the double-sided solar energy unit, and inclined by 40 to 50 degrees in the direction opposite to the first reflector such that the second reflector reflects solar light to the rear surface of the double-sides solar energy unit.",H02S20/32; F24J2/40,Y02E10/52; Y02E10/60; H02S20/32; H02S40/22; H02S40/44; Y02E10/50,cited_by:7 | cites:0,2008
077-005-095-832-260,Energy-saving greenhouse system based on solar energy,"The invention provides an energy-saving greenhouse system based on solar energy. The system comprises a solar power generation subsystem and an energy-saving control subsystem; the solar power generation subsystem is used for converting solar energy into electric energy and supplying power to the energy-saving control subsystem; and the energy-saving control subsystem is used for adjusting the environment of a greenhouse by utilizing the electric energy provided by the solar power generation subsystem. The energy-saving greenhouse system based on solar energy has the beneficial effects that the energy-saving greenhouse system based on solar energy is provided, and power support is provided for the environment adjustment of the greenhouse through solar energy, so that full utilization of solar energy and accurate control of the environment of the greenhouse are realized, the environment is protected to the maximum extent, and the system is of great significance for sustainable development of the greenhouse and for the construction and protection of the environment of beautiful homeland of humans.",A01G9/14,A01G9/14; Y02A40/25; Y02P60/12,cited_by:0 | cites:0,2018
091-934-144-107-027,Photoelectric and photo-thermal integrated assembly,"At present, in the field of solar energy application, two modes are mainly adopted, one mode is to absorb solar energy to generate electricity, and the other mode is to absorb solar heat to heat water, but the two modes cannot be combined, and precious clean energy of solar energy is wasted to a great extent. The invention relates to the field of solar energy application, and especially relates to a device for converting solar energy absorbed by a solar power generation panel and a heat absorber into electric energy and heat energy. The device can be widely applied to various occasions with sufficient illumination.",H02S40/44; H02S40/38; H02S40/40,H02S40/44; H02S40/38; H02S40/40; Y02E10/50; Y02E10/60; Y02E70/30,cited_by:0 | cites:0,2021
129-975-808-686-972,Solar energy mouse,"The invention relates to a solar energy mouse comprising a mouse body, an optical sensor, an internal light source, a battery, a lens, a solar module and an energy management device. The solar energy mouse uses the lens arranged on the mouse body to focus rays; the solar module receives the rays; and the energy management device transforms the rays into electrical energy and then carries out the management of charging the battery of the mouse. The solar energy mouse can solve the problem that the traditional solar energy mouse is required to wait for the solar module to absorb enough solar energy to continue the operation when electrical power for maintaining action is insufficient.",G06F3/0354,,cited_by:0 | cites:0,2010
006-948-793-625-873,Solar chemical heat storage system for heating,"The invention relates to a solar chemical heat storage system for heating. The solar chemical heat storage system for heating comprises an energy storage assembly, a storage battery and a boiler body,wherein the energy storage assembly is used for absorbing solar energy and adjusting the absorption amount of the solar energy, the storage battery is used for storing the solar energy for chemical energy conversion, and the boiler body is used for outputting heat for heating; and the energy storage assembly comprises a solar main board and solar auxiliary boards movably arranged on two sides ofthe solar main board, the solar auxiliary boards are rotationally accommodated at the bottom of the solar main board through fixing pieces, and the solar auxiliary boards are rotationally supported ontwo sides of the solar main board through locking pieces to form the same horizontal plane with the solar main board. In short, by means of the technical scheme, through a coherent and compact structure, the problems that scale is prone to generation and high-temperature steam cannot be generated greatly when traditional solar energy chemical energy storage is applied to a heating system are solved, and the problem that the solar energy absorption amount cannot be adjusted according to the requirement of a real-time situation when the traditional solar energy chemical energy storage is applied to the heating system is further solved.",F24D15/02; F24S60/20,F24D15/02; F24D2200/14; F24S60/20; Y02E10/40,cited_by:0 | cites:0,2020
113-166-605-023-545,Solar power energy system in a bicycle,"A solar power energy system in a bicycle, which comprises: a first solar energy transferring unit with electric connection, an electric energy storage unit and an output unit. The first solar energy transferring unit is formed with several solar energy plates on the topside of a mudguard, or it is set several solar energy plates on a sliding plate, which is pivoted under the carriage frame of the bicycle, to collect the solar energy in the daytime by solar energy plates on the mudguard or sliding plate and then transfer to electric power stored in the electric energy storage unit to provide to output unit. It has a regular appearance and convenient application.",B62J6/00,,cited_by:0 | cites:0,2007
117-971-221-659-293,Portable solar energy charger,"The utility model discloses a portable solar energy charger comprising a shell and a solar panel arranged on the shell. A groove used for installing a charging module is arranged on the shell, the charging module is adapted with the groove, and a solar energy output interface is arranged in the groove; the charging module comprises a charge-discharge storage battery, a solar energy charging input interface and a solar energy charging output interface; the charge-discharge storage battery is arranged in a box body, the solar energy charging input interface and the solar energy charging output interface are arranged on the box body, the solar panel is electrically connected with the solar energy output interface by a control circuit, and the solar energy output interface is electrically connected with the solar energy charging input interface. A solar energy charger main body and the charging module can be conveniently disassembled; the charging module carries out charging, and the using is more convenient; under the condition that both an electrical appliance and the charging module are not electrified and AC electricity charging is inconvenient, the solar energy charger only needs to be placed in the sun, and then the charge-discharge storage battery can be directly charged.",H02J7/00; H01M10/44,Y02E60/10,cited_by:2 | cites:0,2010
111-758-394-135-649,Foldable solar energy assembly and mobile vehicle having the same,"The present utility model relates to a solar energy assembly having a main frame, at least one solar energy panel frame, a driving device, and an electrical assembly. The at least one solar energy panel frame is pivotally and foldablly connected with the main frame. Each solar energy panel frame has multiple solar energy panels mounted thereon. The driving device is mounted on the main frame and connected to the at least one solar energy panel frame to pivot the at least one solar energy panel frame related to the main frame. The electrical assembly has a battery electrically connected to the solar energy panels on the at least one solar panel energy frame and a distribution box electrically connected with the battery.",H02S40/38; A01B76/00; H02S20/00; H02S30/20,,cited_by:0 | cites:0,2024
099-053-496-464-918,Solar energy power generation system for power grid,"The invention relates to a solar energy power generation system for a power grid. The system comprises a substrate, solar energy cells and leads, wherein the substrate is laid on the ground, an upper end surface of the substrate is provided with a sunlight reflection layer, the sunlight reflection layer on the substrate is provided with multiple solar energy cells arranged in an array mode, the solar energy cells are cylindrical, the solar energy cells are vertically mounted on the substrate, an outer wall of the solar energy cells is provided with a mirror reflection layer, height of the solar energy cells is in a range of 1-10mm, the solar energy cells are respectively provided with the leads, and current generated by the solar energy cells are conducted to electrical storage equipment of a power grid system through the leads.",H02S10/20; H02S40/22,H02S10/20; H02S40/22; Y02E10/52; Y02E70/30,cited_by:0 | cites:0,2016
093-947-729-955-684,Embedded wearable solar power supply system and control method thereof,"The invention discloses an embedded wearable solar power supply system and a control method thereof. The system comprises a solar cell module, an energy storage module and a controller, wherein the solar cell module is a flexible solar cell array and is used for converting solar energy into electric energy; the energy storage module is composed of multiple super capacitors and is used for storing the electric energy; the controller is used for calculating a continuously changing maximum power point according to a maximum power point tracking algorithm when outside illumination intensity changes. Charging and discharging management is conducted according to the magnitude of energy needed by a load, and if the energy needed by the load is less than energy provided by the solar cell module, the solar cell module supplies power to the load and the energy storage module simultaneously; when the energy needed by the load is larger than the energy provided by the solar cell module, the solar cell module and an energy storage element supply power to the load simultaneously. According to the embedded wearable solar power supply system and the control method thereof, the solar energy can be effectively collected, and the efficiency of collecting the solar energy by the system is improved through the maximum power point tracking algorithm.",H02J7/35; H02S40/30; H02S40/38,H02J7/35; H02S40/30; H02S40/38; Y02A30/14; Y02E10/56; Y02E70/30,cited_by:18 | cites:0,2017
143-040-626-865-914,Mobile solar energy storage device,"The utility model discloses a mobile solar energy storage device which comprises a solar controller, a mobile box, a solar mounting rack, a bottom supporting mechanism, an angle supporting mechanism and two solar charging mechanisms. According to the mobile solar energy storage device, the solar charging mechanism is used for charging the storage battery through the solar controller, and the requirements of solar power generation and energy storage are met; the two solar charging mechanisms are stored in the moving box, and the solar energy storage device is convenient to move or store due to the foldable structure of the solar energy mounting frame; the solar energy mounting rack provides mounting conditions for the two groups of solar energy charging mechanisms, and the solar energy collection effect is good; the lower end of the bottom supporting mechanism is supported on the ground so that the moving box can be positioned, the lower ends of the angle supporting mechanism and the bottom supporting mechanism are supported on the ground, and the angle between the solar mounting frame and the two solar charging mechanisms can be adjusted by adjusting the length of the angle supporting mechanism.",H02S20/30; H02S10/20; H02S10/40; H02S30/20; H02S40/38,Y02E10/50,cited_by:0 | cites:0,2025
149-263-974-562-596,Solar energy multidirectional tracking photovoltaic power generating system,"The utility model discloses a solar energy multidirectional tracking photovoltaic power generating system, which adopts a group of solar energy optical lenses consisting of a plurality of reflecting mirrors, a Fresnel lens and a plane mirror; a rotating shaft of each solar energy optical lens is arranged on a solar energy lens support frame with different shapes; each solar energy optical lens can rotate around the shaft; the solar energy lens support frame also can move simultaneously so as to achieve the multidirectional tracking of the solar energy lenses rotating around the rotating shaft and moving along with the solar energy lens support frame; because the multidirectional tracking reduces the difficulty of single-shaft tracking, the scope of a focus in a cylinder region is simultaneously reduced, the focal time is improved, and the use temperature is improved; because a solar energy photovoltaic battery board is arranged within the cylinder region and can be arranged on the ground or a building and keep unchanged during the movement of the solar energy lenses, the focus of the solar energy photovoltaic battery board adopts changed focus tracking; and various utilization of focus tracking solar energy can be achieved through arranging the solar energy photovoltaic battery board in a cylinder. The utility model provides an array structure, is suitable for systems with different scales and is also suitable for the large-scale utilization of the solar energy simultaneously, in particular to the photovoltaic power generation and the heat utilization of the solar energy.",G02B3/00; G02B3/08; G02B5/08; G02B7/182; G05D3/00; H02S40/22,Y02B10/10; Y02E10/50,cited_by:4 | cites:0,2010
199-283-211-212-151,Solar energy mouse,"The invention relates to a solar energy mouse comprising a mouse body, an optical sensor, an internal light source, a battery, a lens, a solar module and an energy management device. The solar energy mouse uses the lens arranged on the mouse body to focus rays; the solar module receives the rays; and the energy management device transforms the rays into electrical energy and then carries out the management of charging the battery of the mouse. The solar energy mouse can solve the problem that the traditional solar energy mouse is required to wait for the solar module to absorb enough solar energy to continue the operation when electrical power for maintaining action is insufficient.",G06F3/0354,,cited_by:0 | cites:0,2009
196-351-928-565-029,High temp and capacity vacuum solar accumulator,"A high-temperature high-volume vacuum solar energy-accumulating device having a solar energy heat collection system, a solar energy transmission system, a solar energy storage system and a solar energy vacuum heat insulation system inside. The device can accumulate the solar energy in a high-temperature, high-volume and high-intensity manner, and keep the temperature in a vacuum manner.",F24J2/34,Y02E10/40,cited_by:0 | cites:0,2007
128-461-291-935-045,Solar voltage-stabilized power supply circuit,"The utility model discloses a solar voltage-stabilized power supply circuit, which relates to the technical field of solar power supplies and comprises a solar module used for solar power generation and voltage stabilization by an output control module; the voltage detection module is used for carrying out undervoltage judgment on the solar energy, controlling the first energy storage module to discharge and controlling the second energy storage module to charge when the solar energy is undervoltage, and controlling the first energy storage module to store energy and controlling the second energy storage module to discharge when the solar energy is not undervoltage; and the illumination detection module is used for detecting illumination and controlling the operation of the voltage detection module. According to the solar voltage-stabilized power supply circuit, the output control module carries out voltage stabilization processing on the input electric energy, the voltage detection module judges whether the solar voltage is under-voltage, when the solar voltage is not under-voltage, the second energy storage module and the solar module supply power to the first energy storage module together, and when the solar voltage is under-voltage, the second energy storage module supplies power to the second energy storage module. The first energy storage module is used for auxiliary power supply, and the second energy storage module is used for storing solar energy.",H02J1/10; H02J7/00; H02J7/35; H02J9/06; H02S40/30; H02S40/38,,cited_by:0 | cites:0,2023
115-472-459-251-846,NEW CONCEPT SMART PHOTOVOLTAIC POWER GENERATIOR,"The present invention relates to an advanced concept intelligent solar power plant. The advanced concept intelligent solar power plant includes: a rotation reflector (10) transmitting solar energy to an upper plate condensing mirror (20); the upper plate condensing mirror (20) collecting the solar energy and transmitting the same toward the inner side; an upper plate scattering mirror (40) scattering the solar energy transmitted from the upper plate condensing mirror (20) and transmitting each of the scattered solar energy to each solar module (50); the solar module (50) generating electricity by using the solar energy; a lower plate reflecting mirror (70) reflecting the solar energy which is not allowed to be adsorbed in the solar module (50) and transmitting the same to the solar module (50); and a control box (80) in which a battery (82) storing electric energy is installed, thereby maximizing generating efficiency of the solar energy.",H02S10/10; G08C17/02; H02S20/30; H02S40/22; H02S40/42,Y02E10/50,cited_by:1 | cites:0,2016
049-030-900-022-885,Energy-saving solar electric motorcycle,"The utility model relates to a motorcycle, in particular to an energy-saving solar electric motorcycle. The energy-saving solar electric motorcycle comprises an electric motorcycle, a solar battery, a supporting plate, a supporting rod, a supporting pipe, a solar controller, a storage battery, a charger and an automatic changeover switch, wherein solar energy is converted into electric energy through the solar battery, so as to be stored in the storage battery and serve as the power source of the energy-saving solar electric motorcycle; and electric energy supply is used for supplementation. The energy-saving solar electric motorcycle has the advantages of original conception, compact structure, easiness in manufacture, and convenience in use, develops solar energy, saves electric energy, achieves energy conservation and consumption reduction, has obvious economic benefits, can be widely popularized and applied, and is also suitable for the energy-saving improvement of the conventional electric motorcycle.",B62K11/00; B60K16/00; B60L8/00,Y02T10/7072,cited_by:0 | cites:0,2011
062-660-227-212-423,Maximum power tracing method for solar power system and solar power device,"The invention discloses a maximum power tracking method for a solar energy power supply system and the solar energy power supply unit thereof, relating to solar power generation technical field. And the method tracks the maximum power of the solar energy system by dynamic balancing. According to the method, it adds in intelligent charging-discharing mechanism to form an intelligent coordination solar energy device, comprising at least a solar panel, super capacitor, DC/DC buck-boost converter, pulse width modulation driver, storage battery, logic controller and load; and the method is characterized in that an instant power type super capacitor is connected between the solar panel and the DC/DC buck-boost converter to act as an energy dynamic balancer; it converts the electric energy produced by the solar panel into capacitor type electric energy to make the maximum power calculation, able to largely simplify calculation program, improving tracking calculation real-timeness and reliability and raising solar energy system efficiency. And the invention can be widely applied to solar LED lamps, and solar energy lamps, especially solar energy street lamps, solar traffic signal lamps, solar energy engineering lamps, etc.",H02J7/35; H02J15/00,Y02E70/30,cited_by:26 | cites:0,2007
152-750-118-391-532,Solar power system,"The invention discloses a solar power system. The solar power system comprises a solar energy collecting device, a solar energy collecting unit, a controller, a load circuit, a storage battery and a remote management server, wherein the solar energy collecting device is used for collecting sunlight beams and converting solar energy into electric energy; the solar energy collecting unit comprises a plurality of photosensitive elements, a microprocessor and a driving module; the controller is used for controlling the electric energy to supply power to the load circuit or charge and discharge the storage battery, monitoring the states of the storage battery and the solar energy collecting device, and transmitting monitored state information to the remote management server; and the storage battery is electrically connected with the controller, and used for storing or releasing electric energy. Through adoption of the solar power system disclosed by the invention, the sunlight beams can be tracked automatically; the solar energy is utilized at maximum efficiency; real-time monitoring of the storage battery and the solar energy collecting device is realized; and the occurrence of faults of the solar power system is prevented.",H02S40/30; H02J7/35; H02S50/00,H02S40/30; H02J7/35; H02S50/00; Y02E10/50,cited_by:1 | cites:0,2017
019-654-939-841-981,STEREOSCOPIC SOLAR AND SOUND ENERGY ABSORPTION AND CONVERSION DEVIECE,"A stereoscopic solar and sound energy absorption and conversion device includes a base, a solar energy absorption converter, a sound energy absorption converter, a storage battery and an execution device. The base is stereoscopic. The solar energy absorption converter, the sound energy absorption converter, the storage battery and the execution device are installed on the base. The solar energy absorption converter and the sound energy absorption converter are connected with the storage battery, so as to absorb solar energy and sound energy and convert them into electric energy. The storage battery supplies power for the execution device. The solar and sound energy absorption and conversion device absorbs solar and sound energy in the daytime, then converts them into electric energy, and at night, the electric energy is used for illumination or music playing and so on.",H02J7/00,H02J7/35; H02J50/001; H02J50/15; H02S10/10; Y02E10/50; H02J7/35; H02J50/001,cited_by:0 | cites:0,2011
100-535-940-162-242,Solar charging station with automatically function of charging,"The utility model provides a solar charging station with automatically function of charging, including the solar charging system and the fixing device that charges, the solar charging system with the fixing device that charges links to each other, solar charging head with the first telescopic link of solar charging links to each other, the solar energy protective sheath sets up the first telescopic link of the solar charging outside, solar energy butt joint connecting block is fixed solar energy protective sheath both sides, solar energy butt joint connecting block passes through solar energy butt joint axis of rotation with solar energy butt joint pole with solar energy butt joint dead lever links to each other, solar energy butt joint pole with solar energy butt joint dead lever links to each other, solar energy butt joint pole free end with solar energy butt joint movable pulley links to each other. The beneficial effects of the utility model are that effectively improving the automation of charging station and dismantling the function, the resource of the charging station of being convenient for is allocated, and the self-calibration function has effectively improved the automatic charging capability of charging station moreover, has effectively saved the manpower.",H02J7/00,,cited_by:1 | cites:0,2015
044-353-402-106-108,Solar energy photovoltaic device of vacuum glass tube and method,"The invention aims to provide a solar energy photovoltaic device of a vacuum glass tube. Solar energy optical to electrical material is arranged and processed in the vacuum layer of the vacuum glass tube to convert solar energy into electric energy; after the vacuum glass tube is sealed, the vacuum glass tube can be directly used and does not need to be packaged so as to lower the cost of the existing optical to electrical material; meanwhile, fluid or a heat pipe can be arranged in the cavity of a vacuum glass tube transmitting device to control the temperature of the solar energy optical to electrical material, so that the solar energy optical to electrical material can always keep high-efficiency conversion effect, and heat energy is comprehensively utilized after being transferred by the fluid or the heat pipe, and thus, solar energy generation and temperature control are realized, solar energy conversion efficiency is improved, and solar energy heat is comprehensively and integrally utilized. In order to improve solar energy utilization efficiency, a solar energy mirror is arranged out of the device to focus solar energy, i.e. reflect, refract, project solar energy, and in order to reduce heat waste, an insulating layer is added out of the device.",H02S40/22; H02S40/42; H02S40/44,Y02E10/50; Y02E10/60,cited_by:7 | cites:0,2010
178-353-444-689-638,Method for incubation and production through combination of solar energy and air energy or through application of solar energy in series connection with boiler,"The invention discloses a method for incubation and production through combination of solar energy and air energy or through application of the solar energy in series connection with a boiler. A solar energy heat collecting device (2) is combined with an air energy hot water device (12) for use, or the solar energy heat collecting device is connected with the boiler in series for use. Water is used as a carrier, heat energy is transmitted to an incubation and production workshop (9), and therefore an incubation temperature is obtained in incubation. The solar energy is combined with the air energy for use or the solar energy is connected with the boiler in series for use, when it becomes cloudy and solar heat energy cannot meet the requirement for production, the air energy hot water device is started or the boiler performs heating to overcome the defects of the solar heat energy, and therefore energy is saved, emission is reduced and efficiency is improved.",A01K41/02,Y02A40/70; Y02A40/76; Y02P60/12; Y02P60/50,cited_by:1 | cites:0,2014
028-187-272-734-972,Solar energy water heater of a compact structure,"The utility model relates to a solar energy water heater of a compact structure, characterized in that; the solar energy water heater comprises a set of solar energy battery arrays capable of conversing the solar energy into the electric energy and an electric heater connected with the solar energy battery arrays by wires, the electric heater is arranged in a heat collection plate to heat the water in the heat collection plate, the solar energy battery arrays are laid on the upper surface of a hot water tank. Because a set of the solar energy battery arrays on the upper surface of the hot water tank and the matched electric heater are added, the hot water heated by the solar energy is heated for the second time and the solar energy is completely used. Even though in the winter in serious lack of sunniness, the solar energy can fully satisfy the operation requirements for heating water and simultaneously the structure of the water heater is compact and the whole floor space of the water heater is saved.",F24J2/00; F24J2/46,Y02E10/40,cited_by:1 | cites:0,2012
154-165-351-233-261,Solar indicator panel,"The invention provides a solar indicator panel. The solar indicator panel comprises a controller, light emitting units, a supporting structure and indicating baseplates; the supporting structure and the indicating baseplates are fixedly connected into a main body, the controller and the light emitting units are disposed in the main body, and the solar indicator panel further includes an automaticadjustment solar energy collection system, wherein the automatic adjustment solar energy collection system is disposed on the main body and separately connected to an energy storage unit and the controller through a control circuit. Compared with the prior art, the solar indicator panel has the advantages that the automatic adjustment solar energy collection system provides electric energy for thelight emitting units of an indicator panel body, efficient conversion of solar energy is achieved, the utilization rate of the solar energy is increased, energy is saved, the solar indicator pane issimple in structure and easy to install and maintain, energy consumption can be reduced, and the cost is saved. The automatic adjustment solar energy collection system of the solar indicator panel canautomatically complete collection of the solar energy and is simple in structure, low in manufacturing cost, high in popularization and wide in application range.",G05D3/12; F24S10/70; F24S30/40; F24S50/00; F24S70/10; F24S80/00; H02N2/18; H02S20/30,G05D3/12; H02N2/18; H02S20/30; Y02E10/50,cited_by:0 | cites:0,2018
125-992-025-396-038,HIgh efficiency reflecting solar cell collector,"A solar energy battery glistening high efficiency gathering device, characterized in that, comprising a solar energy battery collector [1] and a solar energy tracking platform [2]; The solar energy battery collector [1] comprises a reflection focusing basin [20], a solar energy battery board [21] and a cooler [19]; The solar energy battery board [21] is jointed by the solar energy battery plate. Light receiving surface of the solar energy battery board [21] faces to the reflection basin [22] of the reflection focusing basin [20], the light receiving surface is located in the focusing plane of the reflection basin [22], cable is lead from the solar energy battery board [21] to transmit signal; A cooler [19] is arranged on the backside of the solar energy battery board [21], cooler [19] contacts the back surface of the each solar energy battery board, so the heat radiation structure is formed. The utility model can save 99% consumption of the solar energy battery board under the same lighting area and improve efficiency of power generation and reduce greatly manufacture cost.",H01L31/052,Y02E10/50,cited_by:8 | cites:0,2007
074-935-711-408-386,Hybrid-control solar tracking device,"The invention relates to a hybrid-control solar tracking device. The hybrid-control solar tracking device comprises a solar energy focusing platform, a mechanical control module and an MCU main control module, wherein the solar energy focusing platform is used for focusing solar energy and directly converting solar energy into heat energy; the mechanical control module is used for controlling rotation of the solar energy focusing platform, so that sun tracking of the solar energy focusing platform is achieved; and the MCU main control module is used for calculating the position coordinates of the sun automatically according to the time and a light signal which is received currently, and driving the mechanical control module to control rotation of the solar energy focusing platform. Compared with the prior art, the hybrid-control solar tracking device has the advantages that light energy is directly converted into heat energy, the conversion efficiency is high, a system is stable, tracking is accurate, and the solar energy utilization rate is increased.",F24J2/40; F24S50/20; G05D3/12,F24S50/00; F24S50/20; F24S2050/25; G05D3/12; Y02E10/47,cited_by:0 | cites:0,2017
088-301-686-451-641,Trailer motor home,"The utility model discloses a trailer motor home. The trailer comprises a trailer body, an energy storage battery pack and a solar module, and the energy storage battery pack is mounted at the bottom of the trailer body; the solar assembly comprises a solar panel, the solar panel is arranged on the surface of the vehicle body, the angle of the solar panel can be adjusted, the solar assembly is electrically connected with the energy storage battery pack, and the solar assembly is configured to charge the energy storage battery pack through electric energy output by the solar panel. According to the trailer motor home, the energy storage battery pack is charged through the electric energy output by the solar panel, the power supply capacity of the energy storage battery pack can be improved, the user experience is improved, the angle of the solar panel can be adjusted, the light utilization rate can be increased, and electric energy supply is increased.",B60P3/335; B60P3/36; B60R16/033; B60R16/04; H02J7/35; H02S20/30,Y02E10/50,cited_by:0 | cites:0,2024
074-915-321-651-614,Compressed gas energy storage solar position tracer,"The utility model belongs to the technical field of solar energy is collected and the energy storage, a compressed gas energy storage sun direction tracer is provided. Installing solar energy collection device in air -bag unit's upper surface, controlling solar energy collection device's deflection angle through adjusting in the air -bag unit the intracapsular atmospheric pressure of each gas andtolerance, messenger's solar energy collection device moves towards solar position all the time, reaches the effect that can follow the trail of solar position, can store the energy again. The advantage: solar energy collection device and the integration of sun tracer, not extra occupation space, can enough track the solar energy position, can save the solar energy of collection again, adjust thepower supply peak valley value of solar energy, it is reliable and stable to supply power, improves power supply quality.",H02S20/32; H02J3/28; H02S10/20,Y02E10/50; Y02E70/30,cited_by:1 | cites:0,2018
106-962-027-814-997,Solar energy photothermal converter,"The invention discloses a solar energy conversion device which converts solar energy into thermal energy. The invention uses at least one solar energy mirror, at least one endothermic device, thermal insulation material, sunlight transmission material, wherein the sunlight transmission material induces the sunlight having transmitted to the endothermic device which convert the solar energy into thermal energy thereby realizing novel solar energy conversion, especially the intermediate/high temperature application of solar energy.",F24J2/04; F24J2/51; F24S10/95; F24S23/00,Y02E10/44,cited_by:5 | cites:0,2007
086-925-166-079-949,Solar window shutter device,"The utility model provides a solar energy shutter device, comprising at least one solar energy vane and an electric device. Wherein, the solar energy vane adopts a solar energy generating board for transforming the sunshine irradiating on into the electric energy, and the electric device takes the electric energy as the power supply. Moreover, the solar energy shutter device is further provided with a socket for the electric connection of the electric device and the electric using; and a battery is also arranged for storing the electric energy. For the best, the solar energy shutter device can include a transfer switch used for transferring the electric device to directly use the electric energy radiated by the solar energy vane or the electric energy stored in the battery.",E06B9/26; H02S10/00; H02S10/20,Y02E10/50; Y02E70/30,cited_by:5 | cites:0,2008
127-300-235-348-280,Router,"The utility model is applicable to the communication field and provides a router. The router comprises a solar energy reception conversion board and a wireless router, wherein the solar energy reception conversion board and the wireless router are in power supply connection in a wireless mode. According to the router, the solar energy reception conversion board receives solar energy and converts the solar energy into electromagnetic energy, the electromagnetic energy is further sent to the wireless router through the wireless electric power transmission technology to realize solar energy power supply of the wireless router, and shortage of electric power resources is alleviated, moreover, the solar energy reception conversion board and the wireless router are connected without a wire, so the solar energy reception conversion board is convenient to mount.",H02S10/20; H02J50/10; H04L45/60,Y02E10/50; Y02E70/30,cited_by:0 | cites:0,2015
167-305-035-148-288,"METHOD AND APPARATUS FOR PROMPTING AMOUNT OF SOLAR-AIR-ENERGY REFRIGERANT, AND DEVICE","Provided in the present application are a method and apparatus for prompting the amount of a solar-air-energy refrigerant, and a device. The method comprises: acquiring temperature data of solar-air energy, wherein the temperature data comprises a temperature value of an environment where the solar-air energy is located, an actual water temperature value in a solar-air-energy water tank, and an exhaust temperature value of a solar-air-energy compressor; determining function information of the solar-air energy according to the temperature data, wherein the function information represents whether the amount of a solar-air-energy refrigerant is normal; and outputting prompt information according to the function information. Such a process improves the reliability of the determination of the amount of a solar-air-energy refrigerant, such that solar-air energy can be effectively protected.",F25B13/00,F25B13/00; F25B27/00; F25B41/31; F25B49/02; Y02B30/70,cited_by:0 | cites:0,2023
078-666-587-727-699,Solar lighting system,"The invention provides a solar lighting system. The solar lighting system comprises a solar absorbing module, an energy converter, an energy storer, a detection circuit, a control circuit and a lighting device, wherein the solar absorbing module is used for absorbing solar energy; the energy converter is connected to the solar absorbing module; the energy storer is connected to the energy converter; the detection circuit is used for detecting lighting switch instructions and outputting detection signals according to the lighting switch instructions; the control circuit is connected to the detection circuit so as to receive the detection signals and is used for outputting the control signals to the energy storer; and the lighting device is connected to the energy storer. By the aid of the solar lighting system, the solar energy can be converted into electric energy for lighting, so that the electric energy is saved.",F21S9/03; F21V23/04; F21W131/103,Y02B20/72,cited_by:2 | cites:0,2013
004-240-426-136-529,Automobile with solar energy and wind energy power supply system,"The invention belongs to the field of new energy automobiles, in particular to an automobile with a solar energy and wind energy power supply system. The automobile comprises the solar energy and windenergy power supply system, wherein the solar energy and wind energy power supply system is composed of a solar energy power supply system and a wind energy power supply system, the solar energy power supply system comprises a solar panel arranged at the roof position, the wind energy power supply system comprises a wind driven generator arranged at the roof or the head position, the solar paneland the wind driven generator are connected with an inverter, the inverter is connected with a storage battery, and the storage battery is connected with an automobile motor. According to the automobile with the solar energy and wind energy power supply system, the two power generation systems of solar energy and wind energy are arranged, electric energy obtained by the power generation systems isstored in the storage battery, and energy supply to the motor is achieved, so that the solar energy and the wind energy are mixed and utilized, and when sunlight exists, the solar panel generates electricity for charging; in the processes of automobile running, downhill, braking, steering and the like, the wind driven generator generates electricity, so that the multiple utilization of the energyis realized, and the effects of the energy conservation and the environmental protection are achieved.",B60L8/00,B60L8/003; B60L8/006; Y02T10/7072; Y02T10/72,cited_by:0 | cites:0,2020
040-636-429-236-986,Distributed energy and energy storage equipment,"According to the distributed energy source and energy storage equipment, a first solar panel and a second solar panel are arranged on a rotating limiting rod in a sleeving mode, a third solar panel is installed in a solar collecting groove, and lifting driving pieces are symmetrically installed on the two sides of the third solar panel; the output end of the lifting driving piece is connected with the first solar panel and the second solar panel in a swinging mode, the first solar panel, the second solar panel and the lifting driving piece are connected with wires, the outer ends of the wires are connected with the solar converter, an energy storage piece installation groove is formed in the energy storage equipment body, and the solar converter is installed on the energy storage piece installation groove. A first energy storage battery is installed at the bottom of the solar converter, a second energy storage battery is installed at the bottom of the first energy storage battery, the solar converter is connected with the first energy storage battery and the second energy storage battery through wires, continuous and stable operation of the energy storage equipment body is effectively guaranteed, and the problem of function interruption caused by power failure of a single battery is thoroughly avoided.",H02J7/35; H01M10/613; H02B1/56; H02S20/30; H02S30/20; H02S40/34; H02S40/38,,cited_by:0 | cites:0,2026
034-047-286-737-384,Wind energy and solar energy hybrid power generating system,"The utility model discloses a wind energy and solar energy hybrid power generating system. The system comprises a wind power generation portion, a solar energy generation portion and an electric energy storage portion. A solar energy photoelectric panel is cooled through the heat exchange technology, kinetic energy generated by air convection and natural wind energy are fully used, and not only the photoelectric effects of the solar energy but also heat energy in the solar energy are used. The system has the advantages that the generating efficiency of the solar energy photoelectric panel is improved through cooling; both the natural wind and the kinetic energy generated by air convection are fully used, and the disadvantage of discontinuous wind energy is overcome; and energy complement of the wind energy and the solar energy is used.",F03D9/02; F03D3/06; H02J7/00,Y02E10/74,cited_by:1 | cites:0,2013
113-944-401-374-923,Solar energy lamp with heat dissipation device,"The utility model discloses a solar energy lamp with a heat dissipation device. The solar energy lamp with the heat dissipation device is characterized by comprising a lamp cover, a light source, a storage battery, a solar energy control chip, a circuit board and a supporting rod, wherein the circuit board is connected with the heat dissipation device, the storage battery is arranged on the bottom of the lamp cover and is closely connected with the solar energy control chip, the circuit board is arranged on the end portion of the supporting rod and is connected with the light source, and the circuit board is in electric connection with the solar energy control chip through the supporting rod. The solar energy lamp can be charged, convenience is brought to the charging of the solar energy lamp, operation is simple and easy, and attractive performance of the overall design of the solar energy lamp is guaranteed. In addition, due to the fact that solar energy and a universal series bus (USB) are used for charging, a charge mode is environment-friendly and energy-saving. The solar energy lamp is a green, energy-saving and environment-friendly product.",F21S9/03; F21V23/06; F21V29/50; F21V29/74; F21Y115/10,Y02B20/72,cited_by:0 | cites:0,2013
023-592-542-990-27X,Solar wheelchair,"The utility model discloses a solar energy wheelchair which comprises a body, wherein, wheels are arranged on the body. The solar energy wheelchair is characterized in that the surface of the body is provided with a solar energy cell panel which is connected with a photoelectric conversion device that is connected with an accumulator, the solar energy wheelchair also comprises a motor which is powered by the accumulator and the motor drives the wheels. The solar energy wheelchair in the utility model can make fully use of the solar energy and utilize the solar energy to generate electricity to drive the rotation of the wheelchair with convenient use and energy source conservation.",A61G5/04; A61G5/10,,cited_by:1 | cites:0,2008
168-432-007-459-394,Solar energy storage device,"The invention discloses a solar energy storage device. The device comprises a solar energy receiving module, an electric energy conversion module, a judgment module and an electric energy storage module, wherein the solar energy receiving module is a transparent glass plate and used for projecting light rays into the electric energy conversion module; the electric energy conversion module is crystalline silicon, connected between the solar energy receiving module and the judgment module and used for converting solar energy to electric energy; the judgment module is an inductive switch, is in an on state when on-load running in a circuit is sensed and is in an off state when no-load running in the circuit is sensed; the electric energy storage module is a capacitor and used for storing and releasing electric energy. Through the manner, the solar energy storage device is capable of storing electric energy for standby application after converting solar energy to electric energy, so that the purpose of solar energy storage is realized.",H02S10/20,H02S40/00; Y02E10/50; Y02E70/30,cited_by:0 | cites:0,2015
096-799-620-540-060,Solar energy-storage device and solar energy application device,"The utility model discloses a solar energy-storage device and a solar energy application device, relates to the technical field of solar energy application and is invented in order to increase energy storage efficiency of the energy-storage device. The solar energy-storage device comprises an energy-storage tank, wherein an opening is disposed on the energy-storage tank, an insulation structure is disposed around outside of the energy-storage tank, the opening is disposed inside room enclosed by the insulation structure, a pipeline is connected to the opening and the pipeline is extended from the opening to outside the insulation structure. The solar energy-storage device is installed inside the solar energy application device. The utility model is applicable to occasions with solar energy application.",F24J2/34; F24J2/00; F24J2/46; F24J2/51,Y02E10/40,cited_by:0 | cites:0,2014
055-568-355-107-657,Novel solar energy device tent lamp,"A novel solar energy device tent lamp is composed of a solar energy silicon light board, an energy storage device and a light emitting diode (LED) lamp. The energy storage device comprises a solar energy controller, a storage battery and a control circuit board. The energy storage device is provided with an input interface, an output interface, a power source indicating lamp and a power source switch. The solar energy silicon light board is electrically connected with the input interface on the energy storage device. An LED light source is electrically connected with the output interface of the energy storage device. Power is supplied by solar energy so that the novel solar energy device tent lamp is environment-friendly, safe and energy-saving. The solar energy is absorbed by the solar energy silicon light board, converted to electric energy through the solar energy controller, stored in the storage battery and used for lighting at night. Due to adoption of the LED lamp, the novel solar energy device tent lamp is simple in structure, convenient to install, capable of being used for emergency charging of digital products such as a mobile phone or a digital camera and high in practicality in outdoor use.",F21L4/08; F21V23/04; F21V23/06; F21Y115/10,,cited_by:2 | cites:0,2013
057-105-142-876-219,Vehicle-mounted storable solar cell panel assembly capable of easily collecting sunlight at multiple angles,"The invention relates to a vehicle-mounted storable solar cell panel assembly, in particular to a vehicle-mounted storable solar cell panel assembly capable of easily collecting sunlight at multiple angles. The assembly comprises a storage frame, a first solar energy collection mechanism, a second solar energy collection mechanism and the like; first solar energy collecting mechanisms are symmetrically arranged on the two sides of the storage frame, and second solar energy collecting mechanisms are arranged in the storage frame. Through the first solar energy collection mechanism, the second solar energy collection mechanism, the third solar energy collection mechanism and the fourth solar energy collection mechanism, the vehicle-mounted storable solar cell panel can easily collect sunlight at multiple angles, the irradiation area is wide, and an automobile can be irradiated by the sun in different directions when moving.",H02S20/30; H02S10/40; H02S30/10; H02S30/20,H02S20/30; H02S10/40; H02S30/10; H02S30/20; Y02E10/50,cited_by:3 | cites:0,2021
012-078-003-471-373,Solar-based multifunctional food cooking system,"The invention discloses a solar-based multifunctional food cooking system, comprising: a solar high-temperature air module, a solar photovoltaic energy module, application modules and a control module. The solar high-temperature air module is used for converting solar energy into heat energy to cook food materials; the solar photovoltaic energy module is used for converting solar energy into electric energy that is stored to power the other modules; the application modules include various domestic appliances; the control module is used for controlling operation of the solar high-temperature air module, the solar photovoltaic energy module, and the application modules. The solar-based multifunctional food cooking system is suitable for cooking food in plateau regions, providing heat and electricity on plateau, and is energy efficient and environmentally friendly.",A47J27/00; A47J27/21; A47J36/24; A47J43/04; F24S20/30; F24S50/40; H02J7/35,A47J27/004; A47J27/21008; A47J36/2483; A47J43/04; H02J7/35; Y02A40/926; Y02B10/10; Y02B40/18,cited_by:0 | cites:0,2018
035-609-331-344-087,Adsorption type solar energy refrigerator,"The utility model discloses an adsorption type solar energy refrigerator which comprises an adsorption type refrigerator body. The adsorption type solar energy refrigerator further comprises a heating circulation pump and at least one solar heat collector, the heating circulation pump is connected with the adsorption type refrigerator body, and the solar heat collector is connected with the heating circulation pump. According to the adsorption type solar energy refrigerator, the solar heat collector is used for colleting the solar heat energy, a generator of the adsorption type solar energy refrigerator is heated through the heating circulation pump, work of the adsorption type solar energy refrigerator is further achieved, and the adsorption type solar energy refrigerator has the advantages of energy saving and environmental protection.",F25D23/12; F25B27/00,Y02A30/27; Y02B30/62,cited_by:0 | cites:0,2013
170-513-293-734-874,Solar energy charging umbrella,"The utility model discloses an umbrella, in particular to a solar energy charging umbrella. The solar energy charging umbrella comprises an umbrella body and an electric wire, and is characterized in that a solar energy absorbing film is stuck on the periphery of the umbrella cover of the upper end of the umbrella body and connected with a solar energy converter arranged on the inner side of the upper end of the umbrella body; the solar energy converter is connected with a charging socket at the bottom end of the umbrella through the electric wire; and the solar energy absorbing film and the solar energy converter are manufactured integrally.",A45B3/00; A45B3/04,Y02E10/50,cited_by:0 | cites:0,2012
012-846-728-412-96X,Solar energy component lamination system,"The utility model provides a solar energy component lamination system, include solar energy component, place in order to carry out the hot plate that heats to solar energy component and to be located the silica -gel plate of hot plate top in order to carry out the lamination to solar energy component below solar energy component, wherein, be equipped with the integrated silica gel strip that a plurality of intervals set up on the silica -gel plate to when the silica -gel plate carries out the lamination to solar energy component, solar energy component by spacing between adjacent two integrated silica gel strips. This practical solar energy component lamination system forms spacingly to solar energy component through the integrated silica gel strip that installs the interval additional set up on the silica -gel plate, solving solar energy component on the basis of the problem uneven, that the four corners approaches is partially arranged to the lamination in -process, has further improved the efficiency of solar energy component lamination, has realized the automated production of solar energy component lamination.",H01L21/68; B32B37/06; H01L31/18,Y02P70/50,cited_by:1 | cites:0,2017
082-165-988-662-792,Metallization system used for solar energy cell and solar battery array,"According to the invention, a cladding such as a polymer diaphragm (310) is used as a sender of a solar energy cell (130) during a metallization period. The polymer diaphragm (310) is adhered on the back side of the solar energy cell (130). A contact hole capable of passing through the polymer diaphragm (310) is formed to expose a doped zone of the solar energy cell (130). A metal is formed in the contact hole for electrically connecting to the doped zone exposed by the solar energy cell (130). The metal is electroplated to form the metal contacts (354 and 355) of the solar energy cell (130). The solar energy cell (130) is separated from other solar energy cells by metallization through supporting of the polymer diaphragm (310), thereby the solar energy cell strings or single solar energy cell can be formed.",H01L31/00,H10F77/315; H10F10/146; H10F19/908; H10F71/121; H10F71/1375; H10F77/147; H10F77/219; H10F77/70; Y02E10/547; Y02P70/50; H10F71/00; H10F10/146; H10F19/908; H10F71/121; H10F71/1375; H10F77/147; H10F77/219; H10F77/315; H10F77/70; Y02E10/547; Y02P70/50,cited_by:0 | cites:0,2013
046-094-543-278-324,Solar energy power generating system capable of adjusting directions,"The utility model discloses a solar energy power generating system capable of adjusting directions. The solar energy power generating system capable of adjusting directions comprises a solar energy panel and a track device, wherein the track device is arranged below the solar energy panel; a plurality of supporting columns are arranged between the solar energy panel and the track device; and one ends of the supporting columns are fixed on the solar energy panel, and the other ends of the supporting columns are slidably connected with the track device. The solar energy power generating system is simple in structure, the position of the solar energy panel can be adjusted according to sunshine directions, so that a contact area of the solar energy panel and sunshine is maximized, the utilization rate of the sunshine is increased, and power generating efficiency is improved.",H02S10/40; H02S20/30,Y02E10/50,cited_by:1 | cites:0,2013
098-995-707-570-124,Roof solar energy assembly connection structure,"The utility model belongs to the technical field of solar energy power generation, and provides a roof solar energy assembly connection structure, comprising a plurality of solar energy assemblies arranged on roof, wherein the solar energy assemblies are located at the sunny side of the roof, the solar energy assemblies are provided with positioning bodies, between two adjacent solar energy assemblies there is provided a connection body, and the connection bodies and the positioning bodies are cooperated with each other to connect two solar energy assemblies. The roof solar energy assembly connection structure has the advantages of convenient installation, stable and firm connection, and convenient and fast replacement and maintenance in later period, and the integral structure can play a good part in prevention of rainwater seepage, thereby prolonging the service life of the solar energy assembly.",E04D13/18; H01L31/042,Y02B10/10; Y02E10/50,cited_by:0 | cites:0,2011
145-972-011-722-16X,SOLAR ENERGY WATER HEATING SYSTEM,"In one aspect, the invention is directed to a solar energy water heating system for heating water in a water storage tank. In one particular embodiment, the system includes a controller, a solar energy collector whose energy contribution to water in the tank is controlled by the controller, and a non-solar heating system that is not controlled by the controller. Water in the tank may be heated by one or both of the non-solar heating system and energy from the solar energy collector. The controller can determine the amount of energy contributed by solar energy to the water in the tank. In another embodiment, the solar energy water heating system incorporates a controller that controls both the operation of the pump and the operation of the non-solar heating system. In another embodiment, a network of solar energy water heating systems is provided.",F24J2/40; F24S90/00,F24D19/1042; F24D11/003; F24D11/004; F24D12/02; F24D2200/00; F24D2200/14; F24D2220/06; F24D2220/08; F24D2240/10; Y02B10/20; Y02B10/70; Y02B30/00; F24D19/1042; F24D11/003; F24D11/004; F24D12/02; F24D2200/00; F24D2200/14; F24D2220/06; F24D2220/08; F24D2240/10; Y02B10/20; Y02B10/70; Y02B30/00,cited_by:31 | cites:0,2010
196-479-087-523-15X,Automatic rotatory solar energy electroplax,"The utility model provides an automatic rotatory solar energy electroplax, including solar energy electroplax, first screw, strutting arrangement and base, the solar energy electroplax still includes the induction receive device, the induction receive unit bit in the bottom intermediate position of solar energy electroplax, first screw with induction receive device fixed connection, first screw with strutting arrangement one end is connected, the strutting arrangement other end with the base is connected, the utility model discloses can be automatic according to the direction of illumination of sunlight and the autogiration guarantees that the exposure rate of sunlight is the biggest, is showing and is improving the solar energy utilization ratio, energy rotatory moreover comes from the absorptive solar energy of solar energy electroplax self and adorns the electric energy that trades, does not need external energy input, has improved the independence of solar energy electroplax work, the toughened glass board of solar energy electroplax can protect the solar energy electroplax not damage moreover, has prolonged the life -span of solar energy electroplax, has improved economic benefits.",H02S20/32; H02S30/00,Y02E10/50,cited_by:8 | cites:0,2016
162-236-309-899-997,MOBILE SOLAR ENERGY SYSTEM,"A mobile solar energy system is disclosed, which comprises a case and a solar energy device received in a chamber of the case. A cover is disposed above the chamber. The solar energy device comprises solar panels and a controlling device, and a plurality of solar modules are disposed on the solar panels. A battery module electrically connected to the controlling device is connected to the solar panels so that, when the sunlight propagates through the cover to the solar panels, the solar energy can be transformed into electric energy for charging the battery module. Thus, the solar energy device can be put into a standard case and transported in the case by a means of transportation, which makes it convenient to move with improved mobility; and a pollution-free and noise-free power supply can be provided by the solar energy device, which makes it more competitive in the market.",H05K7/00,H02J7/35; H02J7/35,cited_by:16 | cites:0,2012
111-714-422-322-704,Multistage thermal power generation and poly-generation system based on the complementation of solar energy and other energy sources,"The present invention aims to provide a distributed multistage thermal power generation system based on the complementation of solar energy and other energy sources. The thermal power generation system comprises solar energy collection systems, solar energy generating units and non-solar energy systems, wherein the solar energy collection systems and the solar generating units form a group of solar power generation system. The thermal power generation system also comprises at least two groups of solar power generation systems and at least one group of non-solar energy systems to provide supplementary energy sources for the solar power generation systems. One group of solar power generation systems can be connected to the other group of solar power generation systems in series and/or in parallel, therefore, the waste heat generated by power generation of the group of power generation systems can be utilized by the other group of power generation systems to realize multistage power generation through utilization of the waste heat. Two groups of solar power generation systems consist of one group of solar low-temperature power generation systems and one group of solar high-temperature power generation systems. With the addition of the equipment for complementation of other energy sources, the thermal power generation system can ensure the supplement and adjustment of energy when the solar energy changes, so as to realize stable and sustainable power generation.",F03G6/06; F01K17/06; F01K23/10; F01K27/02; F03G4/00; F24D11/00; F24S10/50; F24S10/70; F24S23/30; F25B29/00,Y02B10/20; Y02E10/10; Y02E10/44; Y02E10/46; Y02E20/14,cited_by:4 | cites:0,2013
082-245-289-442-512,Solar efficient power generation device,"The utility model discloses a solar energy high-efficiency power generation device, which comprises a solar energy box body, a solar energy panel, a first condensing lens, a second condensing lens and an angle adjusting device, the solar energy panel is arranged in the solar energy box body, the first condensing lens is arranged in the solar energy box body, the first condensing lens is arranged above the solar energy panel, and the second condensing lens is arranged above the solar energy panel. The first condensing lens is arranged on the solar panel, the second condensing lens is overlapped on the first condensing lens, the second condensing lens is clamped on the solar box body, and the angle adjusting device is connected to the bottom of the solar box body. And by arranging the angle adjusting device, people can adjust the orientation of the solar panel according to the moving direction of the sun, so that the solar panel always faces the sun, and the power generation time and the power generation efficiency of the solar panel are improved.",H02S20/30; F24S30/425; H02S40/22; H02S40/42,Y02E10/47; Y02E10/52,cited_by:0 | cites:0,2022
055-900-842-973-204,Solar ceramic metal halide lamp,"The utility model relates to a solar ceramic metal halide lamp, which comprises a solar panel, a charging current controller, an electric energy storage, an inversion converter and a lamp load, wherein the solar panel is connected with the charging current controller for converting the solar energy radiation into the electric energy; the charging current controller is used for transmitting and storing the electric energy on the solar panel into the electric energy storage, for isolating the electric energy and the commercial-frequency power supply in the electric energy storage and for transmitting the electric energy reversely to the solar panel; the electric energy storage is used for storing the electric energy, and the solar panel and the charging current controller form an electricitytransmission loop; the inversion converter, the electric energy storage and the lamp load form the other loop; the inversion converter is used for converting the DC of the solar panel or the electriccurrent storage into the AC of the standard voltage to supply power for the lamp load. In the utility model, by combining the solar energy and the commercial-frequency power supply organically, the solar energy can be used fully, thereby not only protecting the environment but also saving the energy.",F21S9/02; F21S9/03; H02J7/35; H05B41/282,Y02B20/72,cited_by:0 | cites:0,2010
088-676-358-461-657,Solar energy soundproof wall device,"This invention relates to a solar energy soundproof wall device. It includes at least one soundproof wall and at least one solar energy structure. The soundproof structure contains a bottom frame and a soundproof panel. The bottom frame is disposed on a side of a highway. The soundproof is secured on the bottom frame. This solar energy structure has many solar energy bases and many solar panels. The solar energy bases are mounted on the soundproof panel. The solar panels are pivoted on the solar energy bases. So, the function of these soundproof panels is to reduce the lateral noise's transmission. Also, the pivoted angle of the solar panel can be adjusted so as to increase the power generating effect and to minimize the reflective light for drivers' eyes. Therefore, this invention can achieve the soundproof and eco-friendly solar energy generation functions. It can save the energy for lights by the road. The angle can be adjusted for increasing the solar energy absorption as well as minimizing the reflective light for drivers' eyes.",E04B1/82,,cited_by:0 | cites:0,2017
112-424-020-717-800,Solar energy mobile power supply monitoring system,"The utility model discloses a solar energy mobile power supply monitoring system comprising a solar energy mobile power supply and a hand-held terminal connected with the solar energy mobile power supply; the solar energy mobile power supply comprises the following elements: a solar panel used for converting solar energy into power energy; a charging module used for storing or releasing power energy; a control module controlled by the hand-held terminal and used for adjusting a solar panel horizontal angle and charging module output current. The hand-held terminal is connected with the control module; the control module is connected with the solar panel and the charging module; a current output end of the solar panel is connected with a current input end of the charging module. The hand-held terminal is connected with the solar energy mobile power supply, so a user can use the hand-held terminal to control the solar energy mobile power supply.",H02S10/00,Y02E10/50,cited_by:0 | cites:0,2015
038-306-931-293-288,Solar energy lighting tank,"The utility model discloses a solar energy lighting tank, which includes a lighting tank body, wherein a solar energy lighting device is arranged in the tank body and includes a solar energy battery board, a storage battery and a light body; a control switch is further arranged on the solar energy lighting tank; the solar energy battery board and the control switch are arranged on the upper end surface of the solar energy lighting device and positioned at the port of the tank body; the storage battery and the light body are arranged below the solar energy battery board and the control switch; the solar energy lighting tank further includes a cover matched with the tank body, a photosensitive switch is arranged on the upper end surface of the solar energy lighting device; a connecting piece is arranged on the tank body and the cover body to connect the cover body with the tank body movably; and the upper end surface of the solar energy lighting device is clamped on the port of the tank body. By arranging the solar energy lighting device, the solar energy lighting tank not only provides romantic lighting effect, but also is environment-friendly and convenient to carry.",F21L4/08; F21V15/02; F21V23/00; H02J7/00,,cited_by:7 | cites:0,2010
119-711-357-710-379,Solar aircraft safety control method based on longitudinal flight path,"The invention belongs to the technical field of unmanned aerial vehicles and relates to a solar aircraft safety control method based on a longitudinal flight path. The method includes the steps that a solar aircraft power system is started and a solar aircraft flies to the preset height through energy supplied by an energy storage battery and sun illumination; a solar cell panel receives sun illumination to generate electric energy, and an energy management system loaded on the solar aircraft detects the power of the solar cell panel; the level flight power and the level flight speed are obtained through a thrust and resistance balance relationship; and according to the relationship between the input power of the solar aircraft and the level flight power, the flight mode of the solar aircraft is controlled. By the adoption of the method, according to the features of the solar aircraft and external energy input, the rotation speed of propellers is controlled, the solar aircraft climbs up or conducts level flight when solar energy is sufficient, and potential energy is effectively stored; and the solar aircraft slides down when solar energy is insufficient, the flight speed of the solar aircraft is changed by conversion of potential energy and kinetic energy, and safe flight of the solar aircraft is achieved.",B64D27/24; G05D1/04,B64D27/24; B64U2201/00; G05D1/042; G05D1/042; Y02T50/50; Y02T50/60,cited_by:9 | cites:0,2016
098-105-461-830-397,SOLAR POWER GENERATING APPARATUS AND ITS TRACKING METHOD,"Disclosed are a solar power system and a solar energy chasing method thereof. According to the present invention, errors may be corrected in the installation area of a solar energy collecting plate with solar cells, particularly, in the installation direction thereof. Therefore, a control angle may be operated and determined, so that the solar cells or the solar energy collecting plate may be rotated precisely in the desired direction. In the case of disposing a plurality of solar energy collecting plates, the solar energy collecting plates may be controlled according to a predetermined rotation angle, thereby increasing solar energy absorbing efficiency.",F24S50/20,H02S20/32; F24S30/425; F24S50/20; F24S2030/136; G01S3/7861; H02S20/00; Y02E10/47; Y02E10/52; H02S40/22; H10F19/00; H02S20/32; F24S30/425; F24S50/20; F24S2030/136; G01S3/7861; H02S20/00; Y02E10/47; Y02E10/50,cited_by:0 | cites:0,2011
179-863-203-050-338,"Anti -wind solar energy, wind energy navigation mark lamp","The utility model relates to an anti -wind solar energy, wind energy navigation mark lamp, including cylinder, lamp body, solar energy component and accumulate device, the cylinder top is equipped with the lamp body, the cylinder is by the last wind generating set body, cylinder platform and the solar energy component of being equipped with in proper order under to, and wherein the wind generating set body uses the cylinder as axle center base setting, the circumferencial direction of cylinder is evenly sealed to be equipped with solar energy component, and solar energy component is the tile form, and wherein the solar energy component top connects with the cylinder hinge, and the solar energy component bottom is equipped with the regulation pole, it connects with the solar energy component hinge to adjust the pole, wherein adjust the pole other end and cylinder sliding connection, the accumulate device is connected with the wind generating set body, solar energy component electricity, the utility model discloses beneficial effect: but its make full use of solar energy, wind energy avoid the energy extravagant, guarantee the navigation mark lamp and normally work, and when wind -force is great, can reduce the harm that causes solar energy component to minimum, do benefit to the life -span that prolongs solar energy component.",F21S9/04; F21S9/03; F21V15/02; F21V21/14; F21V23/00; F21W111/04,,cited_by:6 | cites:0,2016
033-852-740-484-889,Solar electric power supply system,"The utility model relates to a solar energy power supply system, which is designed by aiming at the problem that the solar cell panel is not separated from the accumulator cell in the prior energy power supply system. The solar energy power supply system comprises a solar panel and an electric equipment, the solar panel is radiated by the sun and converts the solar energy into the electrical energy, the solar energy power supply system also comprises a solar cell box, the solar cell box comprises a box body and cells arranged in the box body, the cells is connected with the solar panel electrically for storing the electrical energy. The utility model proposes the solar energy power supply system, the solar cell box is arranged, which can store electric power when the sunlight is sufficient and release the electric power for driving the electric equipment. Simultaneously, the solar cell box not only can be arranged outdoors after being fixed with the solar cell panel, but also can be arranged indoors, thus being convenient for use.",H02S10/20,Y02E10/50; Y02E70/30,cited_by:1 | cites:0,2008
081-820-225-724-379,Winter warming system with solar energy complementary to air energy heat pump,"The utility model discloses a winter warming system with solar energy complementary to an air energy heat pump. The winter warming system with the solar energy complementary to the air energy heat pump comprises a cold water source, a hot water tank, a caliduct which is connected with the hot water tank, a solar energy warming circuit and an air energy heat pump warming circuit. The solar energy warming circuit comprises a first solar energy warming pipeline, a solar energy heat collecting board, a second solar energy warming pipeline and a third solar energy warming pipeline. The second solar energy warming pipeline is connected with a first circulation pump and a third valve, the third solar energy warming pipeline is connected with a second circulation pump and a fourth valve; the air energy heap pump warming circuit comprises the air energy heat pump, a first air energy heat pump warming pipeline and a second air energy heat pump warming pipeline, the first air energy heat pump warming pipeline is connected with a second valve, and the second air energy heat pump warming pipeline is connected with a first valve. The winter warming system with the solar energy complementary to the air energy heat pump is novel and reasonable in design, and rapid and convenient to use and operate, fully utilizes solar energy, and is good in family energy conservation and emission reduction effects, strong in practical applicability and in favor of popularizing and use.",F24D15/04; F24D19/10,Y02B10/20; Y02B10/70,cited_by:2 | cites:0,2013
081-246-616-048-677,Solar energy auxiliary charging system and new energy automobile,"The utility model discloses a solar energy auxiliary charging system comprising a solar energy storage battery with a solar cell panel, a to-be-charged battery connected with the solar energy storage battery through a power switch, a whole automobile controller connected respectively with the solar energy storage battery and the to-be-charged battery, and an electric quantity feedback device connected with the whole automobile controller. The solar energy auxiliary charging system can store the solar energy through the solar energy storage battery with the solar cell panel at ordinary times, and can charge the to-be-charged battery of the automobile when necessary, so that the times of the new energy automobile being charged in the charging station are reduced, and the indirect pollution to the environment is further reduced.",H02J7/00; B60L8/00,Y02T10/7072,cited_by:8 | cites:0,2013
084-851-689-345-853,Remote intelligent distributed control system and method for solar energy power generating streetlamp,"The invention relates to a remote intelligent distributed control system and a remote intelligent distributed control method for a solar energy power generating streetlamp, which are applicable to a plurality of independent solar energy power generating streetlamps and provide service to remote distributed control solar energy power generating streetlamps and intelligent control solar energy power generating streetlamps. The remote intelligent distributed control system for the solar energy power generating streetlamp consists of a plurality of solar energy power generating streetlamps and a remote intelligent distributed control center, wherein the solar energy power generating streetlamps comprise streetlamp posts and solar energy power generating streetlamp bodies; the solar energy power generating streetlamp bodies comprise solar panels, solar energy streetlamp controllers, accumulators, streetlamps and microprocessors with a wireless internet access function; and the solar energystreetlamp controllers are connected with the solar panels, the accumulators, the streetlamps and the microprocessors with the wireless internet access function respectively; and the remote intelligent distributed control center consists of a server and a neutral network control system and the two-way communication is realized between the remote intelligent distributed control centre and all the solar energy power generating streetlamps by an internet network.",H05B37/02,H05B47/19; Y02B20/40; Y02B20/72; H05B47/19,cited_by:3 | cites:0,2010
167-937-622-001-075,Disconnect -type solar street lamp,"The utility model discloses a disconnect -type solar street lamp, it includes the lamp pole, sets up solar charging device, support frame, setting the illuminator support frame below of setting belowsolar charging device on the lamp pole, wherein, solar charging device and illuminator pass through power cord electric connection, solar charging device includes the solar energy stores pylon, sets up solar energy bottom plate, single crystal solar panel, setting the solar energy bearer bar on single crystal solar panel of setting on the solar energy bottom plate on the solar energy stores pylon,the solar energy bottom plate passes through the bolt and is connected with the cooperation of solar energy stores pylon. The utility model relates to an ingenious, rational in infrastructure, its solar charging device and illuminator separate, can let the abundant sunlight that obtains of solar charging device turn into the electric energy and supply power to illuminator like this, let illuminator is luminous to shine, illuminate the road surface under it.",F21S9/03; F21V19/00; F21V23/00; F21V31/00; F21W131/103; H02S20/20; H02S30/10,Y02B20/72; Y02E10/50,cited_by:1 | cites:0,2018
007-177-245-398-757,Dual-purpose water heater of solar energy and wind energy,"A dual-purpose water heater of solar energy and wind energy relates to a daily-use water heater, in particular to a water heater which can heat water by both solar energy and wind energy. The dual-purpose water heater of solar energy and wind energy comprises an aerogenerator, a bracket, a power storing device, an electroluminescent piece, a water tank, a glass tube, a solar-energy reflector plateand a control switch, wherein the aerogenerator is arranged on the bracket; the bracket is arranged on the water tank; the water tank is communicated with the glass tube; the glass tube is matched with the solar-energy reflector plate to be arranged for receiving the solar energy to heat water in the glass tube; the electroluminescent piece is arranged in the water tank; and the control switch isconnected to the power storing device and the electroluminescent piece is series. The utility model has the advantages of that the dual-purpose water heater of solar energy and wind energy can use both the solar energy and the wind energy; the solar energy is used to heat water in sunny weather, and the wind energy is used to heat the water in cloud-rainy days, so the problem that a water heaterof solar energy must be heated by power can be solved completely; only one dual-purpose water heater of solar energy and wind energy needs to be arranged every home; the dual-purpose water heater of solar energy and wind energy is multipurpose, and not only is suitable for families, but also for hotels, schools, barracks, hospitals, and the like; the dual-purpose water heater of solar energy and wind energy is good for saving non-renewable energy resource.",F03D9/11; F24J2/00; F24J2/40; F24J2/46,Y02B10/20; Y02B10/30; Y02B10/70; Y02E10/40; Y02E10/72; Y02E70/30,cited_by:0 | cites:0,2010
129-844-336-484-001,Fixed point array solar energy smelting system,"The invention relates to the focusing utilization of solar energy, in particular to a solar energy smelting system which realizes solar energy acquisition by adopting point focused solar mirrors and is applied to a fixed point array. The solar energy smelting system comprises at least one or at least one group of point focused solar mirrors, at least one smelting device and tracking control devices, wherein the solar mirrors are arranged on a solar mirror support, the smelting devices are arranged in solar mirror focused punctate areas and are above or below the solar mirrors, the solar mirrors change in focal length in the process of tracking solar energy, and the focal lengths of the solar mirrors are maintained to be always positioned in punctate areas of the smelting devices; and the tracking control devices are used for controlling the solar mirrors to focus sunlight to at least one smelting device when the sunlight changes, and the smelting devices do not move together with the solar mirrors in the process that the solar mirrors track the solar energy but maintain relative rest with the ground so as to realize the tracked focusing utilization of the solar energy.",F24J2/46; F24S20/30,Y02E10/40,cited_by:2 | cites:0,2013
167-977-928-315-364,Vacuum plate glass solar energy collection cluster,"The utility model relates to a vacuum plate glass solar energy collection cluster, belonging to the technical filed of the solar energy utilization. The vacuum plate glass solar energy collection cluster is characterized by being provided with groups of vacuum plate glass box type solar energy collectors; the groups of vacuum plate glass box type solar energy collectors are sequentially connected in parallel by pipes to form a solar energy collection cluster; and the connecting pipes are internally provided with water pumps so that water heated by the solar energy collectors and cold water are circulated to promote heat energy absorption and utilization. The vacuum plate glass solar energy collection cluster has simple and reasonable structure, easy production and manufacturing, convenient installation and low manufacturing cost of unit solar energy collection area, improves the solar energy collection efficiency in unit area by over 30 percent compared with the prior solar energy collector and can be widely applied to family heat supply and large-scale centralized heat supply.",F24J2/46; F24S10/40,Y02B10/20; Y02E10/44,cited_by:0 | cites:0,2009
123-335-640-838-27X,Novel garbage can,"The invention relates to a novel garbage can. The novel garbage can comprises a can body and a solar energy device, and is characterized in that the solar energy device is positioned above the can body, wherein a garbage can opening is formed in the can body, is provided with a lead, and is connected with the solar energy device; the solar energy device comprises an LED lamp, solar battery panels, an accumulator, a control panel and a speaker; the speaker is used for giving a sound to tell people to classify garbage; the solar battery panels are arranged at the top and two sides of the solar energy device; and the LED lamp is arranged on the solar energy device opposite to the lower side of the garbage can opening. The garbage can converts solar energy to electric energy so as to achieve the effects of energy conservation and environmental protection.",B65F1/00; B65F1/14; F21V33/00; F21Y115/10,B65F1/14; B65F2210/139; B65F2210/172; Y02W30/10,cited_by:2 | cites:0,2015
128-477-959-798-877,Solar energy lamp,"The utility model relates to a solar energy lamp which comprises a pot body and a wick, wherein the pot body is made of frosted glass; the wick is wedged in the pot body through extension; and a cover is arranged at the upper part of the pot body. A solar energy plate is arranged in the solar energy lamp of the utility model, a circumscribed power supply is not needed, and the whole solar energy lamp is designed into a pot shape so that the solar energy lamp is beautiful and novel. The design of the solar energy lamp has certain waterproofness, and the solar energy lamp can be used outdoors. Meanwhile, the solar energy lamp has the function of ray induction. After outside ray intensity reaches the needed generation power of a solar energy battery board, lamplight is automatically switched off to charge.",F21S9/02; F21V23/00; F21V23/04,Y02B20/72,cited_by:1 | cites:0,2011
149-879-142-668-481,Multifunctional solar lighter,"The utility model relates to a lighter, in particular to a multifunctional solar lighter, which includes an electronic storage device and a lighter main body butted with the storage device, wherein the lighter main body includes a solar plane used for converting solar energy into electric energy, and an electronic lighting device electrically connected with the solar plane. The multifunctional solar lighter can utilize solar energy, convert solar energy into electric energy, save energy, protect environment, and play the function of storing information.",F23Q7/18,,cited_by:0 | cites:0,2012
026-580-749-617-078,Solar energy comprehensive utilization system,"The invention relates to a solar energy comprehensive utilization system, which comprises a plurality of diversion pipes, a solar energy conversion device, an ascension accelerating tube, an energy output device and medium. The diversion pipes are communicated with the solar energy conversion device, the ascension accelerating tube and the energy output device to form a circulation loop; the medium is arranged in the loop; the solar energy conversion device absorbs solar energy and converts the solar energy to thermal energy to heat the medium in the solar energy conversion device and circulates the medium in the loop; the heated medium is accelerated by the ascension accelerating tube and outputs energy via the energy output device. The system has the advantages of low cost and environmental friendliness, and is capable of outputting different energy via the energy output device according to the needs.",F03G6/00; F24J2/04; F24J2/46; H02K7/18,Y02E10/44; Y02E10/46,cited_by:1 | cites:0,2009
066-501-819-508-540,Fixed-point array solar-energy concentrating photovoltaic power generation system,"The utility model relates to concentration and utilization of the solar energy, in particular to a fixed-point array solar-energy concentrating photovoltaic power generation system which adopts a point-concentrating solar mirror to realize collection of the solar energy. The fixed-point array solar-energy concentrating photovoltaic power generation system comprises at least one or a group of point-concentrating solar mirrors, at least one solar photovoltaic cell panel and a tracking control unit. The solar mirror is arranged on a solar mirror bracket. The solar photovoltaic cell panel is arranged within a concentrating point-shaped area of the solar mirror. While the solar mirror tracks the solar energy, the focal length of the solar mirror is changed and is always maintained within the point-shaped area of the solar photovoltaic cell panel. The tracking control unit controls the solar mirror to concentrate the sunlight to the at least one solar photovoltaic cell panel when the sunlight changes. While the solar mirror tracks the solar energy, the solar photovoltaic cell panel and the solar mirror do not move together, and the solar photovoltaic cell panel remains stationary relative to the ground, thereby realizing tracking, concentration and utilization of the solar energy.",G05D3/00; H02S40/22,Y02E10/50,cited_by:2 | cites:0,2013
101-412-360-813-308,Method and device to control the energy production in a solar thermal power plant,The method involves transporting solar energy with a solar energy yield between a solar array (2) of a solar power station section (8) and a solar power station section (9) by a heat transfer medium e.g. air or water vapor. The section (9) is designed for a maximum permitted energy input. The energy in the section (8) is characterized as excess energy upon exceeding the maximum permitted energy input. A part of flow of the heat transfer medium is bypassed around the station section (9) in the case of excess production of solar energy. An independent claim is also included for a device for regulating solar energy yield in a solar thermal power station.,F03G6/00,F02C1/05; F03G6/067; F03G6/071; F03G6/114; Y02E10/46,cited_by:13 | cites:0,2007
106-747-221-467-843,Simple solar charging umbrella,"The utility model discloses a simple solar charging umbrella. The charging umbrella comprises an umbrella cover, an umbrella handle, a solar absorbing film, an electric energy conversion circuit and a charging battery. The solar absorbing film is arranged on the outer side of the umbrella cover, the electric energy conversion circuit is connected with the solar absorbing film and the charging battery, and the solar energy absorbed by the solar absorbing film is converted into electric energy stored in the charging battery. The simple solar charging umbrella can sufficiently utilize solar energy to store electric energy, charging at any time is facilitated, and energy source is saved. The solar energy is converted into the electric energy in time, so that the simple solar charging umbrella is energy saving, environment friendly and applicable to various people groups. Meanwhile, according to the design of a sun umbrella, size of a common sun umbrella cannot be increased and users can accept easily.",A45B11/00,,cited_by:0 | cites:0,2015
171-174-725-960-06X,Solar energy component and solar energy system that adopts this solar energy component,"The utility model provides a solar energy component and solar energy system that adopts this solar energy component, relates to solar energy power generation technical field. Wherein, solar energy component includes solar energy glass and radiating basal plate, solar energy glass set firmly in radiating basal plate, radiating basal plate is equipped with the heat dissipation channel who buckles and extend, heat dissipation channel has medium inlet and medium export. The beneficial effects of the utility model are that: through set up heat dissipation channel on solar energy component's base plate for coolant can realize the cooling to solar energy component at the heat dissipation channel's that flows through in -process and base plate heat exchange.",H02S40/42,Y02E10/50,cited_by:0 | cites:0,2019
184-152-041-295-032,Solar energy lawn lamp,"The utility model discloses a solar energy lawn lamp, including casing and solar energy module, the top of casing is provided with the recess, and the bottom of recess is provided with a plurality of through -hole, the shape of solar energy module is the same with the shape of recess, and the solar energy module is fixed in the recess, be provided with human induction switch in the solar energy module, the bottom surface of solar energy module is provided with a plurality of lamp, the quantity of lamp is the same with the quantity of through -hole, and the position of lamp is corresponding with the position of through -hole, the utility model discloses solar energy lawn lamp adopts the power supply of solar energy module, need not external power supply line, and not only simple to operate practices thrift the energy consumption moreover, stores the energy through the solar energy module in the daytime, and is luminous during evening, the utility model discloses solar energy lawn lamp adopts human induction switch, has realized intelligent, energy -conservation management, just the utility model discloses solar energy lawn lamp has that outward appearance novelty, color are various, simple structure, simple to operate's characteristics.",F21S9/03; F21V15/02; F21V23/04; F21W131/10,Y02B20/72,cited_by:2 | cites:0,2016
086-040-722-501-39X,Integrated test system for light energy,"The utility model discloses an integrated test system for light energy, and relates to the technical field of solar energy application. The integrated test system for light energy comprises a solar energy collecting assembly, an electric power measuring instrument and a timer. The solar energy collecting assembly includes a solar panel, a controller and an accumulator, wherein the solar panel is connected with the accumulator through the controller and the accumulator is connected with the electric power measuring instrument and the timer. The integrated test system for light energy, by connecting the power energy measuring instrument and the timer to the accumulator of the solar energy collecting assembly, achieves light energy data measurement and collection for solar energy in the process of solar energy collection, so that solar energy lighting intensity data of an installation site of a solar energy lighting engineering is obtained, precision direction data for engineering installation is acquired, and a good foundation for stable operation of a lighting engineering is laid. The integrated test system for light energy has advantages of low cost, short measuring period, and accurate measurement data.",G01J1/42,,cited_by:1 | cites:0,2013
113-628-880-687-163,Solar energy conservation and emission reduction system and method for intelligent copper smelting,"The invention discloses a solar energy conservation and emission reduction system and method for intelligent copper smelting, and relates to the technical field of energy conservation and carbon emission reduction, and the solar energy conservation and emission reduction system comprises a solar energy collection unit, a solar power generation unit, a power storage unit, a battery management unit, a photovoltaic control unit, a conversion unit, a main control unit, a power utilization unit and a lightning protection unit, the solar energy collection unit collects solar radiation energy, the solar power generation unit generates power through the solar radiation energy collected by the solar energy collection unit, and the electric power storage unit is used for storing electric energy generated by the solar power generation unit. The photovoltaic control unit is used for automatically controlling the solar power generation unit to charge the power storage unit and the power storage unit to supply power to the solar power generation unit load; according to the invention, solar energy is fully utilized, the power consumption of a copper smelting plant is reduced, sustainable resources are fully utilized, the energy consumption and the production cost are reduced, and the effects of saving energy and reducing carbon emission are achieved.",H02J7/35; H02H9/04; H02J3/38; H02S40/30; H02S40/38,H02J7/35; H02H9/04; H02J3/381; H02J2101/22; H02J2101/40; H02S40/30; H02S40/38; Y02P10/20,cited_by:0 | cites:0,2022
060-329-407-514-012,SOLAR POWER SYSTEM AND SOLAR ENERGY CHASING METHOD THEREOF,"Disclosed are a solar power system and a solar energy chasing method thereof. According to the present invention, errors may be corrected in the installation area of a solar energy collecting plate with solar cells, particularly, in the installation direction thereof. Therefore, a control angle may be operated and determined, so that the solar cells or the solar energy collecting plate may be rotated precisely in the desired direction. In the case of disposing a plurality of solar energy collecting plates, the solar energy collecting plates may be controlled according to a predetermined rotation angle, thereby increasing solar energy absorbing efficiency.",F24S50/20,H02S20/32; F24S30/425; F24S50/20; F24S2030/136; G01S3/7861; H02S20/00; Y02E10/47; Y02E10/52; H02S40/22; H10F19/00; H02S20/32; F24S30/425; F24S50/20; F24S2030/136; G01S3/7861; H02S20/00; Y02E10/47; Y02E10/50,cited_by:4 | cites:0,2011
051-740-256-142-250,Solar supported micro energy grid,"The invention relates to a solar supported micro energy grid. The solar supported micro energy grid comprises a solar photovoltaic and composite heat collection integrated device part, a solar heat pump heating part, a soil source heat pump heating part, a soil source refrigerating air conditioner part, a solar cross-season energy storage part, an indoor environment energy storage part, a photovoltaic conversion and intelligent control micro grid part and a micro energy grid controller. The solar supported micro energy grid is characterized in that the heating part, the refrigerating part, thesolar cross-season energy storage part and the indoor environment energy cross-season energy storage part share a ground heat exchanger; the solar heating part and the solar cross-season energy storage part share a tubular collector; the heating part and the indoor environment energy cross-season energy storage part share a heat dissipation system; and the micro energy grid controller controls the whole micro energy grid to efficiently absorb solar energy and reasonably distribute energy in the micro energy grid. The solar supported micro energy grid has the beneficial effects that the microenergy grid is formed through the solar energy, soil cold flow, soil stored energy, photovoltaic power generation and the like, and heating, cooling and power supplying in the whole system are achieved.",F24D15/02; F24D15/04; F24D19/00; F25B39/00; F25B41/00; H02J7/35,F24D15/02; F24D15/04; F24D19/00; F25B39/00; F25B41/00; H02J7/35; Y02E10/56,cited_by:6 | cites:0,2019
141-760-015-275-782,Rotational gardening showing stand adopting solar energy,"The invention discloses a rotational gardening showing stand adopting solar energy. The rotational gardening showing stand comprises a first solar energy charging panel, a solar energy charging controller, a solar energy storage battery, a direct-current motor, a rotary rod, a showing stand body and a connection board, wherein the first solar energy charging panel, the solar energy charging controller, the solar energy storage battery and the direct-current motor are sequentially and electrically connected; the first solar energy charging panel is arranged above the solar energy storage battery; the direct-current motor is arranged below the solar energy storage battery; an output shaft of the direct-current motor is connected with one end of the connection board; the showing stand body is fixed at the other end of the connection board; the rotary rod is arranged below the direct-current motor. The motor is driven by solar energy to drive the showing stand body to rotate, the showing effect is vivid, and the showing stand is environment-friendly, energy-saving, solid and durable in structure, ingenious in design and easy to implement.",A47F7/00,A47F7/0078,cited_by:0 | cites:0,2016
068-296-815-971-282,Solar backpack,"The utility model discloses a solar backpack specifically includes the knapsack body a solar energy component is installed to positive, the left surface of knapsack body, right flank detachable respectively, and the 2nd solar energy component, the 3rd solar energy component are still including the USB who has voltage stabilizing circuit, a solar energy component, the 2nd solar energy component, the 3rd solar energy component are established ties by a plurality of battery pieces respectively and form, the 2nd solar energy component, a solar energy component, the mutual series connection of the 3rd solar energy component, series circuit's positive negative terminal connect in USB. This solar backpack adopts portable material to be the backplate to transparent waterproof film is as the front bezel membrane, encapsulates with monocrystalline silicon or polycrystalline silicon cell slice cooperation EVA glued membrane, has that the quality is light, convenient to carry and an advantage such as breakage that is difficult for bumping.",A45F3/04; H01L31/048; H02S40/34,Y02E10/50,cited_by:1 | cites:0,2017
077-200-917-745-689,Automobile energy storage system utilizing solar energy and method thereof,"The invention relates to a renewable energy source technology, in particular to an automobile energy storage system utilizing solar energy and an automobile energy storage method thereof. The automobile energy storage system utilizing the solar energy comprises a solar cell unit, a primary energy storage unit, a secondary energy storage unit and a charging unit, wherein the charging unit is connected between the solar cell unit and the primary energy storage unit and between the solar cell unit and the secondary energy storage unit; and under the control of the charging unit, the solar cell unit can charge the primary and secondary energy storage units, and the secondary energy storage unit can charge the primary energy storage unit. According to the embodiment of the invention, the solar energy is stored in the primary and secondary energy storage units, so that the utilization efficiency of the solar energy is greatly improved. Moreover, redundant solar energy is stored in the primary energy storage unit, so that the phenomenon of deficiency of electric quantity after the long-term idleness of an automobile can be avoided.",H02J15/00; B60L8/00; H02J7/00; H02S10/20,Y02E10/50; Y02E70/30; Y02T10/7072,cited_by:8 | cites:0,2012
135-267-634-531-988,Solar tracking system and method thereof,"A solar tracking system and method thereof are provided. The solar tracking system includes a plurality of solar panels, a sensing unit, a storage unit and a control unit. The sensing unit detects a solar radiation energy. The storage unit stores reference data. The control unit determines if the solar radiation energy is larger than or equal to a threshold radiation energy. When the solar radiation energy is larger than or equal to the threshold radiation energy, the control unit adjusts the elevation and azimuth of the solar panels according to the reference data. When the solar radiation energy is smaller than the threshold radiation energy, the control unit stops adjusting the elevation and azimuth of the solar panels.",F24S50/20,Y02E10/47,cited_by:1 | cites:0,2012
089-599-147-651-012,INTEGRATED ENERGY STORAGE UNIT,"An integrated energy storage unit including at least one battery disposed between a first panel and a second insulating panel, and a housing frame securing the integrated energy storage unit. A method of storing and using solar power by coupling the integrated energy storage unit with a solar device, collecting solar energy, transferring the solar energy to electric energy, storing the electric energy, transforming the energy from DC current to AC current, and powering a device. A method of preventing a solar device from overheating and increasing energy output. A method of protecting a solar device, by moving a film over a solar device upon detection of dust or at a set time, and protecting the solar device from dust.",H01L31/042,H02S40/38; F24S40/40; F24S40/50; H02S30/10; H10F19/80; H10F19/807; Y02E10/50; Y02E70/30; Y02P90/50,cited_by:0 | cites:0,2014
047-015-207-163-69X,Solar energy fan,"The invention discloses a solar energy fan which comprises a fan main body. A solar energy photo voltaic panel is installed at the back of the fan main body. The solar energy photovoltaic panel is in an inner arc shape, and the angle of the photovoltaic panel is adjustable relative to the fan main body. A storage battery is arranged below the fan main body. The problem that in the prior art, a solar energy fan is low in solar energy conversion is solved, and due to the fact that the solar energy photovoltaic panel is arranged to be in the inner arc shape and the angle of the photovoltaic panel is adjustable relative to the level, the solar energy fan can be over against the sun by adjustment of the angle and shone by sunrays directly, and absorbs the solar energy furthest so that the fan can be completely dependent on the solar energy to be supplied with power and energy is saved.",F04D25/08,,cited_by:2 | cites:0,2013
059-982-612-737-73X,INTEGRATED ENERGY STORAGE UNIT,"An integrated energy storage unit including at least one battery disposed between a first panel and a second insulating panel, and a housing frame securing the integrated energy storage unit. A method of storing and using solar power by coupling the integrated energy storage unit with a solar device, collecting solar energy, transferring the solar energy to electric energy, storing the electric energy, transforming the energy from DC current to AC current, and powering a device. A method of preventing a solar device from overheating and increasing energy output. A method of protecting a solar device, by moving a film over a solar device upon detection of dust or at a set time, and protecting the solar device from dust.",H01L31/04,H02S40/38; F24S40/40; F24S40/50; H02S30/10; H10F19/80; H10F19/807; Y02E10/50; Y02E70/30; Y02P90/50,cited_by:7 | cites:0,2014
059-834-754-880-350,Energy -conserving solar energy wall for building,"The utility model relates to a solar energy wall field especially is an energy -conserving solar energy wall for building, including solar energy face wall, fixed plate, cleaning device, solar cell panel and locking device, the solar energy face wall is located the center department of wall body, solar energy wall from interior to exterior is equipped with heat preservation, solar cell panel and protective layer, the four corners and the center department both sides of solar energy wall are equipped with six locking device of group, corresponding every two sets of locking device outer end allis equipped with the fixed plate, and the both sides of every group fixed plate all are equipped with fixing bolt, the solar energy wall divide into first solar energy wall and second solar energy wall through the fixed plate, the left side of first solar energy wall and second solar energy wall all is equipped with cleaning device, and through the cleaning device who sets up, when the solar energy wall used for a long time, dust accumulation layer can be piled in the surface, only needed the round trip movement of pulling handle, got rid of protective layer surface's grieshoch afterwards through the brush hair, easy operation and labour saving and time saving.",E04B2/88; H02S20/22; H02S40/10,Y02B10/10; Y02E10/50,cited_by:2 | cites:0,2018
002-449-537-457-100,Energy-conserving energy storage system of solar energy,"The utility model discloses an energy-conserving energy storage system of solar energy, including solar energy heating the water tank, solar energy heat-retaining constant temperature water tank, solar energy heating the water tank passes through communicating pipe with solar energy heat-retaining constant temperature water tank and is connected, solar energy heating the water tank is through being connected with solar collector A communicating pipe, and solar collector A is two, be equipped with the circulating pump on communicating pipe, solar energy heat-retaining constant temperature water tank is connected with solar collector B through communicating pipe, be equipped with the circulating pump on communicating pipe, all be equipped with the fluid level control line on solar energy heating the water tank and the solar energy heat-retaining constant temperature water tank, solar energy heating the water tank top is equipped with running water moisturizing pipe, and solar energy heat-retaining constant temperature water tank lower extreme is equipped with the hot water delivery pipe the utility model discloses simple structure, reasonable in design has improved the heat preservation effect, can continuously keep warm, can continuously provide hot water in a large number, can satisfy production hot water water demand",F24J2/46,Y02E10/40,cited_by:0 | cites:0,2015
198-191-992-245-823,A solar energy system used for a turret clock,"The utility model relates to a solar energy system, specifically relates to a solar energy system used for a turret clock and belongs to the technical field of solar energy systems. The solar energy system used for the turret clock comprises a solar disk. An output terminal of the solar disk is separately connected to a solar energy voltage-stablizer and an electric power source distribution device. An output terminal of the solar energy voltage-stablizer is connected to the electric power source distribution device. An output terminal of the electric power source distribution device is connected to a load. The solar energy system used for the turret clock of the utility model regards a solar cell panel as a clock face; solar energy is fully utilized and converted into electric energy to supply electric power for the load so as to guarantee power supplied to a system when sudden power-off of commercial power occurs to the turret clock. A detection unit can carry out detection on electric energy of the solar disc and electric energy in commercial power and a cell to realize a function of refined intelligent detection of a system power supply and obtain a clearer understanding of system operation conditions, thereby filling gaps of supplying electric power for the turret clock by solar energy.",H02J7/35; G04C10/02; H02S40/30,Y02E10/50,cited_by:1 | cites:0,2015
025-405-556-570-360,"SOLAR ENERGY COLLECTION, STORAGE AND DISTRIBUTION SYSTEM AND METHOD","A system for collecting, storing and distributing solar energy includes a primary solar energy reflector, a secondary solar energy reflector, a solar energy storage and distribution device and a conveying system that transports heat energy between the storage device and a heat-dependent use application. Also disclosed are methods for collecting, storing and distributing solar energy.",F24S23/30; F24S23/70,F24S10/70; F24S20/20; F24S23/31; F24S23/79; F24S25/10; F24S50/20; F24S60/00; F24S80/65; Y02E10/44; Y02E10/47; F24S10/70; F24S50/20; F24S60/00,cited_by:0 | cites:0,2012
065-069-677-740-427,Solar energy golf cart and cart roof component thereof,"The utility model provides a cart roof component of a solar energy golf cart. The cart roof component of the solar energy golf cart comprises a solar energy layer compressed piece and frames which are arranged on the periphery of the solar energy layer compressed piece. A distance between each point of all the points on the top face of the frames and the bottom face of the solar energy layer compressed piece is less than or equal to a distance between the edge corresponding with the point of the top face of the solar energy layer compressed piece and the bottom face of the solar energy layer compressed piece. The distance between each point of all the points the top face of the frames of the cart roof component of the solar energy golf cart and the bottom face of the solar energy layer compressed piece is less than or equal to the distance between the edge corresponding with the point of the top face of the solar energy layer compressed piece and the bottom face of the solar energy layer compressed piece, namely, the frames are only arranged on the edges of the side face and the bottom face of the solar energy layer compressed piece in a sleeved mode and the top face of the frame is not higher than the edge of the top face of the solar energy layer compressed piece, and therefore the periphery of the solar energy layer compressed piece is not provided with a sheltering protrusion structure. The cart roof component of the solar energy golf cart has the advantages of being in favor of scattering of rain water or dust and then solving the problem of accumulating the rain water or the dust on the periphery of the cart roof component of the solar energy golf cart.",B60L8/00; H02S30/10,Y02E10/50; Y02T10/7072,cited_by:0 | cites:0,2013
170-512-619-463-580,Solar chemical heat storage system for heating,"The utility model relates to a solar chemical heat storage system for heating. The solar chemical heat storage system comprises an energy storage assembly, a storage battery and a boiler body, whereinthe energy storage assembly is used for absorbing solar energy and adjusting the solar energy absorption amount; the storage battery is used for storing solar energy for chemical energy conversion; the energy storage assembly comprises a solar main board and solar auxiliary boards movably arranged on the two sides of the solar main board, the solar auxiliary boards are rotationally stored at thebottom of the solar main board through fixing pieces, and the solar auxiliary boards are rotationally supported on the two sides of the solar main board through locking pieces to form the same horizontal plane with the solar main board. Briefly speaking, according to the technical scheme, a coherent and compact structure is adopted; the problems that when traditional solar chemical energy storageis applied to a heating system, incrustation is likely to be generated, and high-temperature steam cannot be greatly generated are solved, and the problem that when traditional solar chemical energy storage is applied to the heating system, the solar energy absorption amount cannot be adjusted according to the real-time situation requirement is further solved.",F24D15/02; F24S60/20,Y02E10/40,cited_by:1 | cites:0,2020
090-944-462-920-593,Solar energy automatically tracking device and control system thereof,"The invention discloses a solar energy automatically tracking device and a control system of the solar energy automatically tracking device. The solar energy automatically tracking device comprises a base, a solar energy receiving plate bracket, a photosensitive sensor and a control unit. The photosensitive sensor is arranged on the solar energy receiving plate bracket and connected with the control unit, a set of hydraulic cylinders are arranged on the base, and push rods of the hydraulic cylinders are connected with the solar energy receiving plate bracket through spherical hinges. Sliding chutes are formed in the solar energy receiving plate bracket, shafts which are hinged to solar energy receiving plates are arranged in the sliding chutes, and the control unit is connected with controllers of the hydraulic cylinders and controls the stroke of the push rods of the hydraulic cylinders. Hydraulic control is adopted, the solar energy receiving plates can be made large, and stability of the system is good. The solar energy receiving plates can be folded, in strong breeze and other severe weather, the solar energy receiving plates are folded under the control of the control unit, therefore, external force acted on a photovoltaic system is reduced, and stability of the system is improved. The solar energy receiving plates are always perpendicular to sunlight, so that the utilization rate of solar energy is increased.",G05D3/12,,cited_by:17 | cites:0,2013
171-231-428-651-162,Agricultural solar air conditioning system,"The invention relates to an agricultural solar air conditioning system, and belongs to the field of new energy application. The agricultural solar air conditioning system comprises a solar power generation system and an air conditioning system. Solar energy can be converted into electric energy by solar cell panels in the solar power generation system, and the electric energy can be stored in storage cells; the electric energy stored in the storage cells can participate in air conditioning refrigeration procedures in the air conditioning system, and accordingly a greenhouse can be cooled. Theagricultural solar air conditioning system has the advantages that the agricultural solar air conditioning system is provided with the bent solar cell panels, accordingly, the utilization rate of solar energy can be increased, the illumination angles can be enlarged, and light energy absorbed by the solar cell panels can be maximized; the sugar contents of fruits planted in the greenhouse can be increased by the aid of the agricultural solar air conditioning system, the utilization rate of the solar energy further can be increased, and consumption of fossil energy and emission of greenhouse gas such as CO2 can be reduced.",A01G9/24; H02J7/35,A01G9/243; A01G9/246; H02J7/35; Y02A40/25; Y02P60/12,cited_by:3 | cites:0,2018
173-998-244-609-871,Photovoltaic bracket equipped with solar energy storage device,"The invention discloses a photovoltaic bracket equipped with a solar energy storage device. The photovoltaic bracket comprises a plurality of supporting legs, a fixing frame, a solar energy absorbing panel, a mounting plate and a solar energy storage, wherein the supporting pins are connected to the fixing frame in a crossed manner, the solar energy absorbing panel is arranged on the surface of the fixing frame by the mounting plate, and the solar energy storage is connected with the solar energy absorbing panel. By adoption of the manner, the photovoltaic bracket equipped with the solar energy storage device is simple in structure, easy to install and stable in arrangement; when the photovoltaic bracket is used together with photovoltaic apparatuses, the solar energy storage device helps the storing of the solar energy, and an emerging technology is adopted, so that the photovoltaic bracket is more effective, faster and more convenient for resource utilization.",H02S20/00; H02S40/44,Y02E10/50; Y02E10/60,cited_by:0 | cites:0,2014
190-627-578-429-33X,"SOLAR ENERGY WATER HEATING SYSTEM, NETWORK AND METHOD","In one aspect, the invention is directed to a solar energy water heating system for heating water in a water storage tank. In one particular embodiment, the system includes a controller, a solar energy collector whose energy contribution to water in the tank is controlled by the controller, and a non-solar heating system that is not controlled by the controller. Water in the tank may be heated by one or both of the non-solar heating system and energy from the solar energy collector. The controller can determine the amount of energy contributed by solar energy to the water in the tank. In another embodiment, the solar energy water heating system incorporates a controller that controls both the operation of the pump and the operation of the non-solar heating system. In another embodiment, a network of solar energy water heating systems is provided.",F24H1/18; F24H9/12; F24H9/14; F24H9/20; F24J2/46,F24D11/003; F24D11/004; F24D12/02; F24D2200/14; F24D2220/06; F24D2220/08; F24H15/144; F24H15/174; F24H15/20; F24H15/215; F24H15/219; F24H15/223; F24H15/238; F24H15/269; F24H15/31; F24H15/335; F24H15/37; F24H15/395; F24H15/421; F24H15/443; F24H15/464; Y02B10/20; Y02B10/70; Y02B30/00; F24H15/219; F24H15/144; F24H15/174; F24H15/20; F24H15/215; F24H15/223; F24H15/238; F24H15/269; F24H15/31; F24H15/335; F24H15/37; F24H15/395; F24H15/421; F24H15/443; F24H15/464,cited_by:1 | cites:0,2010
080-185-973-084-825,DEVICE FOR UTILIZATION OF SOLAR ENERGY,"The invention relates to the device for utilisation of solar energy, especially for its conversion into heat or electric energy, comprising an absorber (A) of solar energy and in front of it arranged optical means (OM) for concentration of solar energy, which comprises a system of side by side arranged optical converging lenses (1), whereas the optical means (OM) for concentration of solar energy is arranged reversibly adjustably between the position in front of absorber (A) of solar energy and outside absorber (A) of solar energy.",F24J2/40; F24S23/30,F24S23/30; F24S50/80; Y02B10/20; Y02E10/40,cited_by:1 | cites:0,2012
138-478-726-130-013,Novel solar water heater,"The utility model relates to the field of solar energy technology, concretely relates to novel solar water heater, the utility model discloses a: the solar energy collector, the solar energy collector is hollow hemisphere, there is solar cell in the outside of solar energy collector complete cover on the surface, it is the electric energy that solar cell is used for the solar energy conversion who gathers, and it is connected with the controller, the circuit output of controller is connected with the electrothermal tube, and it is arranged in acquireing the electric energy from solar cell to the control electrothermal tube heats, the electrothermal tube sets up among heating the water tank, be equipped with delivery pipe and outlet pipe among the heating the water tank, heating the water tank sets up in the hollow cavity of solar energy collector, and is provided with the heat preservation between the inside wall of heating the water tank and solar energy collector. The utility model discloses an it is great that the angle is gathered to solar energy, and its collection does not receive the influence of sun angle, can effectual the heating, satisfy user's use needs.",F24J2/00; F24H1/20; F24H9/20; F24J2/04; F24J2/40,Y02E10/44,cited_by:1 | cites:0,2016
028-998-690-069-521,ALTERNATING CURRENT SOLAR MODULE AND ELECTRICAL ENERGY DISPATCHING METHOD,"An alternating current solar module (100) and an electrical energy dispatching method. The alternating current solar module includes a solar cell module (110), an inverter (120) and an energy storage element (130). The inverter comprises an electrical energy conversion unit (122) and a micro control unit (128). The solar cell module is used for converting solar energy to generate electrical energy. The electrical energy conversion unit is used for converting the electrical energy. The micro control unit is used for controlling the inverter to transmit the electrical energy provided by the solar cell module after being converted to the energy storage element to be stored and controlling the energy storage element to provide the electrical energy stored in the energy storage element. The alternating current solar module and electrical energy dispatching method can effectively dispatch the total power provided by the solar cell module, and the redundant electrical energy can be stored in the energy storage element.",H02J7/35; H02J15/00; H02S10/20; H02S40/32,H02J7/35; H02S10/10; H02S40/32; Y02E10/56; Y02E70/30; H02J7/35; H02S10/10; H02S40/32; Y02E10/56,cited_by:0 | cites:0,2013
130-403-292-810-064,Solar energy condensing boiler control system,"The utility model discloses a solar energy condensing boiler control system which comprises a boiler control system and a solar energy control system. The boiler control system comprises a boiler detection transduction module, a boiler real-time processing module, a combustion automatic regulation module and a boiler display module. The solar energy control system comprises a solar energy detection transduction module, a solar energy real-time processing module, a solar energy temperature difference circulation control module and a solar energy system failure memory module. The solar energy condensing boiler control system also comprises a boiler self-detection module for detecting whether the components of the boiler system can normally operate, and a solar energy failure memory and readout module for recording the recently occurred failures of the solar energy system and reading out through computer software. The solar energy condensing boiler control system can real-time monitor a solar energy condensing boiler and provide optimization guide, and can improve the operating efficiency of the boiler, so as to achieve the purpose of saving fuel. The solar energy condensing boiler control system has compact structure, convenient operation, and good safety and reliability.",F24H9/20; F24J2/40; G05B19/418,Y02E10/40; Y02P90/02,cited_by:2 | cites:0,2009
021-948-707-974-692,Wind-solar complementary solar air conditioner device,"The invention belongs to solar air conditioners and particularly relates to a wind-solar complementary solar air conditioner device. The wind-solar complementary solar air conditioner device is composed of a solar battery panel, a wind driven generator, a solar thermal collector, a wind-driven heating machine, a wind-driven refrigerating machine, an electric energy inversion controller, a low-temperature air-source heat pump, a thermal energy storage device, an absorption type refrigerating machine, a cold energy storage device, an electric energy storage device and a terminal wind disk. The wind-solar complementary solar air conditioner device is characterized in that the solar thermal collector, the wind-driven heating machine and the low-temperature air source heat pump are connected with the thermal energy storage device, the thermal energy storage device and the absorption type refrigerating machine are connected with the cold energy storage device, the thermal energy storage device is connected with the terminal wind disk, the wind-driven refrigerating machine and the cold energy storage device are connected with the terminal wind disk. The wind-solar complementary solar air conditioner device has the beneficial effects that wind energy and solar energy directly supply a cold source and a heat source for the terminal wind disk, complementation of the wind energy, the solar energy and the air energy is achieved, the energy conversion efficiency is improved, cost is reduced, and energy conservation and environmental protection are achieved.",F24F5/00,F24F5/0014; F24F5/0017; F24F5/0046; F24F2005/0064; Y02E60/14,cited_by:0 | cites:0,2017
159-206-812-180-298,Edible mushroom culture medium cooling chamber,"The utility model discloses an edible mushroom culture medium cooling chamber, its structure includes solar panel, control box, the cooling chamber, the cooling door, solar panel is connected with the cooling chamber, control box is connected with the cooling chamber, cooling door swing joint in cooling chamber front side, solar panel comprises solar energy group's frame and solar energy group board, solar energy group frame is connected with solar energy group board, solar energy group board is equipped with low indisputable toughened glass, the glued membrane layer, solar energy chip, the notacoria layer, the solar energy bottom plate, low indisputable toughened glass is connected with the glued membrane layer, the glued membrane layer is connected with solar energy chip, solar energy chip is connected with the notacoria layer, the notacoria layer is connected with the solar energy bottom plate, the cooling door is equipped with the handrail, visual board, the door plant, the handrail is connected in the door plant front side, visual board is connected with the door plant. The beneficial effects of the utility model are that solar panel is connected with the cooling chamber, and the cooling chamber power consumption is big, has adopted solar design, has accomplished effective energy -conservation.",F25D31/00,Y02P60/12,cited_by:0 | cites:0,2017
179-244-816-714-317,Fluidized bed direct salt dissolving system utilizing solar energy and working method of fluidized bed direct salt dissolving system,"The invention discloses a fluidized bed direct salt dissolving system utilizing solar energy and a working method thereof. During illumination, a solar heat collection mirror field gathers most of solar energy into a solar fluidized bed through tracking regulation for direct salt dissolving, and gathers a small part of solar energy into a heat accumulator and converts the solar energy into heat energy to be stored in a heat storage material; and in the non-illumination period, the heat energy stored in the heat storage material is utilized to preheat the gas, and an electric heating device in the solar fluidized bed is started to realize continuous salt dissolving. According to the invention, the fluidized molten salt particles are directly heated by solar energy to dissolve the salt, the energy transmission link is simplified, the energy transmission efficiency is improved, and the efficient utilization of the solar energy is realized.",F24S20/40; F24S60/30; F28D13/00,F24S20/40; F24S60/30; F28D13/00,cited_by:2 | cites:0,2024
093-817-683-081-065,Solar energy water pump,"A solar energy water pump comprises a solar energy cell panel and a water pump connected with the solar energy cell panel. A solar energy controller is arranged between the solar energy cell panel and the water pump, and further connected with an energy storage machine. The solar energy controller comprises a charge controller for connecting the solar energy cell panel with the energy storage machine and an electric discharge controller for connecting the energy storage machine with the water pump. The electric discharge controller comprises an electric discharge ending machine, an inverter and a frequency changer. The water pump comprises water leaves and a variable frequency motor for driving the water leaves. Therefore, the solar energy water pump has the advantages that consumption is low, endurance time is long, solar energy cell panel power is low, initial cost investment is low, structure is reasonable, installing is simple, waterproof effect of an electrical part is good, and service life is long.",F04D13/06; H02J7/00; H02S10/20,Y02E10/50; Y02E70/30,cited_by:1 | cites:0,2013
111-674-982-720-416,Solar energy lamp apparatus,"The utility model relates to a light fitting device, in particular to a solar energy light fitting device using solar energy. The solar energy light fitting device is composed of a solar cell component, a solar energy light fitting nonshared control unit, a storage battery and a lamp. The solar battery component is connected with the solar energy light fitting nonshared control unit via wires, and the solar energy nonshared control unit is connected with the storage battery via one group of down-leads so as to store electricity. The solar energy nonshared control unit is connected with the lamp via the other group of down-leads. Compared with the prior art, the solar energy light fitting device has the advantages of energy conservation, long service life, stable property, high lightening brightness, intelligent control, strong applicability, etc.",F21S9/03; H05B37/02,Y02B20/40,cited_by:0 | cites:0,2008
086-146-477-270-73X,Solar energy glass pipe cart,"The invention relates to the technical field of solar energy, and discloses a solar energy glass pipe cart. The solar energy glass pipe cart comprises a baffle plate, a pulley wheel and an armrest frame, wherein a plurality of upright rods for fixing solar energy glass pipes are fixedly arranged on the upper part of the baffle plate. The solar energy glass pipe cart adopts the upright rods to fix the solar energy glass pipes, wherein a certain distance is kept between each two upright rods to prevent the solar energy glass pipes from being smashed; and the solar energy glass pipe cart can load and transport a large amount of the solar energy glass pipes once, thereby providing convenience for removers to use. Besides, the solar energy glass pipe cart has a simple structure and a low manufacturing cost, and is easy to popularize and use on a large scale.",B62B3/10,,cited_by:5 | cites:0,2011
046-736-813-086-886,Intelligent sunlight room,"The utility model provides an intelligent sunlight room, which relates to the technical field of sunlight rooms and comprises a room main body, a solar energy collecting component and a driving system. The solar energy collecting assembly is arranged on the outer surface of the house body and connected with the house body through the driving system, and the driving system drives the solar energy collecting assembly to move relative to the house body so that the surface of the solar energy collecting assembly can face the sunlight irradiation direction. Therefore, the technical problems that in the prior art, a solar photovoltaic panel of a sunlight room cannot rotate along with sunlight irradiation at different angles and cannot receive solar energy with the maximum area all the time, and solar energy utilization is not perfect enough are solved, and the solar energy collection assembly can rotate and can face the direct sunlight irradiation direction, so that the solar energy utilization efficiency is improved. And the solar energy collection assembly can receive solar energy with the maximum area.",E04D13/18; F24S30/42; H02S20/32,Y02E10/50,cited_by:1 | cites:0,2022
012-899-995-722-136,SOLAR ENERGY ALIGNMENT AND COLLECTION SYSTEM,"PURPOSE: A solar energy alignment and a collection system are provided to increase the effectiveness of collecting a solar energy by including at least two solar energy collectors having a central focal point. CONSTITUTION: In a solar energy alignment and a collection system, A plurality of solar energy receivers(6-9) are arranged on a basis member(4). The solar energy receivers are arranged into a quadrant pattern An alignment controller(40) comprises an A-D converter(44) and a D-A converter. The alignment controller is electrically connected to actuators(24,25) through corresponding control lines(65,66). An energy storage system(50) stores transformed electrical energy from solar energy.",F24S50/20; H01L31/042; F24S23/00,F24S50/20; H02S20/32; H10F77/42; Y02E10/47; Y02E10/52; Y02E70/30; F24S50/20; G05D3/105; H02S20/32; H10F77/42; Y02E10/47; Y02E10/52,cited_by:0 | cites:0,2011
115-028-183-683-646,Solar energy comprehensive utilization system,"The invention relates to a solar energy comprehensive utilization system, which comprises a plurality of diversion pipes, a solar energy conversion device, an ascension accelerating tube, an energy output device and medium. The diversion pipes are communicated with the solar energy conversion device, the ascension accelerating tube and the energy output device to form a circulation loop; the medium is arranged in the loop; the solar energy conversion device absorbs solar energy and converts the solar energy to thermal energy to heat the medium in the solar energy conversion device and circulates the medium in the loop; the heated medium is accelerated by the ascension accelerating tube and outputs energy via the energy output device. The system has the advantages of low cost and environmental friendliness, and is capable of outputting different energy via the energy output device according to the needs.",F03G6/00; F24J2/04; F24J2/46; H02K7/18,Y02E10/44; Y02E10/46,cited_by:0 | cites:0,2011
025-625-908-870-071,Multifunctional solar table,"Provided is a multifunctional solar table. The multifunctional solar table is characterized by comprising a solar energy receiving panel, an energy storage unit and an LED lamp. The LED lamp is arranged at the lower end of the solar table. The solar table can absorb solar energy and fully utilize natural energy.",A47B13/00; F21V33/00; H02J7/35,A47B13/00; F21V33/0012; H02J7/35,cited_by:0 | cites:0,2019
155-871-234-185-218,,"PURPOSE:To effectively melt the snow on the road by providing a solar device on a slope face, storing the solar energy in the summer into the ground around a horizontal well with the solar device, and utilizing the stored energy near the horizontal well at the time of a snowfall or freezing in the winter. CONSTITUTION:A solar device 3 collecting the solar energy is provided on a slope face 2 near a road 1, and a lateral well 4 storing the solar energy collected by the solar device 3 is drilled on the slope face 2. A solar energy collecting pipe 5 is arranged on the horizontal well 4, a solar energy extracting pipe 6 is arranged at the center of the solar energy collecting pipe 5, and radiating pipes 7 are extended from the solar energy extracting pipe 6. The radiating pipes 7 are arranged at a snow melting section 8 such as a road in the snow melting state, and a circulation pump 9 circulating the water or antifreeze water to the radiating pipes 7, solar device 3, solar energy collecting pipe 5, and solar energy extracting pipe 6 is provided. Valve mechanisms 10, 11 are provided on the slope face, the water or antifreeze water is circulated between the horizontal well 4 and the snow melting section 8 for melting the snow, and the water or antifreeze water is circulated between the solar device 3 and the horizontal well 4 for storing the solar energy.",E01C11/26; E01H5/10; F24J2/00,Y02A30/60; Y02E10/40,cited_by:4 | cites:0,1993
172-480-127-457-247,SYSTEM AND METHOD FOR SOLAR ENERGY UTILIZATION,"A system for solar energy utilization is described. The system comprises a solar receiver, a solar energy concentrator mounted on a pole extending from the solar receiver along the main axis of the system, and a solar tracking system. The solar receiver is configured for receiving solar energy from the sun and concentrating the received solar energy at a predetermined spot area. The solar receiver includes a plurality of flexible mirrors independent of each other and radially arranged around a main axis of the system. The flexible mirrors are configured to be either deployed for operation or collapsed, for example for transportation or in the cases of possible damage of the system. The solar energy concentrator is located at the predetermined spot area in which the solar energy reflected from said plurality of flexible mirrors is concentrated, and configured for converting the concentrated reflected energy into electric energy. The solar tracking system is configured for sensing position of the sun and tilting the system for directing the solar receiver towards the sun to receive and reflect maximum sunlight onto the predetermined spot area.",H01L31/052; F24S20/20; F24S23/70; F24S23/71; F24S50/20; F24V30/00; H01L31/042,F24S20/55; F24S20/20; F24S20/50; F24S23/715; F24S23/82; F24S30/48; F24S40/00; F24S40/85; F24S2023/874; F24S2030/115; F24S2030/15; H01Q15/162; H02S20/30; H02S20/32; H04W8/04; H04W48/18; H04W60/00; H04W88/14; H10F77/488; Y02E10/47; Y02E10/52; F24S20/55; F24S20/20; F24S20/50; F24S23/715; F24S23/82; F24S30/48; F24S40/00; F24S40/85; F24S2023/874; F24S2030/115; F24S2030/15; H01Q15/162; H02S20/30; H02S20/32; H04W8/04; H04W48/18; H04W60/00; H04W88/14; H10F77/488; H10F77/67; Y02E10/40; Y02E10/47; Y02E10/52,cited_by:26 | cites:0,2014
032-078-583-740-159,Mobile phone with solar charging function and charging method thereof,"A mobile phone with the solar charging function is characterized by comprising a switch module for starting or stopping solar charging, a setting module for setting charging threshold value, a detection module for detecting electric quantity of the mobile phone, a solar energy inducting module connected with the detection module and used for receiving solar energy, a conversion module connected with the solar energy inducting module and used for converting solar energy to electricity energy, and a charging module connected with the conversion module and used for charging a battery in the mobile phone. When detecting that the electricity quantity is lower than the charging threshold value, the detection module triggers the solar energy inducting module to receive solar energy. The conversion module converts the solar energy into electricity energy, and then the electricity energy is transmitted to the battery for charging. The invention further provides a mobile phone charging method. The mobile phone with the solar charging function is simple in operation and convenient to use.",H04M1/725; H01M10/44; H02J7/00,Y02E60/10,cited_by:9 | cites:0,2013
092-406-821-908-110,Photovoltaic control system,"A photovoltaic control system includes a solar energy board configured for receiving solar energy, a motor connected to the solar energy board to revolve the solar energy board, a voltage/current collecting circuit configured for receiving voltage and current from the solar energy board, a micro control unit (MCU) configured for receiving the voltage and current and bringing a control signal, and a motor driver configured for receiving the control signal to revolve the motor to make the solar energy board be approximately perpendicular with solar rays.",G05D3/00; F24S50/20,Y02E10/47,cited_by:2 | cites:0,2009
173-282-646-575-922,Phase change energy storage type solar energy fresh air heating system,"The invention relates to the technical field of solar energy heating, in particular to a phase change energy storage type solar energy fresh air heating system. According to the technical scheme, thephase change energy storage type solar energy fresh air heating system comprises a solar energy air heat collecting system, heat storage systems and a control system, wherein the solar energy air heatcollecting system is used for providing hot air by utilizing solar energy; the heat storage systems comprise a winter heat storage system and a summer heat storage system; and the control system is used for realizing automatic opening and closing and manual adjustment of fans, circulating water pumps and air valves. The phase change energy storage type solar energy fresh air heating system combines a solar energy air heat collector heating system and the heat storage systems, thereby meeting heating and water usage demands for buildings. The phase change energy storage type solar energy freshair heating system has almost no operation cost except that of a small amount of electric energy consumed by a fan. Even if solar energy heating cannot completely take the place of conventional energy heating, energy provided by solar energy can account for a large proportion of total consumed energy by means of combining solar energy heating with conventional energy heating to save a lot of operating costs.",F24D15/02; F24D19/10,F24D15/02; F24D19/10; F24D2200/14; F24D2220/10; Y02B10/20; Y02B10/70,cited_by:2 | cites:0,2019
087-359-495-342-827,Combined heat and power generation system based on nuclear energy and solar energy and heating net,"The invention discloses a combined heat and power generation system and heating network based on nuclear energy and solar energy, and the system comprises a nuclear energy heat supply device which is connected with a heat station heat exchange device and supplies heat by converting nuclear energy into heat energy; the solar heat supply device is connected with the heating station heat exchange device, and the solar heat supply device absorbs solar energy and converts the solar energy into heat energy to supply heat; the nuclear energy heat supply device and the solar heat supply device are matched with each other to exchange heat with the heat station heat exchange device, and the heat station heat exchange device is used for supplying heat to the user side. According to the combined heat and power generation system based on the nuclear energy and the solar energy and the heating net, combined heat and power generation is carried out on the nuclear energy and the solar energy, energy storage is combined, traditional fossil fuel heating is avoided, greenhouse gas emission is reduced, the solar energy and the nuclear energy are complementary to each other, the energy utilization rate is increased, and comprehensive utilization of the nuclear energy and the solar energy is achieved.",F24D12/02; A01G9/24; F01D15/08; F03G6/06; F24D11/00; F24D18/00; F24D19/10; F24D101/10; G21D9/00,F24D12/02; A01G9/243; A01G9/245; A01G9/246; F01D15/08; F03G6/068; F24D11/003; F24D18/00; F24D19/1042; F24D2101/10; F24D2200/32; G21D9/00,cited_by:1 | cites:0,2023
141-311-850-294-262,Solar energy bladeless fan,"A solar energy bladeless fan comprises a base and a main body connected above the base and further comprises a solar energy power unit which comprises a solar panel and a storage battery connected with the solar panel, wherein the solar panel is positioned on the back end surface of the main body and the storage battery is positioned in the base. The solar energy bladeless fan is reasonable in structure design. The solar panel positioned at the back end surface of the bladeless fan main body does not increase size of an external space of the main body. The solar energy absorbed from the outside world can be converted into electric energy and be stored in the storage battery. When power is cut or a user goes out and carries the solar energy bladeless fan to use, electric energy stored in the storage battery can provide power supply for the bladeless fan, and therefore the solar energy bladeless fan brings great convenience to people. The solar energy absorbed by the solar panel can be used as the power supply and is environment-friendly.",F04F5/16; H02J7/00,,cited_by:0 | cites:0,2013
148-259-884-603-819,Solar energy pseudo -ginseng drying device,"Solar energy pseudo -ginseng drying device, including casing, ventilation unit and solar device, ventilation unit sets up in the both sides of casing inner wall, and solar device fixes on the outer wall on casing top, solar device includes solar panel and solar energy conversion board, and the solar panel is established in the top of solar energy conversion board, the below of solar energy conversion board and casing fixed connection, and the solar energy conversion board is connected with the battery through the wire, and the battery is established on the inner wall on casing top to be connected with ventilation unit through the wire, be equipped with the switch on the battery. This solar energy pseudo -ginseng drying device passes through the solar panel and receives light energy, is turned into light energy the electric energy and stores in the battery by the solar energy conversion board again, and the battery provides the energy makes ventilation unit blow off hot -blastly for thedrying rate of pseudo -ginseng through the hot -blast temperature of temperature regulators control, guarantees that the property of a medicine of pseudo -ginseng does not run off, the drying rate that the pseudo -ginseng has not only been accelerated to this device is and energy -concerving and environment -protective rational utilization renewable energy.",F26B15/06; F26B21/10,Y02P70/10,cited_by:1 | cites:0,2018
175-842-223-805-867,FOOT BATHTUB USING SOLAR ENERGY,"A foot bathtub using solar energy is provided to drive a heating member thereof by creating electric energy through collecting solar light or solar heat for heating water thereof. A foot bathtub supplies warm water using heat energy or electric energy collected from solar heat through a portable solar energy collecting member. The solar energy collecting member includes a solar panel(41) for collecting the solar heat, a collecting tube(42) embedded into an inner portion of the solar panel, a circulating member(43) for supplying the warm water heated by the solar heat to the foot bathtub, plural solar cells(44) installed on the solar panel for converting solar light into electric energy, and a transformer(45) for charging electric power gained by the solar cells to a storage battery(46). The foot bathtub includes a power connecting element(19) and a switching member(18).",A61H35/00; A47K3/022,Y02E10/50; Y02E70/30; A61H35/006; A47K3/022; A61H2201/0207; A61H2201/5082; A61H2205/12; C02F1/02; F24H1/54; H02S40/38,cited_by:2 | cites:0,2007
016-579-275-808-495,Solar LED lamp,"A solar LED lamp includes an envelope having a seat, a first sleeve extending from the seat and a second sleeve extending from the first sleeve. An LED lamp is received in the second sleeve of the envelope. The LED lamp includes a heat sink and a plurality of LEDs attached to the heat sink. A solar panel covers the second sleeve of the envelope for collecting solar energy and converting the solar energy to electrical energy. A storage battery is accommodated in the first sleeve of the envelope for reserving the electrical energy from the solar panel and providing electrical energy to the LED lamp. A solar controller controls the solar panel to convert the solar energy to the electrical energy or not.",F21L4/00; F21S8/00,F21S9/037; F21K9/232; F21V29/75; F21V29/763; F21V29/77; F21V29/777; F21V29/83; F21W2131/10; F21Y2107/30; F21Y2115/10; Y02B20/72; F21S9/037; F21K9/232; F21V29/75; F21V29/763; F21V29/77; F21V29/777; F21V29/83; F21W2131/10; F21Y2107/30; F21Y2115/10; Y02B20/72,cited_by:9 | cites:0,2010
028-580-423-748-417,Linear fresnel solar arrays and components therefor,"Described herein are solar energy collector systems, components for solar energy collector systems, and methods for installing solar energy collector systems. The components for solar energy collector systems include but are not limited to solar radiation absorbers, receivers, drives, drive systems, reflectors, and various support structures. The solar energy collection systems, solar radiation absorbers, receivers, drives, drive systems, reflectors, support structures, and/or methods may be used, for example, in LFR solar arrays.",B23P19/04; F16G11/00; F24J2/46; F24S10/70; F24S20/20; F24S23/70; F24S23/77; F24S50/20,F24S23/77; F24S10/742; F24S20/20; F24S23/74; F24S23/79; F24S25/10; F24S30/425; F24S40/80; F24S80/40; F24S80/58; F24S2023/872; F24S2025/014; F24S2025/017; F24S2030/133; H10F77/488; Y02E10/44; Y02E10/47; Y02E10/52; Y10T24/39; Y10T29/53; F24S23/77; F24S10/742; F24S20/20; F24S23/74; F24S23/79; F24S25/10; F24S30/425; F24S40/80; F24S80/40; F24S2023/872; F24S2025/014; F24S2025/017; F24S2030/133; H10F77/42; H10F77/488; Y02E10/40; Y02E10/44; Y02E10/47; Y02E10/52; Y10T24/39; Y10T29/53,cited_by:40 | cites:0,2009
168-724-789-805-603,Solar energy charging/discharging system and charging/dischar method thereof,"The invention provides a solar energy charging/discharging system and a charging/discharging method thereof. The solar energy charging/discharging system according to the invention includes a solar cell, a super-capacitor, and a switch. The solar cell is for collecting solar energy and converting the solar energy into electrical energy. The s super-capacitor is coupled to the solar cell. The super-capacitor and the solar cell are coupled to a load via the switch. The super-capacitor is selectively charged/discharged according to a threshold voltage.",H02M3/07; H01L31/00,H02J7/345; H02J7/35; H02S40/38; Y02E10/50; H02J7/345; H02J7/35; H02S40/38,cited_by:1 | cites:0,2009
160-853-726-248-571,SOLAR ENERGY CHARGING/DISCHARGING SYSTEM AND CHARGING/DISCHARGING METHOD THEREOF,"The invention discloses a solar energy charging/discharging system and a charging/discharging method thereof. The solar energy charging/discharging system according to the invention comprises a solar cell, a super-capacitor, and a switch. The solar cell is used for collecting solar energy and converting the solar energy into electrical energy. The super-capacitor is coupled to the solar cell. The super-capacitor and the solar cell are coupled to a load through the switch. The super-capacitor is selectively charged/discharged according to a threshold voltage.",H02J7/00,H02J7/345; H02J7/35; H02S40/38; Y02E10/50; H02J7/345; H02J7/35; H02S40/38,cited_by:20 | cites:0,2009
124-800-168-164-538,Refrigerating system with complementation of air energy and solar energy,"The utility model relates to a refrigerating system with complementation of air energy and solar energy. The refrigerating system comprises an air energy refrigerating subsystem, a solar energy refrigerating subsystem and a solar-thermal complementary controller. The air energy refrigerating subsystem comprises a compressor, a condenser, a throttle valve, an internal heat exchanger, a working medium pump, a heat absorber and an expander. The solar energy refrigerating subsystem comprises a solar heat collector, a heat storage water tank, a generator, a condenser, an absorber and an evaporator. The air energy refrigerating subsystem is connected to a thermo-refrigerating input end of the solar-thermal complementary controller. The solar energy refrigerating subsystem is connected to a photic-refrigerating input end of the solar-thermal complementary controller.The refrigerating system with complementation of air energy and solar energy has following beneficial effects: by adoption of complementation of two new energy including air energy and solar energy, factors such as weather and space are not limited as compared with signal energy; and the refrigerating system is simple in structure, stable in operation, high in rate of thermal energy utilization, fine in refrigerating effect and broad in application scope.",F25B27/00; F25B49/02,,cited_by:0 | cites:0,2015
130-909-694-338-338,Solar energy charging equipment,"The utility model discloses solar energy charging equipment which comprises a solar energy battery panel, a charging battery and a control case, wherein the control case is internally provided with a solar energy charging controller and an inverter, the input end of the solar energy charging controller is connected with the solar energy battery panel, the output end of the solar energy charging controller is connected with the input end of the charging battery, and the output end of the charging battery is connected with the direct current input end of the inverter. The solar energy battery panel of the solar energy charging equipment has simple structure, is convenient and practical for installation and operation, and is applicable to various working environments.",H02J7/00; H02H7/122; H02H7/18,,cited_by:0 | cites:0,2011
077-572-026-743-96X,Solar advertising board,"The invention provides a solar advertising board. The solar advertising board comprises a main body, a controller, a display screen and an electric energy storage device, wherein the controller and the display screen are connected. The solar advertising board is characterized by further comprising an automatic-adjustment solar energy collecting system, wherein the automatic-adjustment solar energycollecting system is arranged on the main body, the automatic-adjustment solar energy collecting system is connected with the controller and the electric energy storage device through control circuits. Compared with the prior art, the solar advertising board provided by the invention has the advantages that electric energy is provided for the display screen through the automatic-adjustment solarenergy collecting system, the efficient conversion of solar energy is realized, the utilization rate for solar energy is improved, energies are saved, and meanwhile, the mounting and maintenance are easy. The automatic-adjustment solar energy collecting system can automatically complete the collection for solar energy, and the manual operation is not needed; the utilization and conversion efficiencies of solar energy are effectively improved, in addition, the structure is simple, the manufacturing cost is low, the popularization is strong, and the application range is wide.",G09F9/00; H02S20/32,G09F9/00; H02S20/32; Y02E10/50,cited_by:0 | cites:0,2018
104-192-678-140-673,Solar energy and commercial power two-path power supply automatic switching circuit,"The utility model discloses a solar energy and commercial power two-path power supply automatic switching circuit. The circuit comprises an MCU main control circuit, an isolation current detection circuit, a low-pass filter circuit, an AC voltage input circuit, a solar energy relay drive circuit, an AC input voltage detection circuit and a solar energy input voltage detection circuit. The utilitymodel relates to a solar energy and commercial power two-path power supply automatic switching circuit. Solar energy and commercial power are input; when the solar energy output power is detected to be insufficient, the load is driven to automatically switch the mains supply and the solar energy to supply power, the solar energy output power is inquired regularly, if the solar energy output poweris enough to supply power to the load, the solar energy is automatically switched to supply power independently, and the purpose of saving the mains supply is achieved.",H02J9/06,Y02B10/70,cited_by:2 | cites:0,2020
115-200-205-358-986,Solar energy conversion apparatus,"Apparatus is disclosed for converting solar energy to more useful forms, i.e., thermal and electrical energy. Such apparatus includes a photoelectric transducer (e.g., an array of photovoltaic cells), means for concentrating solar energy on the transducer, and means for circulating a liquid between the transducer and the solar energy concentrator. The spectral properties of the liquid are such that the liquid functions as a bandpass filter, transmitting solar energy to which the transducer is responsive and absorbing solar energy to which the transducer is non-responsive. The transmitted solar energy is converted to electrical energy by the transducer, and the absorbed solar energy is converted to heat by the liquid. Preferably, the liquid is circulated through a container which, in the vicinity of the transducer, is constructed so as to provide optical gain to the system and to integrate incident solar energy for the purpose of eliminating ""hot spots"" which could overheat, and thereby damage, the transducer.",F24J2/46; F24S20/20; F24S23/74; H01L31/052; H01L31/054; H01L31/058; H02S40/44,H02S40/44; F24S20/20; F24S23/745; F24S80/20; H10F77/488; H10F77/68; Y02E10/40; Y02E10/52; Y02E10/60; H02S40/44; F24S20/20; F24S23/745; F24S80/20; H10F77/488; H10F77/68; Y02E10/40; Y02E10/52; Y02E10/60,cited_by:62 | cites:0,1981
195-719-694-997-238,Solar energy wall lamp,"The utility model discloses a solar energy wall lamp, including lamp stand, solar energy illumination box and LED light, the top of this lamp stand is equipped with the solar energy fixing base, and on this solar energy fixing base was located to solar energy illumination box, this solar energy illumination box was including solar cell panel, battery, control scheme and luminous body, and this solar cell panel card is put on the solar energy fixing base, and this solar cell panel, battery and luminous body pass through control scheme to be connected, and this battery, luminous body and control scheme arrange this solar cell panel's bottom in, the lamp stand still is equipped with the LED fixed part in the below of solar energy fixing base, and this LED light includes light emitting component and the power of being connected with light emitting component. The utility model discloses solar energy wall lamp inner structure is succinct, simple to operate, and beauty and practicability, the potential safety hazard is not just had in the environmental protection to can satisfy the lighting needs of various weather.",F21S9/03; F21V17/10; F21V23/00; F21Y115/10; H02J7/35,Y02P90/50,cited_by:1 | cites:0,2016
146-236-187-503-404,METHOD AND SYSTEM FOR COOLING BY USING SOLAR ENERGY,"A system for cooling by using solar energy, that comprises a solar energy collector for collecting solar energy and converting it to heat energy; heat pipes connected to said solar energy collector for receiving the heat energy from the collector and passing it to a Thermal-Driven Cooling Machine (TDCM) used for cooling by the heat energy; a control unit for controlling the operation of the TDCM; and a heat accumulator, connected to the solar energy collector, for accumulating the heat energy provided by the collector.",F25B27/00,F25B27/002; Y02A30/272; Y02B10/20,cited_by:0 | cites:0,2008
103-021-057-809-351,Solar energy sewage automatic treatment system and working method thereof,"The invention relates to a solar energy sewage automatic treatment system and a working method thereof, and belongs to the field of sewage treatment. The solar energy sewage automatic treatment systemincludes a solar energy sewage treatment heat recovery system, a solar energy sewage heating and electromagnetic auxiliary heating system, a solar energy power supply and auxiliary system, a solar energy low-pressure evaporation system and a solar energy sewage treatment automatic control system; the solar energy sewage treatment heat recovery system includes a raw water solar energy pre-heater and a solar energy water heater, the raw water solar energy pre-heater is connected with a raw liquid high-level tank, and the solar energy sewage heating and electromagnetic auxiliary heating system includes an electromagnetic auxiliary heater which is connected with a membrane evaporator through a hot water inlet. According to the solar energy sewage automatic treatment system, an evaporation liquid condensation heat exchanger and a first concentration liquid heat exchanger are arranged, the temperature difference between the inlet and the outlet water is not more than 15 DEG C, more than 80%of heat is recycled into the system and reused so as to achieve the purpose of energy saving and consumption reduction, the degree of automation is high, and the sewage treatment can be carried out continuously in rainy days.",C02F1/14; C02F1/08; C02F9/10,C02F1/00; C02F1/08; C02F1/14; C02F2201/009; C02F2209/02; C02F2209/06; Y02A20/212,cited_by:2 | cites:0,2019
