patent_id,title,abstract,ipc_codes,cpc_codes,cites,cited_by,publication_year
147-884-859-287-41X,DISTRIBUTED SYSTEM THERMAL MANAGEMENT,"Methods, systems, and devices are provided for managing operation of data processing systems positioned in a rack and that may provide computer implemented services. To do so, first operation data for a rear door heat exchanger positioned with the rack and second operation data for the data processing systems may be obtained. Based on the first operation data and the second operation data, first operating points for a cooling system of the rear door heat exchanger and second operating points for the cooling systems of the data processing systems may be obtained. Using the first operating points and the second operating points, operation of the cooling system and operation the cooling systems may be set to obtain an updated rack. Using the updated rack, the computer implemented services may be provided.",H05K7/20; G06F1/20,H05K7/20836; H05K7/20209; H05K7/20281; H05K7/20736; H05K7/20772; G06F1/206,,,2026
012-317-566-945-283,POWER SUPPLY UNIT,"A power supply unit is provided, including a frame, a circuit board, a switch component, and a latch component. The frame includes an opening, a first opening groove, and a second opening groove. The circuit board is arranged in the frame. The switch component is embedded in the opening. The latch component includes an operating member and a latch member. The operating member protrudes from the first opening groove, and is connected to the latch member. The latch member is connected to the frame and includes a snap portion which protrudes from the second opening groove. When a button portion of the switch component is away from the frame, and a coupling portion of the switch component is disconnected, the pressing portion moves toward the opening along the first opening groove under an acting force, and drives the snap portion to move toward the inside of the frame.",H05K7/14; H05K5/02,H05K7/1418; H05K5/0221; H05K7/1427,,,2026
165-170-364-455-117,Conformable Cold Plates,The description relates to cold plate assemblies configured to cool computer chips. One example includes a manifold and a conformable cold plate positioned against the manifold to form a fluid passageway. The conformable cold plate is configured to conform to a shape of a computer chip positioned against the conformable cold plate when exposed to fluid pressure from the fluid passageway.,H05K7/20; G06F1/20,H05K7/20254; G06F1/20; H05K7/20272,,,2026
138-034-669-294-128,IMAGE CAPTURING APPARATUS,"An image capturing apparatus includes a main substrate on which a power supply unit is arranged, an image sensor, an imaging substrate mounted with the image sensor, a flexible substrate that is connected to the main substrate and the imaging substrate, and a step-down switching power supply that is mounted on a surface different from a surface on which the image sensor is mounted on the imaging substrate, wherein the step-down switching power supply includes an integrated circuit, a first capacitor connected to a power supply input side of the integrated circuit, an inductor connected to an output terminal of the integrated circuit, and a second capacitor connected to a terminal, and the inductor and the second capacitor are arranged outside a region where the image sensor is projected onto the imaging substrate.",H05K1/14; H04N25/709; H10F39/00,H05K1/148; H04N25/709; H10F39/811; H05K2201/10151,,,2026
126-972-133-672-069,"DISPLAY MODULE, MANUFACTURE METHOD THEREFOR AND ELECTRIC DEVICE COMPRISING THE SAME","A display module includes: a supporting intermediate frame and a transparent cover plate, wherein the supporting intermediate frame comprises a main plate portion extending in a direction the same as the transparent cover plate and a supporting lateral edge disposed to surround the main plate portion, and the supporting intermediate frame and the transparent cover plate form a first accommodation space; a display unit disposed in the first accommodation space; and a control board disposed at a side of the main plate portion away from the display unit, wherein the control board is electrically connected to the display unit to transmit a display signal to the display unit; wherein the supporting intermediate frame further has at least one fixing portion disposed at a side of the main plate portion away from the display unit for fixing the control board.",H05K5/02; H05K1/14; H05K1/18; H05K5/03,H05K5/0217; H05K1/147; H05K1/189; H05K5/03; H05K2201/09063; H05K2201/10128; H05K2201/10189,,,2026
146-218-189-327-089,HEAT DISSIPATION STRUCTURE ABLE TO IMPROVE HEAT DISSIPATION PERFORMANCE OF POWER COMPONENT AND ELECTRONIC LOAD DEVICE THEREOF,"A heat dissipation structure able to improve heat dissipation performance of a power component and an electronic load device thereof. The heat dissipation structure includes a first heat dissipation element and a first circuit module. The first heat dissipation element includes a first protrusion projecting from a first mounting side. The first circuit module includes a first substrate disposed on the first mounting side and a first power component disposed on the first substrate. The first substrate includes a first through hole for the first protrusion to extend therein, for the first protrusion to support a first polarity portion of the first power component. A first heat conduction path is formed between the first power component and the first heat dissipation element by the first protrusion.",H05K7/20,H05K7/209,,,2026
092-200-801-237-977,SYSTEMS AND METHODS FOR COOLING DATACENTER COMPONENTS,"A system is disclosed to support the efficient cooling of components in a datacenter. An example of a system may include a Printed Circuit Board (PCB), one or more cages mounted on a surface of the PCB, and a heat exchange surface integrated into the PCB. The heat exchange surface may be configured to carry a heat transfer fluid that cools the one or more cages.",H05K1/02,H05K1/0201; H05K2201/064,,,2026
106-036-944-687-267,SOLDER PREFORM ASSEMBLY AND METHODS OF PREFORMING SOLDER FOR ELECTRONIC BOARD ASSEMBLY,"Systems and methods for preforming solder on electrical components and completing solder joints between the electrical components and electronic boards are disclosed. In some embodiments, a preload assembly is provided. The preload assembly comprises a base configured with a base recess for receiving a shim and an inset plate. The inset plate comprises a plurality of preload holes configured to receive solder preloads and pins of the electrical components. The preload assembly may be run through a reflow process to bond the solder preload to the pin of the electrical component. Furthermore, the electrical component pin may then be inserted into a pinhole of an electronic board that has been prepared with additional solder preload. A second reflow process may complete the joint between the electrical component and the electronic board.",H05K3/34,H05K3/3478; H05K3/3494; H05K2203/041; H05K2203/043,,,2026
027-799-585-587-871,"Motorantriebsvorrichtung, bei der elektrische Leistung über eine Stromschiene in ein Leistungsgerät einströmt bzw. daraus austritt","Motorantriebsvorrichtung (1), umfassend ein Leistungsgerät (10), wobei dieses Leistungsgerät (10) einen Teil einer Leistungswandlerschaltung zur Erzeugung einer Motorantriebsleistung bildet und eine Ein/Ausgangsklemme (11) aufweist;eine Leiterplatte (20), die eine Öffnung (22) aufweist; undeine Stromschiene (30), die sowohl an das Leistungsgerät (10) als auch an die Leiterplatte (20) angeschlossen wird,wobei die Stromschiene (30)einen plattenförmigen ersten Anschlussabschnitt (31), der an die Ein/Ausgangsklemme (11) angeschlossen wird, einen zweiten Anschlussabschnitt (33), der an die Leiterplatte (20) angeschlossen wird, undeinen Verbindungsabschnitt (32), der sich zwischen dem ersten Anschlussabschnitt (31) und dem zweiten Anschlussabschnitt (33) erstreckt und durch die Öffnung (22) hindurch verläuft,aufweist.",H02B1/20; H02M7/48; H05K1/18; H05K7/06,H05K1/182; H02M7/003; H02K2211/03; H02K11/33; H02K2203/09; H02K3/50; H02K7/145; H02K3/50; H02K2211/03; H02K2203/09; H02K11/33,,,2026
149-911-777-850-858,PACKAGE SUBSTRATE AND SEMICONDUCTOR PACKAGE INCLUDING THE SAME,"A package substrate includes: a first wiring layer; and a second wiring layer, in which the first wiring layer includes: a plurality of first ground layers spaced apart from each other in a first direction perpendicular to a first surface of the first wiring layer; a plurality of first signal layers spaced apart from each other in the first direction, and spaced apart from the plurality of first ground layers along a second direction parallel to the first surface of the first wiring layer; a plurality of metal layers spaced apart from each other in the first direction between the plurality of first ground layers and the plurality of first signal layers, and spaced apart from the plurality of first ground layers and the plurality of first signal layers along the second direction; and a plurality of first insulating layers between the plurality of first ground layers.",H05K1/11,H05K1/115; H05K2201/0338; H05K2201/093; H05K2201/09609; H05K2201/09636,,,2026
190-294-555-221-146,ELECTRONIC PACKAGE AND MANUFACTURING METHOD THEREOF,"An electronic package and a manufacturing method thereof are provided, in which a bridge chip is disposed on one side of a wiring structure, and an electronic component and an optical engine are disposed on the other side of the wiring structure. The bridge chip, the electronic component and the optical engine are electrically connected to the wiring structure, so that the electronic component and the optical engine can be electrically connected to each other via the bridge chip, such that the path of electrical transmission is shortened and the loss and power consumption of data transmission are reduced.",H01L25/16; G02B6/42; H01L21/56; H01L21/683; H01L23/00; H01L23/31; H01L23/498; H01L23/538; H05K1/18,H10W90/00; G02B6/4201; H10P72/74; H10W70/611; H10W90/401; H05K1/181; H10W74/131; H10W74/15; H10W90/724; H10W90/734,,,2026
195-156-991-724-184,"WORKING SUBSTANCE, LIQUID COOLING MODULE, ELECTRONIC DEVICE, AND METHOD FOR PREPARING WORKING SUBSTANCE","This application discloses a working substance, a liquid cooling module, an electronic device, and a method for preparing a working substance, and relates to the field of electronic device technologies. The working substance may include a first medium and a second medium, where a liquid-liquid interface exists between the second medium and the first medium, and a heat dissipation coefficient of the first medium is greater than a heat dissipation coefficient of the second medium. The heat dissipation coefficient of the first medium is greater than the heat dissipation coefficient of the second medium, and the first medium has the larger heat dissipation coefficient, so that the working substance including the first medium has good heat dissipation performance. The liquid-liquid interface exists between the second medium and the first medium.",C09K5/10; H05K7/20,C09K5/10; H05K7/20272,,,2026
054-688-254-158-682,"BESCHICHTETE, GEDRUCKTE ELEKTRONISCHE VORRICHTUNGEN, DIE EINE VERBESSERTE AUSBEUTE AUFZEIGEN UND MEHRERE DERSELBEN, SOWIE VERFAHREN ZUR HERSTELLUNG UND VERWENDUNG","Beschichtete, gedruckte elektronische Vorrichtung, die Folgendes umfasst:mehrere Kontaktstellen (104), die in einem Muster angeordnet sind,mehrere Elektrodenspuren (106), die in einem anderen Muster angeordnet sind, wobei die mehreren Elektrodenspuren einen Satz von unteren Elektrodenspuren (106f-j) und einen Satz von oberen Elektrodenspuren (106a-e) umfassen, wobei jede Elektrodenspur in elektrischer Verbindung mit einer zugeordneten Kontaktstelle (104a-j) der mehreren Kontaktstellen steht,mehrere Speicherzellen (108), wobei jede Speicherzelle an einem Schnittpunkt eines Paares von Elektrodenspuren der mehreren Elektrodenspuren angeordnet ist und eine aus einem Bereich einer der unteren Elektrodenspuren ausgebildete untere Elektrodenschicht (112), eine aus einem Bereich einer der oberen Elektrodenspuren ausgebildete obere Elektrodenschicht (110) und eine ferroelektrische Schicht zwischen der unteren und der oberen Elektrodenschicht umfasst, undeine Schutzschicht (116), die die mehreren Elektrodenspuren bedeckt und sich seitlich über jeden Rand jeder Elektrodenspur hinaus erstreckt, um eine Pufferzone bereitzustellen, die jede Elektrodenspur umgibt, wobei sich die Pufferzone von einem Ende jeder Elektrodenspur aus erstreckt, um einen Teil jeder zugeordneten Kontaktstelle in einem Überlappungsbereich abzudecken, wobei jede Kontaktstelle auch mindestens einen unbedeckten Rand aufweist.",H10B53/10; H10K99/00; H10N70/00,G11C11/221; H10D86/85; H10D1/68; H10W20/4473; H05K2201/10159; H05K3/12; H05K1/111; H05K3/4007; H05K2201/09227; H05K2201/09409; H05K1/162; H05K1/02; H10B53/10; H10D1/682; H10D1/692; H10W20/43; H10W20/4473; H10W72/9445; H10P14/46; H10P14/6346,154-736-351-788-917; 097-486-530-362-335; 071-481-559-122-048; 152-713-950-240-051; 088-117-530-929-979; 188-817-452-541-436; 127-282-388-676-350; 180-175-667-494-662; 152-713-950-240-051; 180-175-667-494-662; 071-481-559-122-048; 188-817-452-541-436; 088-117-530-929-979; 097-486-530-362-335; 154-736-351-788-917; 127-282-388-676-350,,2026
149-372-736-225-140,POWERMODUL MIT KÜHLSTRUKTUR UND DICHTUNGSMEMBRAN ZUM SCHUTZ DES POWERMODULS VOR AUF KORROSION ZURÜCKZUFÜHRENDEN AUSFALL,"Powermodul (1) mit einer Kühlstruktur (3) zum Anbringen auf einer Oberfläche eines Gehäuses (2), wobeieine Dichtung (5) zur Zwischenlage zwischen dem Powermodul (1) und dem Gehäuse (2) vorgesehen ist, die zum Verhindern eines ungewollten Kühlmittelstroms vorgesehen ist,die Dichtung (5) eine Membran (6) besitzt, die zur Zwischenlage zwischen dem Gehäuse (2) und der Kühlstruktur (3) bestimmt ist, unddie Membran (6) eine erhabene Struktur (10, 11) aufweist, mittels der eine der Kühlstruktur (3) zugewandte Grenzfläche der Membran (6) oder eine dem Gehäuse (2) zugewandte Grenzfläche der Membran (6) von dem Gehäuse (2) beabstandet ist.",H05K7/20; H05K5/02; H10W40/47,H05K7/20927,163-834-825-096-783; 117-761-687-739-580; 163-834-825-096-783; 117-761-687-739-580,,2026
019-995-153-206-324,Schaltungsvorrichtung und Verfahren zum Herstellen einer Schaltungsvorrichtung für ein Fahrzeug,"Schaltungsvorrichtung (100) für ein Fahrzeug (800), wobei die Schaltungsvorrichtung (100) die folgenden Merkmale aufweist:eine starrflexible Leiterplatte (102) mit einem starren Abschnitt (104) mit einem Schaltungskontakt (126), und mit einem flexiblen Abschnitt (106) mit einem Transistorkontakt (124) und einer den Schaltungskontakt (126) und den Transistorkontakt (124) verbindenden Leiterbahn (120), und mit einem Bauteil, das auf einer Oberfläche des flexiblen Abschnitts (106) der starrflexiblen Leiterplatte (102) angeordnet und mit der Leiterbahn (120) verbunden ist, wobei das Bauteil als ein elektrischer Widerstand oder ein Kondensator ausgeführt ist;eine Transistoreinrichtung (110) mit einem Transistor (112) und einem Steueranschluss für den Transistor (112), wobei der Steueranschluss mit dem Transistorkontakt (124) des flexiblen Abschnitts (106) der starrflexiblen Leiterplatte (102) verbunden ist, wobei der Transistorkontakt (124) des flexiblen Abschnitts (106) der starrflexiblen Leiterplatte (102) den Steueranschluss der Transistoreinrichtung (110) direkt kontaktiert; undeine Steuerschaltung (108) mit einem Signalanschluss (126) zum Ausgeben eines Steuersignals zum Ansteuern des Transistors (112), wobei die Steuerschaltung (108) an dem starren Abschnitt (104) der starrflexiblen Leiterplatte (102) angeordnet ist und der Signalanschluss (126) der Steuerschaltung (108) mit dem Schaltungskontakt (126) der starrflexiblen Leiterplatte (102) verbunden ist.",H05K1/02; H05K1/18; H05K3/30,H05K1/147; H05K2201/10166; H05K2203/0495; H05K2203/0285; H05K2201/052,140-694-731-644-113; 024-295-629-337-666; 116-283-416-108-349; 154-978-070-845-42X; 117-541-622-159-337; 154-978-070-845-42X; 140-694-731-644-113; 024-295-629-337-666; 117-541-622-159-337,,2026
088-782-819-858-358,METHODS AND SYSTEMS FOR HIGH POWER THERMALLY STABLE SMALL HEAT PIPES,"The disclosure can include a system and device for heat dissipation associated with a mixed reality device which includes a tubular member comprising a proximal end and a distal end. The tubular member comprises a shell and defines a vapor cavity and the tubular member is sealed at the proximal and distal ends. The heat dissipation device includes an outer heating engine oriented in the vapor cavity. The outer heating engine is adjacent to an inner surface wall of the tubular member. The heat dissipation device includes an inner heating engine oriented inside of the outer heating engine, wherein an outer surface of the inner heating engine defines a supplemental cavity bounded by an inner wall of the tubular member and the outer surface of the inner heating engine.",H05K7/20; G02B27/01,H05K7/20336; G02B27/017; G02B2027/0178,,,2026
185-827-436-683-215,SUBSTRATE WITH HINGE,"A substrate with a hinge is disclosed. In one aspect, the substrate may be a printed circuit board (PCB) or the like with a socket configured to receive a memory module, such as a dual inline memory module (DIMM). The substrate further includes a hinge that allows the portion of the substrate with the socket to rotate ninety (90) degrees so that a memory module inserted into the socket is then parallel to the other portion of the substrate. By allowing the memory module to be so positioned, the overall shape and configuration of a module using the substrate may fit a smaller form factor.",H05K1/14,H05K1/148,,,2026
189-862-908-812-564,CIRCUIT BOARD FOR INSTALLATION IN AN ELECTRICAL DEVICE,"A circuit board ( 100 ), for installation in an electrical device ( 500 ), includes a flexible bending section ( 110 ), a plurality of conductor tracks ( 112 ) arranged in the flexible bending section with a first number of conductor tracks ( 114 ) arranged in a first leg ( 115 ) and a second number of conductor tracks ( 114 ′) arranged in a second leg ( 115 ′). The first leg is parallel to the second leg and an open region ( 116 ) between the two legs spatially separating the two legs from one another. At least two rigid interface sections ( 120, 130 ) are arranged and configured to be electrically connected to one another via the conductor tracks. The two legs fold towards one another about a folding axis ( 118 ) along the open region reducing an installation width (EB) of the flexible bending section in the electrical device compared with a width (B) in an unfolded state.",H05K1/02,H05K1/0277; H05K2201/09027,,,2026
060-888-789-309-778,PACKAGE STRUCTURE,"A package structure and a method of manufacturing a package structure are provided. The package structure includes a first carrier, a second carrier, and a first component. The first carrier includes a first pad and a second pad disposed at a first surface of the first carrier. The second carrier is disposed above the first carrier. The first component connects the first carrier to the second carrier, and includes a first terminal connected to the first pad and a second terminal connected to the second pad. A first distance between the first pad and the second pad is substantially equal to or greater than a second distance between the first terminal and the second terminal.",H05K1/11; H05K1/02; H05K1/18,H05K1/111; H05K1/0271; H05K1/181; H05K2201/09381; H05K2201/09427,,,2026
170-546-850-539-459,WIRING CIRCUIT BOARD,"A wiring circuit board includes a wiring portion and a first support portion that supports one end portion of the wiring portion. The wiring portion includes a metal support layer, a first insulating layer, and a wire. The wire includes a first conductor layer disposed on the first insulating layer, and a second conductor layer covering the first conductor layer and in contact with the first insulating layer. The ratio (T 11 /T 21 ) of the thickness T 11 of the wire to the thickness T 21 of the first conductor layer is 2.0 or more.",H05K1/02; H05K1/05,H05K1/0296; H05K1/05; H05K2201/09027,,,2026
189-110-375-632-576,FLEXIBLE MOUNTING STRUCTURES FOR SURFACE MOUNT COMPONENTS,"In one embodiment, an apparatus includes a circuit board (e.g., a motherboard) having conductive contacts that are integral with and extend away from a first metal layer of the circuit board. The contacts may extend away from the circuit board at an angle less than 90 degrees (e.g., less than 45 degrees in some embodiments). The contacts may include flat surfaces that are elevated away from and generally parallel with the upper surface of the circuit board.",H05K1/18; G06F1/18,H05K1/181; G06F1/184; H05K2201/10015; H05K2201/1028; H05K2201/10522; H05K2201/10636,,,2026
167-834-544-680-348,WIRING BOARD AND VEHICLE DISPLAY DEVICE,"A wiring board has a high-frequency transmission path and a ground plane, in which a return current flows in the ground plane due to an AC signal through the transmission path. The ground plane is formed with a first cutout portion for an electronic component formed at a position corresponding to an electronic component, and a second cutout portion serving as a slit portion. In a transparent plan view, the first and second cutout portions are arranged such that at least a portion is overlapping. A ground pattern for an electronic component extends in a transmission direction of an AC signal across the second cutout portion serving as a slit portion. Each of a first and second ground planes is electrically connected to the ground pattern of an electronic component by through-conductors, and a bypass path is formed that allows a return current to flow around the second cutout portion.",H05K1/02; B60K35/28; B60R16/03; H05K1/18,H05K1/0237; B60K35/28; B60R16/03; H05K1/0218; H05K1/184; H05K2201/10022; H05K2201/10174,,,2026
131-502-899-963-964,WORK HEAD,"A work head for performing work on a board in a board work machine includes: an LED package configured to be used by an imaging device, in which the LED package is turned on selectively in a first mode in which the LED package is turned on when imaging is performed by the imaging device and a second mode in which the LED package is turned on when imaging is not performed by the imaging device.",H05K13/08,H05K13/0812,,,2026
107-837-484-253-340,Elektronisches Bauelement und Verfahren zu seiner Herstellung,"Elektronisches Bauelement umfassend eine Leiterplatte (30) und ein elektronisches Bauteil (10), bei dem- das elektronische Bauteil (10) ein Substrat (11), eine Verkapselungsschicht (13), eine zwischen dem Substrat (11) und der Verkapselungsschicht (13) angeordnete elektronische Struktur (12), und mindestens eine neben der Verkapselungsschicht (13) auf dem Substrat (11) angeordnete und mit der elektronischen Struktur (12) elektrisch verbundene erste elektrisch leitende Kontaktschicht (14) aufweist,- die Leiterplatte (30) eine Trägerschicht (32) und mindestens eine zweite elektrisch leitende Kontaktschicht (31) umfasst,- die Leiterplatte (30) neben der Verkapselungsschicht (13) auf dem Substrat (11) angeordnet ist,- die erste elektrisch leitende Kontaktschicht (14) und die zweite elektrisch leitende Kontaktschicht (31) miteinander elektrisch leitend verbunden sind, und- die Trägerschicht (32) und die Verkapselungsschicht (13) jeweils mindestens eine Ausrichtungsstruktur (20) aufweisen, welche ineinandergreifen und die Position der Leiterplatte (30) zum elektronischen Bauteil (10) in mindestens einer Raumrichtung definieren, wobei- die Verkapselungsschicht (13) und die Trägerschicht (32) einander zugewandte Stirnseiten (231, 232) aufweisen, an denen die zumindest eine Ausrichtungsstruktur (20) ausgebildet ist, wobei die zumindest eine Ausrichtungsstruktur (20) an der Verkapselungsschicht (13) die Kontur einer Aussparung (211, 212) oder einer Lasche (221, 222) aufweist und die zumindest eine Ausrichtungsstruktur (20) an der Trägerschicht (32) die Kontur einer Lasche (221, 222) oder einer Aussparung (211, 212) aufweist, wobei sich die zumindest eine Ausrichtungsstruktur (20) an der Verkapselungsschicht (13) in einer Haupterstreckungsebene der Verkapselungsschicht (13) und wobei sich die zumindest eine Ausrichtungsstruktur (20) an der Trägerschicht (32) in einer Haupterstreckungsebene der Trägerschicht (32) erstreckt, und wobei die zumindest eine Ausrichtungsstruktur (20) an der Trägerschicht (32) und die zumindest eine Ausrichtungsstruktur (20) an der Verkapselungsschicht (13) so ausgebildet sind, dass die Lasche (221, 222) in die Aussparung (211, 212) einlegbar ist, und- die Lasche (221, 222) und/oder die Aussparung (211, 212) derart ausgebildet sind/ist, dass sich die Lasche (221, 222) unter einer vorbestimmten Zug- oder Druckbelastung zumindest zum Teil aus der Aussparung (211, 212) löst.",H10K50/88; H05K3/30; H10K30/88; H10K50/844; H10K71/50; H10W46/00; H10W70/20,H05K1/0209; H05K1/0275; H05K1/119; H05K3/368; H05K2201/0175; H05K2201/0195; H05K2201/0909; H05K2201/09127; H05K2201/09163; H05K2201/09445; H05K2201/10121; H05K2201/2072; H05K2203/167; H05K2203/168; H10K50/841; H10K50/88; H10W72/00; H10W74/10; H05K3/368; H10K50/88; H10K50/841,155-350-034-343-652; 102-843-078-051-048; 185-102-623-473-274; 102-843-078-051-048; 155-350-034-343-652; 185-102-623-473-274; 096-749-914-649-816,,2026
171-113-979-811-284,DISPLAY APPARATUS,"A display apparatus may include: a display panel; a chassis configured to cover a rear side of the display panel and support the display panel, the chassis including a first rib hole; a chassis holder configured to connect to a lower portion of the chassis, the chassis holder including a second rib hole configured to overlap with the first rib hole while the chassis holder is connected to the chassis; and a rear cover configured to connect to a rear side of the chassis and a rear side of the chassis holder while the chassis holder is connected to the chassis, wherein the rear cover includes a rib, the rib configured to be inserted into the second rib hole and the first rib hole by being received in the first rib hole through the second rib hole while the rear cover is connected to the chassis and the chassis holder.",G02F1/1333; G02F1/133; H05K1/18; H05K5/00; H05K5/02; H05K5/03,G02F1/133317; G02F1/13306; G02F1/133314; H05K1/18; H05K5/0018; H05K5/0247; H05K5/03; H05K2201/10136,,,2026
028-315-693-604-256,DISPLAY DEVICE,"Provided is a display device. The display device includes an active area and a non-active area including a first non-active area adjacent to the active area, a bending area extending from the first non-active area, and a second non-active area extending from one side of the bending area. The display device comprises a first glass substrate disposed in the active area; a second glass substrate disposed in the second non-active area; an etch stop layer which is disposed so as to overlap the bending area; a link line disposed on the etch stop layer across the bending area; a micro coating layer which is disposed so as to overlap the first non-active area and at least a part of the second non-active area and is disposed on the link line in the bending area; and a rigid member which is disposed on the micro coating layer to be adjacent to the bending area so as to overlap at least a part of the second glass substrate.",G06F1/16; H05K1/02,G06F1/1656; G06F1/1652; H05K1/0281,,,2026
199-683-518-274-421,EXPANDED FUNCTIONALITY OF AN ELECTRONIC DEVICE VIA A CLOSED-LOOP THERMAL SOLUTION,"Devices, methods, and structures for unleashing the full computing power of handheld and wearable computing devices. An example can provide a docking station that can help to overcome form factor limitations of handheld and wearable computing and other small form factor devices. These limitations can include a limited capability of a small form factor device to dissipate heat due and an inability to support large connectors due to a limited surface area.",G06F1/20; G06F1/16; H02J50/10; H05K7/20,G06F1/206; G06F1/1632; G06F1/203; H02J50/10; H05K7/20136; H05K7/20209,,,2026
073-809-728-116-044,GRAPHICS PROCESSING SUBSYSTEMS WITH DUAL BLOW-THROUGH ARCHITECTURES,"Example graphics processing subsystems and computing devices that include the graphics processing subsystem(s) are described. In one example, the graphics processing subsystem may comprise a first fan, a second fan and a printed circuit board (PCB) on which a processor is disposed. The first fan may be associated with a first axis about which the first fan is rotatable. The second fan may be associated with a second axis about which the second fan is rotatable. The PCB may be shaped and positioned such that (a) a first airflow path for cooling the processor traverses through the first fan and a first opening below the first fan, and (b) a second airflow path for cooling the processor traverses through the second fan and a second opening below the second fan. The first airflow path and the second airflow path are substantially linear relative to the respective first axis and second axis.",H05K1/02,H05K1/0203; H05K2201/064; H05K2201/066,,,2026
051-105-417-009-491,SLIDE RAIL SYSTEM FOR A SERVER RACK,"A slide rail system includes a first rail module and a second rail module. The first rail module includes a first support plate and a first rail device disposed on the first support plate. The second rail module includes a second support plate movably disposed on the first support plate, and a second rail device disposed on the second support plate. With the second support plate movably disposed on the first support plate, the weight of the second rail module is applied to the first support plate instead of the first rail device, which reduces deformation of and damage to the first rail device.",H05K7/18; H05K7/14,H05K7/183; H05K7/1489,,,2026
060-428-402-339-503,FLEXIBLE HYBRID COVER WINDOW AND METHOD OF MANUFACTURING SAME,"Proposed are a hybrid flexible cover window and a method of manufacturing the same. The hybrid flexible cover window includes a flat portion formed on a flat area of a flexible display and a folding portion which is formed in succession to the flat portion and formed in a folding area of the flexible display. The hybrid flexible cover window includes a substrate, a transparent polyimide layer formed on the glass substrate, and an adhesive buffer layer formed between the glass substrate and the TPI layer, in which the TPI layer has a UV cut-off wavelength of less than 380 nm.",H05K5/03; B32B7/12; B32B17/10; B32B27/08; B32B27/28; B32B27/36,H05K5/03; B32B7/12; B32B17/10027; B32B17/1055; B32B27/281; B32B27/08; B32B27/36; B32B2250/40; B32B2255/10; B32B2307/732,,,2026
078-781-598-827-795,DATA CENTER RACK WITH INTEGRATED MANIFOLD AND POWER DISTRIBUTION,"A data center rack integrates power and/or fluid coolant distribution to servers, switches and other information technology (IT) devices within the rack via power distribution units (PDU) and rack manifolds integrated into the support columns of the rack structure. For example, the integrated PDUs are connectible to a power source via connection ports on an exterior surface of the rack, the PDU configurable within the rack to maximize available space and minimize the need for additional power cabling. Similarly, the integrated rack manifold is connectable to a coolant supply device or system via external manifold connection ports and provides integrated coolant tubing for thermal management of IT devices mounted within the rack. By optimizing the available airspace within the interior cavity of the rack, the integrated power and manifold systems facilitate heat dissipation and routine maintenance.",H05K7/14; H05K7/20,H05K7/1492; H05K7/20781,,,2026
123-094-690-928-295,DATA CENTER APPARATUS FOR ELECTRICAL ENERGY STORAGE,"Embodiments described herein provide a data center system comprising one or more busbars each having two parallel metallic portions and one insulating portion placed in-between to form one or more capacitors connected between a power supply and one or more computing hardware to store electrical energy. In at least one embodiment, the one insulating portion is a separate layer made of dielectric material that is inserted between the two parallel metallic portions.",H05K7/14,H05K7/1492,,,2026
031-325-785-236-38X,ELECTRONIC DEVICE ENCLOSURE HAVING A PLURALITY OF SURFACE FEATURES,"An enclosure for an electronic device includes one or more surface features that account for manufacturing tolerances associated with the enclosure. The enclosure includes a first portion and a second portion that mates with the first portion. The surface feature extends from a contact surface of the first portion of the enclosure and acts as a contact point between the first portion of the enclosure and the second portion of the enclosure. The surface feature helps ensure each portion of the enclosure remain in contact, which provides the electronic device optimal protection from electrical interference.",H05K9/00,H05K9/0052,,,2026
086-228-407-031-003,Vorschub und Vorschub-Managementsystem,"Ein Vorschub umfasst einen Vorschub-Hauptkörper der einen Förderweg umfasst, der zum Fördern und zum Halten eines Trägerbandes konfiguriert ist, einen Spulengehäuse-Abschnitt, der in dem Vorschub-Hauptkörper vorgesehen und dazu konfiguriert ist, eine Bandspule drehbar aufzunehmen, um die das Trägerband gewickelt ist, einen Gehäusebreite-Änderungsmechanismus, der dazu konfiguriert ist, eine Spulengehäusebreite entsprechend der Spulenbreite der Bandspule zur Aufnahme der Bandspule im Spulengehäuse-Abschnitt zu ändern, und einen Informationsaktualisierungs-Abschnitt, der dazu konfiguriert ist, Vorschubinformationen in Zuordnung zu den Vorschub-Identifikationsinformationen zu Informationen zu aktualisieren, die die durch den Gehäusebreite-Änderungsmechanismus geänderte Spulenbreite oder die Spulengehäusebreite zu enthalten.",H05K13/02,H05K13/02,068-085-157-220-70X,,2026
127-260-406-294-173,PRINTED CIRCUIT BOARD,"The present disclosure relates to a printed circuit board including: a glass layer having upper and lower surfaces opposing each other in a first direction, first and second side surfaces opposing each other in a second direction, and third and fourth side surfaces opposing each other in a third direction, and configured to reinforce at least a portion of an edge region adjacent to each of the first to fourth side surfaces, and configured not to reinforced at least a portion of an inner region surrounded by the edge region; a first insulating material covering at least portions of the first to fourth side surfaces of the glass layer; and second and third insulating materials covering at least a portion of each of the upper surface and the lower surface of the glass layer and extending to an upper side and a lower side of the first insulating material, respectively.",H05K1/02; H05K1/03; H05K1/11; H05K1/18,H05K1/0271; H05K1/0306; H05K1/115; H05K1/185; H05K2201/096; H05K2201/2018,,,2026
132-802-843-440-962,OUTDOOR ENCLOSURE WITH ELECTRONIC EQUIPMENT AND LI-ION BATTERIES THAT UTILIZES DIRECT AIR COOLING TO CONTROL INTERNAL TEMPERATURE AND HUMIDITY,"A telecommunications cabinet can include a base cabinet structure, a front door, an air intake assembly, an exhaust damper, a series of batteries, a telecommunications unit, and a battery dehumidification system, with the front door, the air intake assembly, the exhaust damper, the batteries, the telecommunications unit, and the battery dehumidification system all carried on or in the base cabinet structure, as the case may be. The battery dehumidification system can include at least one fan and at least one of a thermostat and at least one environmental (temperature and/or humidity) sensor. The thermostat and/or one or more environmental sensors can generate a corresponding operational signal, the one or more corresponding operational signal configured to selectively control the operation of the one or more fans to selectively force at least a portion of the waste heat from the telecommunications unit towards the battery.",H05K7/20; H01M10/613; H01M10/627; H01M10/63; H01M10/6563; H01M50/251,H05K7/20145; H01M10/613; H01M10/627; H01M10/63; H01M10/6563; H01M50/251; H05K7/20209; H01M2220/10,,,2026
127-241-620-079-50X,ELECTRICAL CONNECTION UNIT,"An electrical connection unit includes a unit body, a first cover that covers the unit body from a first side in a first direction, a second cover that covers the unit body from a second side in the first direction, and a routing member that is provided integrally with the first cover and is detachably connected to the unit body. The unit body includes an insulating base member, a bus bar, a plurality of electronic components each having a terminal connected to the bus bar and a connector connection portion, and a plurality of connector members each having a first connector detachably connected to the connector connection portion and a second connector disposed in a first direction. The routing member includes a plurality of relay connectors insertable into and removable from the second connectors of the plurality of connector members, and a support integrally supporting the plurality of relay connectors.",H05K7/20; H05K1/02; H05K1/181; H05K7/02,H05K7/20127; H05K1/0203; H05K1/181; H05K7/026; H05K2201/10189; H05K2201/10272; H05K2201/10522,,,2026
016-950-311-072-766,POWER SUPPLY MODULE AND VAPOR CHAMBER,"The present application discloses a power supply module having high thermal conductivity and high reliability, and a vapor chamber, comprising a substrate, a thermally conductive material and a vapor chamber, wherein a thermally conductive material is provided between the vapor chamber and the substrate; the vapor chamber comprises a vapor chamber primary side region, a vapor chamber secondary side region, and a connecting region, the vapor chamber primary side region is disposed above the primary side portion of the substrate, the vapor chamber secondary side region is disposed above the secondary side portion of the substrate, and the vapor chamber primary side region and the vapor chamber secondary side region form an integral structure by means of the connecting region.",H05K7/20,H05K7/209,,,2026
080-790-977-527-908,SEMICONDUCTOR PACKAGE,"A semiconductor package may include: a substrate; a unit chip package on the substrate; a base chip horizontally spaced apart from the unit chip package on the substrate; a first vertical connection structure between the substrate and the unit chip package; and a second vertical connection structure between the substrate and the base chip. One of the first vertical connection structure and the second vertical connection structure may include: conductive lines spaced apart in a first direction and a second direction that are parallel to an upper surface of the substrate and intersect, wherein the conductive lines each have a first side surface and a second side surface that faces the first side surface in the first direction; and a seed pattern in contact with the conductive lines. The seed pattern may be in contact with second side surfaces of the conductive lines.",H01L23/538; H01L21/48; H01L23/00; H01L25/18; H05K1/18; H10B80/00; H10D80/30,H10W70/65; H10W70/095; H10W70/611; H10W90/00; H10W90/401; H05K1/181; H10B80/00; H10D80/30; H10W74/15; H10W80/312; H10W80/327; H10W90/20; H10W90/297; H10W90/722; H10W90/724; H10W90/732; H10W90/794,,,2026
086-633-962-496-626,METHOD AND SYSTEM OF PHOTOLITHOGRAPHY TO FORM CONFORMAL CIRCUITS ON CURVED SURFACES,"A method includes receiving data of an image of a circuit pattern having multiple circuit pattern slices, and providing the data to a light projector aimed toward at least one light-sensitive material over a substrate of an object. The method also includes generating a patterned light-sensitive material, including projecting at least one temporal sequence of frames from the light projector. Each frame within a single temporal sequence has an image of a different one of the circuit pattern slices and projected so that each circuit pattern slice forms a contour line on the light-sensitive material. The method includes moving the light projector, the substrate, or both after an individual frame projection so that each contour line in the same temporal sequence is formed at a different location on the at least one light-sensitive material. The patterned light-sensitive material is used to pattern a conductive material over the substrate.",G03F7/24; G03F7/22; H05K3/12,G03F7/24; G03F7/22; H05K3/1275,,,2026
154-026-065-994-641,BOARD-SIDE SPRING MOUNTING TO HEAT-REJECTING MEDIA,"An information handling system may include a circuit board comprising an electronic device mechanically and electrically mounted on a first surface of the circuit board, a plurality of openings formed within a second surface of the circuit board opposite of the first surface, and a bracket mechanically mounted to the second surface, the bracket comprising a plurality of ends, each end extending into a respective opening of the plurality of openings, heat-rejecting media, and a plurality of mechanical fastening devices, each mechanical fastening device mechanically engaged with a respective first mechanical feature formed in a respective end of the plurality of ends and mechanically engaged with a respective second mechanical feature formed in the heat-rejecting media in order to apply a spring force between the bracket and the heat-rejecting media that applies mechanical pressure to thermally couple the electronic device to the heat-rejecting media.",H05K7/20; G06F1/20; H05K1/02,H05K7/2049; H05K1/0204; G06F1/203,,,2026
067-135-214-697-755,ELECTRONIC CONTROL DEVICE,"An electronic control device includes: a circuit board including a wiring board bearing a wiring pattern including a high-speed signal line, and an electronic component mounted on a first surface of the wiring board, the electronic component being connected to the high-speed signal line; a case housing the circuit board; and a first heat conductive member in direct contact with the electronic component and with the case. The first heat conductive member is disposed in such a way as to extend from an upper surface of the electronic component to the case and to extend from the first surface of the wiring board to the case while being in contact with a part of an outer peripheral surface of the electronic component at a position at which the first heat conductive member avoids a space above the high-speed signal line.",H05K7/20,H05K7/20854,,,2026
094-614-751-580-007,"Power Package Configured for Increased Power Density, Electrical Efficiency, and Thermal Performance","A power package includes at least one power substrate having at least one power trace, at least one power device on the at least one power trace, signal terminals, and at least one signal connection assembly. The at least one signal connection assembly includes at least one of the following: at least one signal trace that is thinner than the at least one power trace; at least one embedded routing layer within the at least one power substrate; and/or at least one routing layer on the at least one power substrate.",H01L23/528; H01L23/00; H01L25/16; H05K1/18,H10W20/427; H05K1/181; H05K2201/10757; H05K2201/10818; H10W72/07552; H10W72/07653; H10W72/527; H10W72/5445; H10W72/631; H10W72/871; H10W72/884; H10W72/886; H10W90/00; H10W90/734; H10W90/753; H10W90/754; H10W90/763,,,2026
129-663-556-003-983,PATCH PANEL SUPPORT AND METHOD OF ASSEMBLING EQUIPMENT RACKS FOR A DATA CENTER,"A patch panel support (PPS) and method of assembly of data center electronic equipment racks is provided that allows the patch panels that are normally mounted in the lower frame of the equipment rack—where the electronic equipment is housed—to be mounted in the upper frame by means of a frame plate connectable to cable trays installed in the upper frame. The PPS further includes a mounting mechanism for mounting one patch panel to the frame plate over each of the one or more cable trays. The resulting reconfiguration of the equipment rack allows the components in the upper frame of the equipment rack to be pre-assembled off-site without the constraints imposed by on-site construction. Additionally, the PPS frees up space in the lower frame of the rack for additional electronic equipment by relocating the patch panels to the upper frame.",H05K7/14,H05K7/1491; H05K7/1489,,,2026
074-225-123-167-727,THERMAL MANAGEMENT OF A DISTRIBUTED SYSTEM,"Methods, systems, and devices are provided for managing operation of data processing systems positioned in a rack and that may provide computer implemented services. To do so, an occurrence of a thermal management event may be identified by a management controller of a data processing system of the data processing systems. Based on the occurrence, first operation data for the data processing system may be obtained. Based on the first operation data, operating points may be obtained for a cooling system of the rear door heat exchanger and a cooling system of the data processing system. Using the operating points, operation of the cooling system of the rear door heat exchanger and operation of the cooling system of the data processing system may be set to obtain an updated rack. Using the updated rack, the computer implemented services may be provided.",H05K7/20; G06F1/20,H05K7/20836; H05K7/20209; H05K7/20281; H05K7/20736; H05K7/20772; G06F1/206,,,2026
103-493-401-186-436,ELECTRONIC DEVICE AND METHOD FOR MANUFACTURING THE SAME,"The present disclosure provides an electronic device and a method for manufacturing the same, in which the method includes the following steps. A substrate structure is provided, wherein the substrate structure includes a first substrate and a second substrate. A first anti-warpage layer is provided on at least one side of the substrate structure. A first circuit structure is formed on the first substrate. A packaging structure is formed on the first circuit structure, wherein the first substrate is disposed between the first circuit structure and the second substrate, and the coefficient of thermal expansion of the first substrate is greater than the coefficient of thermal expansion of the second substrate.",H05K1/02; H05K1/18; H05K3/36,H05K1/0271; H05K1/181; H05K3/36; H05K2201/068; H05K2201/10159; H05K2201/10378; H05K2201/10515; H05K2201/10522; H05K2203/016; H05K2203/166,,,2026
192-311-816-695-636,FOLDABLE ELECTRONIC DEVICE INCLUDING DISPLAY MODULE,"A foldable electronic device may comprise: a foldable housing comprising a first housing part and a second housing part, a hinge module comprising a hinge connected to the first housing part and the second housing, and configured to rotatably connect the first housing part and the second housing part about a folding axis positioned between the first housing part and the second housing part, and a display module comprising a display disposed on the first housing part and the second housing part, the display module further includes a flexible display panel, a glass layer disposed on the flexible display, a cover window attached on the glass layer via a first attachment member comprising an adhesive material having a first attaching force in a central area of the display module, and a protective layer disposed adjacent to a side surface of the cover window in an edge area of the display module formed on an outside of the central area and attached on the glass layer via a second attachment member comprising an adhesive material having a second attaching force stronger than the first attaching force.",H05K5/02; H05K5/03,H05K5/0226; H05K5/03,,,2026
194-375-901-001-606,METHOD OF COMPRESSING TISSUE WITHIN A STAPLING DEVICE AND SIMULTANEOUSLY DISPLAYING THE LOCATION OF THE TISSUE WITHIN THE JAWS,"A method of compressing tissue during a surgical procedure is disclosed. The method comprises obtaining a surgical instrument comprising an end effector, wherein the end effector comprises a first jaw and a second jaw, establishing a communication pathway between the surgical instrument and a surgical hub, and inserting the surgical instrument into a surgical site. The method further comprises compressing tissue between the first jaw and the second jaw, determining a location of the compressed tissue with respect to at least one of the first jaw and the second jaw, communicating the determined location of the compressed tissue to the surgical hub, and displaying the determined location of the compressed tissue on a visual feedback device.",A61B5/107; A61B1/00; A61B1/05; A61B1/06; A61B5/00; A61B5/02; A61B5/026; A61B5/06; A61B5/287; A61B6/00; A61B17/00; A61B17/068; A61B17/072; A61B17/11; A61B17/115; A61B17/128; A61B17/32; A61B18/00; A61B18/14; A61B34/00; A61B34/10; A61B34/20; A61B34/30; A61B34/32; A61B90/00; A61B90/30; A61B90/35; A61M1/00; A61M13/00; B25J9/16; B25J13/00; G06K7/10; G06K19/077; G16H10/60; G16H40/63; G16H40/67; G16H50/20; G16H70/20; H01Q1/22; H04L9/40; H04L67/10; H04L67/12; H04N5/272; H04N7/18; H05K1/02; H05K1/18,A61B5/1076; A61B1/000094; A61B1/00045; A61B1/051; A61B1/0661; A61B5/0066; A61B5/0075; A61B5/02; A61B5/0261; A61B5/062; A61B5/065; A61B5/1073; A61B5/287; A61B5/6852; A61B5/6857; A61B5/6859; A61B5/7278; A61B5/743; A61B6/5247; A61B17/0682; A61B17/072; A61B17/1114; A61B17/1155; A61B17/1285; A61B17/320092; A61B18/1442; A61B18/1445; A61B34/10; A61B34/20; A61B34/32; A61B34/71; A61B90/35; A61B90/361; A61B90/37; A61M1/73; A61M1/79; B25J9/1697; B25J13/006; G06K7/10316; G06K19/07749; G16H10/60; G16H40/63; G16H40/67; G16H50/20; G16H70/20; H01Q1/22; H04L63/1416; H04L67/10; H04L67/12; H04N5/272; H04N7/183; H05K1/028; H05K1/189; A61B2017/00022; A61B2017/00026; A61B2017/0003; A61B2017/00039; A61B2017/00044; A61B2017/00057; A61B2017/00061; A61B2017/00075; A61B2017/00084; A61B2017/00097; A61B2017/00106; A61B2017/0011; A61B2017/00115; A61B2017/00119; A61B2017/00199; A61B2017/00203; A61B2017/00221; A61B2017/00398; A61B2017/00402; A61B2017/00734; A61B2017/00809; A61B2017/00818; A61B2017/07257; A61B2017/07271; A61B2017/07278; A61B2017/07285; A61B2017/1132; A61B2017/32007; A61B2017/320074; A61B2017/320084; A61B2017/320095; A61B2017/320097; A61B2018/00541; A61B2018/00589; A61B2018/00595; A61B2018/00601; A61B2018/00607; A61B2018/0063; A61B2018/00642; A61B2018/00684; A61B2018/00791; A61B2018/00827; A61B2018/00875; A61B2018/00892; A61B2018/00988; A61B2018/00994; A61B2034/105; A61B2034/2051; A61B2034/2055; A61B2034/2057; A61B2034/2061; A61B34/30; A61B2034/301; A61B2034/305; A61B2090/309; A61B2217/005; A61B2217/007; A61B2218/002; A61B2218/007; A61B2218/008; A61M1/80; A61M13/003; A61M2205/3306; A61M2205/3327; A61M2205/3331; A61M2205/3365; A61M2205/3368; G05B2219/40174; G05B2219/45119,,,2026
081-463-833-294-963,Verfahren zur Herstellung eines Steuergerätegehäuses aus Kunststoff für ein Kraftfahrzeug und zugehöriges Steuergerätegehäuse,"Gegenstand der Erfindung ist ein Verfahren zur Herstellung eines Steuergerätegehäuses aus Kunststoff für ein Kraftfahrzeug und ein entsprechendes Steuergerätegehäuse. Dabei wird eine Leiterplatte (1) zwischen zwei Gehäuseteilen (5, 6) platziert und werden die beiden Gehäuseteile (5, 6) mit der im Innern aufgenommene Leiterplatte (1) miteinander mediendicht verbunden. Außerdem wird wenigstens ein mit einem Außensteckergehäuse (5a) ausgerüstetes Gehäuseteil mit einem hierin eingreifenden Stecker (7) zur peripheren elektrischen Verbindung der Leiterplatte (1) ausgerüstet. Dazu wird der Stecker (7) in dem Außensteckergehäuse (5a) aufgenommen und zusammen mit den beiden Gehäuseteilen (5, 6) nach außen hin mediendicht verschlossen. Erfindungsgemäß verbleibt im Außensteckergehäuse (5a) eine Innenöffnung (10) zum Innern der beiden Gehäuseteile (5, 6), die mithilfe des Steckers (7) in eingebautem Zustand verschlossen wird.",H05K5/02; E05B85/02,H05K5/0069; H05K5/06; G01M3/3263,,,2026
059-819-878-403-059,COOLANT LIQUID DRAIN WITH INTEGRATED LEAK DETECTION,"A printed circuit board (PCB) includes a first vertical trace extending from a top surface of the PCB to a bottom surface of the PCB, and a second vertical trace extending from the top surface to the bottom surface, the second vertical trace being adjacent to the first vertical trace. The first vertical trace and the second vertical trace are configured such that a coolant liquid leaked onto the PCB acts to electrically connect the first vertical trace to the second vertical trace when the coolant liquid contacts the first vertical trace and the second vertical trace. The first vertical trace and the second vertical trace are further configured to provide a path for the coolant liquid to drain from the top surface to the bottom surface.",H05K7/20; G01M3/16,H05K7/20272; G01M3/16,,,2026
071-716-151-410-955,BRACKET FOR ELECTRONIC DEVICE PLACED ON VERTICAL SURFACE,"The proposed invention relates to the field of computer engineering and can be used to control electronic devices. The technical result achieved by implementing the claimed invention, in addition to the invention realizing its purpose, is the elimination of the disadvantages of analogues and thus ensuring the rapid disconnection of the bracket and the device placed on it, while ensuring the usual reliability of placing the device on a vertical surface. Another technical result achieved by implementing the claimed invention, in addition to the invention realizing its purpose, is also ensuring precise positioning of the device in space and ensuring a rapid change of its operating mode and/or settings.",H05K5/02; F21V21/02; F21V23/04; H04R1/02; H04R3/00,H05K5/0204; F21V21/02; H04R1/026; F21V23/04; H04R3/00,,,2026
151-525-161-143-086,MULTIFUNCTIONAL PORTABLE ELECTRONIC DEVICE CHARGING AND ACCESS MANAGEMENT SYSTEM,"A mobile device management system includes a controller and a charging bay device charging slots and charging circuitry accessible through charging slot apertures, wherein each charging slot is configured to receive and automatically charge one of the plurality of portable computing devices. A locking mechanism is operable automatically by the at least one controller to secure the one or more of the plurality of portable computing devices. The locking mechanism is also operable manually for removal of one or more of the plurality of portable computing devices.",H05K5/02; H02J7/45; H02J7/50; H02J7/70; H02J7/80; H02J7/90,H05K5/0208; H02J7/45; H02J7/50; H02J7/731; H02J7/80; H02J7/971; H05K5/0221; H05K5/0286,,,2026
032-003-900-702-337,LIQUID COOLING AUTOMATED DISCONNECT COMPONENT,"A quick disconnect component includes a disconnect and a motor assembly. The disconnect includes a manifold portion and a hose portion. The motor assembly is coupled to the disconnect and includes a motor. In response to a leak indication, the motor pulls the manifold portion towards the hose portion. When the manifold portion is in physical communication with the hose portion, the disconnect automatically detaches from a manifold of a liquid cooling system in an information handling system.",F28F9/02; H05K7/20,F28F9/0258; F28F2265/16; H05K7/20763; H05K7/20836,,,2026
167-550-863-556-702,COOLING UNIT HEAT RECOVERY,"An air cooling unit can include one or more heat exchangers in an air flow path, and one or more fans for moving air through the air cooling unit and through the one or more heat exchangers along the air flow path. The one or more heat exchangers can selectively recover heat from the air for use within a different part of a building housing the air cooling unit and/or for rejection outside of the building.",H05K7/20,H05K7/20736,,,2026
132-197-553-332-290,CASES AND EARBUDS FOR PROVIDING INFORMATION AND ELECTRONIC DEVICES FOR RECEIVING INFORMATION,"An electronic device can receive battery charge level information from two different devices and select, between the different devices, which information to use to generate and present battery information on a display of the electronic device. When two separate devices are transmitted by a case and an earbud (or earbuds), the electronic device can receive and select from one of two source based upon the state of the case and the state of the earbud(s). Alternatively, based upon the state of the case and the earbud(s), the electronic device can merge the information received from the case and the earbuds, while also determining from the merged information which respective device transmitted the respective information. Further, the case can provide battery information on behalf of the earbuds when the earbuds are in the case, and the respective radio circuits are shut down. Alternatively, the earbuds can provide battery information on behalf the case.",H05K5/02; G06F1/16; H04R1/10; H05K5/00,H05K5/0247; G06F1/1613; H04R1/1091; H05K5/0086; H04R2201/10,,,2026
141-266-993-533-603,INFORMATION HANDLING SYSTEM WITH HEAT PIPE EXTENDER FOR A LIQUID COOLING PLATE,"A system includes a cooling distribution unit and an information handling system. The information handling system includes at least one electronic component disposed within a reliable zone away from any potential leaks. The information further includes a cooling plate in fluid communication with the cooling distribution unit. The cooling distribution unit selectively circulates liquid coolant through the cooling plate. Further, the cooling plate is disposed in an unreliable zone that is likely to experience one or more leaks.",H05K7/20,H05K7/20336; H05K7/20154; H05K7/20254; H05K7/20272; H05K7/20809,,,2026
015-800-378-058-555,EMBEDDING OF A CIRCUIT OF ELECTRONIC COMPONENTS IN AN ELONGATED FLEXIBLE DEVICE,The invention relates to an elongated device and method of producing thereof. The elongated device having an elongated body and a sensor array having a Flexible Printed Circuits (FPC) and a plurality of electronic components positioned on the FPC. The sensor array is helically wound around the elongated body the plurality of electronic components are aligned in relation to a longitudinal axis of the elongated body.,H05K1/189; A61B1/00; A61B1/05; H05K1/02,H05K1/189; A61B1/00124; A61B1/05; H05K1/028; A61B2562/166; A61B2562/182; H05K2201/09009; H05K2201/10121; H05K2201/10151,,,2026
162-353-542-161-115,WIND RESISTANT GENERATOR SET ENCLOSURE,"Systems of the present disclosure provide a chassis and a generator set, including a cabinet, a cover plate and hinge mechanisms. Each hinge mechanism includes a first connection seat, a second connection seat and a connection assembly. The first connection seat is arranged on the cover plate, and a slider is arranged on the first connection seat. The second connection seat is arranged in the cabinet, and the length of the second connection seat is less than the length of the first connection seat. When the cover plate is at the maximum opening and closing position, the center of mass of the cover plate is located above the top surface of the cabinet and close to the top surface of the cabinet.",H05K5/02; H02K5/22; H05K5/03,H05K5/0226; H02K5/22; H05K5/03,,,2026
089-587-514-897-981,COMPUTER IMPLEMENTED PORTABLE ELECTRONIC DEVICE CHARGING AND ACCESS MANAGEMENT METHOD,"A mobile device management charging and access management method is implemented with a database, a controller, and at least one charging bay device including a locking mechanism. The method includes: accepting, by the at least one controller, a user login to verify an authorized user status according to information in the database; assessing a user privilege status after the authorized user status is verified according to the authorized user data and information in the database; and only when the privilege status is active, allowing one of the portable computing devices to be retrieved and used by the verified authorized user.",H05K5/02; H01M10/44,H05K5/0208; H01M10/441; H05K5/0221; H05K5/0286,,,2026
066-485-025-482-994,OPTICAL LEAK DETECTION IN LIQUID COOLING SYSTEMS USING HOLOGRAPHIC OPTICAL ELEMENT,An apparatus includes a holographic optical element (HOE) and an optical sensor. The HOE is configured to have an interference pattern that functions as mirrors in an inverted server when illuminated by a light source. The HOE is placed on a bottom surface of the inverted server. The optical sensor is directed at the HOE and configured to detect a fluorescent light emitted from a liquid drop at a first wavelength when illuminated by the light source. The liquid drop lands on the HOE from a cooling liquid. The interference pattern is created by a laser beam operating to form a hologram at a second wavelength substantially close to the first wavelength.,G01M3/38; H05K7/20,G01M3/38; H05K7/20772,,,2026
134-532-565-420-675,"INTRA-COOLING DEVICES FOR POWER MODULES, METHODS FOR MANUFACTURING SAME, POWER MODULES AND ELECTRICAL SYSTEMS","The present disclosure relates to intra-cooling devices for power modules, methods for manufacturing same, power modules and electrical systems. An intra-cooling device for a power module is provided, comprising: a top insulating part formed by integrally fabricating, including: a top cap, and at least one first heat conductor disposed on an inner surface of the top cap and extending in a direction perpendicular to the inner surface of the top cap; and a bottom insulating part formed by integrally fabricating, including: a box composed of a bottom cap and a plurality of sidewalls surrounding the bottom cap, and at least one second heat conductor disposed on an inner surface of the bottom cap and extending in a direction perpendicular to the inner surface of the bottom cap; wherein the top insulating part and the bottom insulating part are assembled together in such a manner that the inner surface of the top cap and the inner surface of the bottom cap face each other, thereby forming a cavity capable of accommodating a cooling liquid.",H05K7/20,H05K7/20927; H05K7/20254; H05K7/20272; H05K7/20436; H05K7/20509,,,2026
179-862-904-315-98X,SYSTEM AND METHOD FOR MONITORING LIQUID COOLANT IN AN INFORMATION HANDLING SYSTEM,"A system is disclosed and includes an optical light sensor to determine an initial coolant color value associated with a coolant and an information handling system. The information handling system includes a memory to communicate with the optical light sensor to store the initial coolant color value, and a processor to communicate with the memory and the optical light sensor. The processor determines a current coolant color value associated with the coolant, compares the current coolant color value to the initial coolant color value, and determines whether the current coolant color value is different from the initial coolant color value.",G06F1/20; G01N21/27; G01N21/85; G08B21/18; H05K7/20,G06F1/20; G01N21/27; G01N21/85; G08B21/182; H05K7/20281,,,2026
059-556-467-432-89X,"SYNCHRONIZATION MECHANISM, ROTATING SHAFT MECHANISM, AND ELECTRONIC DEVICE","Embodiments of this application provide a synchronization mechanism, a rotating shaft mechanism, and an electronic device. The synchronization mechanism includes a swing arm and a slider, the swing arm rotates around an axis, the slider is slidably disposed in a direction parallel to the axis, a spiral groove is disposed on the swing arm, and a protruding part that fits the spiral groove is disposed on the slider. In embodiments of this application, a rotary swing arm mechanism on which the spiral groove is disposed is used to fit the slider, so that a size of a synchronization mechanism with a requirement for a small size of, for example, a foldable screen is further reduced, a quantity of parts is reduced, synchronous transmission is stable, and a clearance is small.",G06F1/16; F16C11/04; F16H25/12; G09F9/30; H04M1/02; H05K5/02,G06F1/1681; F16C11/04; F16H25/12; G06F1/1624; G06F1/1652; G09F9/301; H04M1/022; H05K5/0226; H04M1/0268,,,2026
103-903-590-155-135,Power Bank,"A charging device comprises a housing having an accommodating cavity, and a retractable charging cable at least partially located within the accommodating cavity. The charging device comprises a second charging cable having a first end extending into the accommodating cavity and a second end located outside the accommodating cavity. The charging device also comprises a connector electrically connected to the second end of the second charging cable; and a fixing portion disposed on the second charging cable. The connector is configured to pass through the fixing portion. The second charging cable, the connector, and the fixing portion together form a closed loop.",H01R13/72; H01R31/06; H02G11/02; H05K5/02,H01R13/72; H01R31/06; H02G11/02; H05K5/0247,,,2026
008-000-129-408-762,PCB ROUTING TOPOLOGY OF M-LVDS WITH FILTERS,"Circuitry and method are described for enabling multiple loads on a differential low voltage differential signaling pair (M-LVDS). A printed circuit board (PCB) contains a M-LVDS driver and leads that route a main channel that carries a differential signal from the driver to an area in which loads are populated. The main channel is split into branches that contain application-specific integrated circuits (ASICs) as the loads. The branches have the same characteristic impedance as the main channel. Filters are disposed in each branch and are coupled between the driver and the ASICs. Each filter is a first order or higher filter. Fewer filters than ASICs are on each branch, with the filters being disposed between the driver and ASICs closest to the driver (with smaller propagation delay). The filters are configured differently at each ASIC input to compensate for the delay.",H05K1/02; H04L25/02,H05K1/0245; H04L25/0272; H05K1/025; H05K2201/1006,,,2026
091-603-635-917-562,LOAD CONTROL DEVICE FOR CONTROLLING AN ELECTRICAL LOAD IN RESPONSE TO SENSE AN ENVIRONMENTAL CHARACTERISTIC,"A control device may be configured to control an electrical load (e.g., an exhaust fan) for controlling an environmental characteristic (e.g., a humidity level) in a space. The control device an actuator received in an opening in a front surface of a bezel, which may comprise first and second side portions on each side of the actuator. The control device may comprise an environmental sensing circuit for sensing the environmental characteristic in the space, and a control circuit configured to control the electrical load in response to actuations of the actuator and/or the environmental sensing circuit. The bezel may comprise a ventilation portion on the first or second side portion of the front surface. The ventilation portion may have apertures extending from the front surface to a cavity in the bezel. The environmental sensing circuit may be configured to receive air from outside of the bezel via the cavity.",F24F11/00; F24F11/52; F24F11/88; G01D11/24; G05B11/01; H05K5/00,F24F11/0008; F24F11/52; F24F11/88; G01D11/245; G05B11/017; H05K5/006; G05B2219/37375,,,2026
046-539-012-923-477,Kompakt bauendes leistungselektronisches System,"Kompakt bauendes leistungselektronisches System mit einer gestapelten Anordnung einer Kondensatoreinrichtung (1), einer Kühleinrichtung (2), einer Leistungsschalteinrichtung (3) und einer Steuerschalteinrichtung (4), wobei die Kühleinrichtung (2) eine erste Kühlkontaktfläche (20) aufweist, die in thermischem Kontakt mit der Kondensatoreinrichtung (1) steht und eine zweite, der ersten gegenüberliegende, Kühlkontaktfläche (22) aufweist, die in thermischem Kontakt mit der Leistungsschalteinrichtung (3) steht, mit einer quaderförmigen Grundform, wobei die Kondensatoreinrichtung (1) auf einer Grundfläche (80) eines Quaders (8) angeordnet ist, wobei die Kondensatoreinrichtung (1) ein erstes Teilgehäuse (51) des Systems ausbildet oder in einem ersten Teilgehäuse (51) des Systems angeordnet ist und wobei die Kondensatoreinrichtung (1) eine Mehrzahl von Kondensatorelementen (10) und eine Elementverbindungseinrichtung (12) aufweist, wobei diese zwischen der ersten Kühlkontaktfläche (20) und den Kondensatorelementen (10) angeordnet ist und wobei die Kondensatorelemente (10) mittels der Elementverbindungseinrichtung (12) in thermischem Kontakt mit der ersten Kühlkontaktfläche (20) stehen.",H01G2/08; H01G4/40; H10D80/20; H10W40/47,H05K7/20927; H02M7/003; H01G2/08; H01G4/38; H10W90/00,007-410-462-010-358; 117-620-521-202-776; 166-368-687-452-519; 013-879-222-781-634; 061-010-430-701-520; 007-410-462-010-358; 166-368-687-452-519; 117-620-521-202-776; 013-879-222-781-634,,2026
041-149-795-212-923,Kühlvorrichtung zur Kühlung eines mit Wärme erzeugenden elektrischen Bauelementen bestückten elektronischen Schaltungsteils und Thermomanagementmodul mit einer solchen Kühlvorrichtung,"Vorschlagen wird eine Kühlvorrichtung zur Kühlung eines mit Wärme erzeugenden elektrischen Bauelementen (84) bestückten elektronischen Schaltungsteils (8), insbesondere zur Verwendung in einem Thermomanagementmodul (1), umfassend ein Modulgehäuse (100), wobei an dem Modulgehäuse (100) wenigstens ein Kühlkanal (101') für ein strömendes flüssiges Medium, insbesondere Öl ausgebildet ist, wobei das Modulgehäuse (100) ein Modulträgerteil (10) mit einer Vorderseite (11) und einer davon abgewandten Rückseite (12) und an der Rückseite (12) eine von einem Deckelteil (5) des Modulgehäuses (100) abgedeckte Gehäuseaufnahme (14) mit einem Boden (141) aufweist, wobei an dem Boden (141) der Gehäuseaufnahme (14) eine Durchbruchsöffnung (79) zwischen der Vorderseite (11) und der Rückseite (12) ausgebildet ist, wobei die Durchbruchsöffnung (79) durch einen Wärmeleiteinsatz (7) verschlossen ist, wobei der Wärmeleiteinsatz (7) aus einem Material gefertigt ist, das eine größere Wärmeleitfähigkeit als das Material des Modulträgerteils (10) aufweist, wobei der Wärmeleiteinsatz (7) mit einer ersten Seite (7a) direkt oder indirekt über eine Wärmeleitpaste (19) oder ein anderes thermisches Koppelelement mit dem elektronischen Schaltungsteil (8) in Wärmeleitkontakt steht und wobei der Wärmeleiteinsatz (7) mit einer von der ersten Seite (7a) abgewandten zweiten Seite (7b) einen Wandabschnitt (72) des Kühlkanals (101') auf der Vorderseite (11) des Modulträgerteils (10) ausbildet.",H05K7/20; B60K11/02; H01M10/625,H05K7/20927; H05K7/20872,,,2026
119-987-978-658-312,COMPUTING DEVICE BASED ON PHASE-CHANGE LIQUID COOLING TECHNOLOGY,"This application provides a computing device based on a phase-change liquid cooling technology, including a body, a jet component, and a power component. Space in the body is divided into a first accommodation cavity and a second accommodation cavity through a partition plate. The first accommodation cavity is configured to accommodate a first coolant, the second accommodation cavity is configured to accommodate a heating element and a second coolant, and a temperature of the second coolant is higher than a temperature of the first coolant. The body is provided with a liquid refill opening communicating with the first accommodation cavity and an exhaust vent communicating with the second accommodation cavity. The power component is connected to the jet component, and is configured to pump the first coolant to the heating element through the jet component.",H05K7/20,H05K7/20809,,,2026
104-341-222-391-681,ELECTRONIC DEVICE COMPRISING WATERPROOF STRUCTURE,"An electronic device including: a first housing including at least one first electronic component, the first housing having a through-hole therein; a second housing including at least one second electronic component; a hinge device that rotatably connects the first housing to the second housing; a flexible printed circuit board that penetrates through the through-hole in the first housing, and electrically connects the at least one first electronic component and the at least one second electronic component; a stiffener on the flexible printed circuit board; and a waterproof structure in the through-hole, wherein the waterproof structure includes: a first waterproof member coupled with the stiffener to form a loop structure having an opening, and a second waterproof member on the first waterproof member and covering the opening, and wherein the stiffener and the first waterproof member surround a periphery of the through-hole.",H05K5/06; H05K5/02,H05K5/06; H05K5/0226,,,2026
059-693-758-094-123,CIRCUIT BOARD,"A circuit board includes a substrate, a circuit layer, a solder resist layer, and at least one moisture barrier layer. The circuit layer is provided on the substrate and covered by the solder resist layer. Inner and outer leads of the circuit layer are not covered by the solder resist layer. The moisture barrier layer covers the solder resist layer such that the circuit layer and the solder resist layer are located between the substrate and the moisture barrier layer. The moisture barrier layer is provided to block liquid or moisture such that liquid or moisture cannot permeate to the solder resist layer and the circuit layer to cause corrosion or oxidation of the circuit layer.",H05K1/02,H05K1/0271; H05K1/0298,,,2026
071-468-721-668-772,DISPLAY APPARATUS,"A display apparatus may include: a display including a display panel and a chassis supporting the display panel; a stand configured to support the display; and a support device between the display and the stand, wherein the support device includes: a first support member including a center hole; a fastening shaft including a body portion including a thread on an outer circumferential surface of the body portion, and the fastening shaft further including a head portion having a larger diameter than a diameter of the body portion, wherein the fastening shaft is configured to connect the first support member to the stand by the body portion extending through the center hole and screw-connecting to the stand; a second support member connected to the chassis and the first support member, wherein the first support member is configured to rotate with respect to the stand about the fastening shaft, and wherein the second support member is configured to move in an up-and-down direction with respect to the first support member.",F16M11/10; H05K5/02; H05K5/03,F16M11/10; H05K5/0234; H05K5/03; F16M2200/022; F16M2200/08,,,2026
166-111-002-517-284,LAMINIERTE TRANSPARENTE PLATTE UND VERFAHREN ZU DEREN HERSTELLUNG,"Es wird eine laminierte transparente Platte bereitgestellt, umfassend: Ein Paar von transparenten Platten (420a, 420b); eine Anzeigevorrichtung (100), die zwischen dem Paar von transparenten Platten angeordnet ist und ein erstes Substrat und eine Mehrzahl von Anzeigeelementen, die auf dem ersten Substrat ausgebildet sind, umfasst; und eine drahtlose Nahfeld-Kommunikationsantenne (200), die zwischen dem Paar von transparenten Platten angeordnet ist und ein zweites Substrat und eine Spiralspule, die auf dem zweiten Substrat ausgebildet ist, umfasst. Die Anzeigevorrichtung (100) und die drahtlose Nahfeld-Kommunikationsantenne (200) sind so ausgebildet, dass sie in der Draufsicht einander überlappen, und ein elektromagnetisches Abschirmungselement (300), das ein drittes Substrat und einen Metallnetzfilm, der auf dem dritten Substrat ausgebildet ist, umfasst, ist zwischen der Anzeigevorrichtung (100) und der drahtlosen Nahfeld-Kommunikationsantenne (200) bereitgestellt.",H01Q1/52; H01Q1/22,B32B17/00; B60J1/00; B60R11/02; G09F9/00; H01Q1/40; H01Q7/00; H05K9/00; H10H20/80; B32B2307/212; B32B2307/7376; G09G2380/10; B32B2457/206; B32B2307/412; B32B2605/00; B60K2360/785; B60K35/28; G09G3/32; B60K2360/16; B32B17/10761; B32B17/10036; H01Q1/1271; H01Q1/38; H01Q1/526; B32B2307/7376; B60K2360/785; B60K35/28; B60K2360/16; B32B5/028; B32B17/061; B32B17/10541; B32B2307/212; B32B2307/412; B32B2457/206; B32B2605/00; G09G3/32; G09G2380/10; H01Q1/1271; H01Q1/38; H01Q1/526,073-431-118-996-10X; 087-662-236-396-443,,2026
078-767-624-325-633,Bildbearbeitungsvorrichtung,"Eine Bildbearbeitungsvorrichtung erkennt einen charakteristischen Abschnitt in einem Bauteil, das einen Hauptkörper und mehrere charakteristische Abschnitte umfasst, die auf einer Unterseite des Hauptkörpers angeordnet sind, unter Verwendung eines Bildes, das durch Abbilden des Bauteils erhalten wird, und umfasst einen Bildaufnahmeabschnitt, der konfiguriert ist, mehrere Bilder zu erfassen, die durch mehrmaliges Abbilden des Bauteils durch Aussenden von Licht zu dem Bauteil unter mehreren Beleuchtungsbedingungen erhalten werden, einschließlich einer ersten Beleuchtungsbedingung, bei der eine erste Lichtquelle verwendet wird, die konfiguriert ist, Licht zu einem Bauteil an einer vorbestimmten Position von einer lateralen Seite auszusenden, und einer zweiten Beleuchtungsbedingung, bei der eine zweite Lichtquelle verwendet wird, die konfiguriert ist, Licht zu dem Bauteil an der vorbestimmten Position von einer Unterseite auszusenden, einen ersten Erfassungsabschnitt, der konfiguriert ist, einen ersten charakteristischen Abschnitt, der ein Teil der mehreren charakteristischen Abschnitte des Bauteils ist, unter Verwendung eines ersten Bildes zu erfassen, das durch Abbilden des Bauteils unter dem ersten Beleuchtungsbedingung erhalten wurde, und einen zweiten Erfassungsabschnitt, der konfiguriert ist, einen zweiten charakteristischen Abschnitt, der ein Teil der mehreren charakteristischen Abschnitte des Bauteils ist und während der Abbildung näher an der ersten Lichtquelle liegt als der erste charakteristische Abschnitt, unter Verwendung eines zweiten Bildes zu erfassen, das durch Abbilden des Bauteils unter der zweiten Beleuchtungsbedingung erhalten wurde.",G06V10/14,H05K13/08; G06T1/00,028-010-928-075-591,,2026
122-556-782-013-110,CO-JET NOZZLE ASSEMBLY AND ANOMALY DETECTION,"A nozzle assembly may include a nozzle body defining a longitudinal axis, a central conduit extending through the nozzle body along the longitudinal axis, a first outer annular flow channel extending through the nozzle body, a first electrode positioned radially opposed to a second electrode with respect to the longitudinal axis, an aerosol generator body positioned upstream of the nozzle body, a first chamber formed in the aerosol generator body, a second outer annular flow channel extending through the aerosol generator body, the second outer annular flow channel concentrically surrounding the first chamber about the longitudinal axis, the second outer annular flow channel being radially outward from the longitudinal axis relative to the first chamber.",C23C16/455; B33Y10/00; B33Y30/00; B33Y70/10; C23C16/448; C23C16/513; H01J37/32; H05K3/14,C23C16/45576; B33Y10/00; B33Y30/00; B33Y70/10; C23C16/4486; C23C16/45502; C23C16/45557; C23C16/513; H01J37/32449; H01J37/32926; H01J37/32981; H01J37/3299; H05K3/146; H01J2237/24592; H01J2237/338; H05K2203/095; H05K2203/1131; H05K2203/163,,,2026
111-519-684-957-407,BROADBAND ACOUSTIC METASURFACE,"The broadband acoustic metasurface is configured to be disposed in or around a server and includes a body forming a plurality of chambers having respective volumes. The body also forms a plurality of holes in communication with the chambers that are configured to be in communication with moving air within or around the server. Floors of the chambers may be configured to move via a plurality of actuators to adjust the volumes of the chambers. The actuators may be controlled by a processing unit that is configured to determine the volumes for the chambers and cause the actuators to adjust the volumes of the chambers to the determined volumes. The chambers are configured to attenuate sound through destructive interference, where the volumes of the chambers correspond to respective target frequencies to attenuate. By using adjacent chambers with different volumes, broadband attenuation may be achieved in a space efficient manner.",G10K11/175; G10K11/178; H05K7/20,G10K11/1752; G10K11/1781; H05K7/20136; H05K7/20718,,,2026
156-397-680-681-079,SOLAR POWER PROCESSING MODULES WITH SELF-GUIDING UNIVERSAL CONNECTORS,"A modular power processing system for renewable energy applications includes rack-supported power processing modules with power conversion circuitry for AC/DC and/or DC/DC conversion. Each module can include top and bottom connectors that self-align and engage to establish electrical communication, with optional locking mechanisms to prevent disconnection. Connector covers can be included to protect exposed connectors. The system can include an endpoint module for external electrical connections and supports both active and passive cooling elements. Electrical communication between modules can transmit power and data. Modules are designed for tool-less addition or removal, enabling rapid installation and expansion. The system can be used for outdoor use and is scalable, whereby multiple power processing system are connected to each other.",H05K7/14; H02M3/00; H02M7/00,H05K7/14; H02M3/003; H02M7/003,,,2026
166-039-539-470-902,ELECTRONIC CIRCUIT DEVICE AND METHOD FOR MANUFACTURING THE SAME,"An electronic circuit device is provided that includes a chip component, a circuit board, and a coating resin. The chip component is mounted on the circuit board, and a mounting surface of the circuit board is coated with the coating resin. A surface of an element substrate, a surface of an insulator layer, and a surface of the coating resin form a continuous surface. The electronic circuit device includes an insulator exposed portion where there is no element substrate due to exposure of the insulator layer when viewed in a stacking direction of the element substrate and the insulator layer. At least a part of a coil opening by a coil conductor is in a region of the insulator exposed portion.",H05K1/18; H05K3/28,H05K1/181; H05K3/284; H05K2201/1003,,,2026
108-549-681-977-495,ELECTRONIC DEVICE,"An electronic device is provided. The electronic device includes a device housing and an electronic component. The device housing includes a plurality of first ribs and a plurality of second ribs. The first ribs are arranged on a first plane. The second ribs are arranged on a second plane, which is parallel to the first plane. At least one first heat dissipation opening is formed between the first ribs, and at least one second heat dissipation opening is formed between the second ribs. On a projection plane parallel to the first plane, at least a portion of the second ribs are staggered with at least a portion of the first ribs. The electronic component is located inside the device housing, and the first and second ribs provide visual obstruction for the electronic component.",H05K5/02; H05K5/10,H05K5/0213; H05K5/0217; H05K5/10,,,2026
046-457-661-813-607,SENSOR APPARATUS,"A sensor apparatus includes a housing, a sensor component, a sensor substrate carrying the sensor component, a cured paste located on a surface of the sensor substrate that is adjacent to the housing, and a sheet member located between the cured paste and the housing. The sensor substrate, the cured paste, the sheet member, and the housing are arranged in that order, and each of the sensor substrate, the cured paste, the sheet member, and the housing is in contact with an adjoining one of the sensor substrate, the cured paste, the sheet member, and the housing to transfer heat from the sensor substrate to the housing through the cured paste and the sheet member.",H04N23/50; B60R11/04; H05K7/20,H04N23/50; B60R11/04; H05K7/20454; H05K7/20472; H05K7/20481; G03B2217/002,,,2026
123-515-416-849-140,Einheitszellenanordnung und Leiterplatte,"Die Erfindung betrifft eine Einheitszellenanordnung und eine Leiterplatte. Die Einheitszellenanordnung weist einen ersten Einheitszellenverbund, eine in vertikaler Richtung kontaktierend auf dem ersten Einheitszellenverbund angeordnete dielektrische Schicht und einen in vertikaler Richtung kontaktierend auf der dielektrischen Schicht angeordneten zweiten Einheitszellenverbund auf, wobei eine erste Einheitszelle des ersten Einheitszellenverbundes mit einer dritten Einheitszelle des zweiten Einheitszellenverbundes mittels zumindest eines ersten elektrisch leitfähigen Verbindungselements an einem ersten, an der ersten Einheitszelle und der dritten Einheitszelle angeordneten, Kontaktierungselements elektrisch verbunden ist und wobei eine zweite Einheitszelle des ersten Einheitszellenverbundes mit einer vierten Einheitszelle des zweiten Einheitszellenverbundes mittels zumindest eines zweiten elektrisch leitfähigen Verbindungselements an einem zweiten, an der zweiten Einheitszelle und der vierten Einheitszelle angeordneten, zweiten Kontaktierungselements elektrisch verbunden ist.",H05K1/00; H05K1/11; H05K1/14; H05K7/00; H05K9/00,H05K2201/09972; H05K3/4046; H05K2201/10242; H05K2201/09345; H05K2201/093; H05K1/0218; H05K2201/09309; H05K2201/09663,160-347-099-949-253; 060-146-772-689-193; 015-370-720-671-615; 065-795-560-644-198; 015-127-646-284-106; 021-921-292-252-355; 079-488-126-308-253; 102-013-970-178-805; 114-521-485-367-73X; 026-011-182-291-328; 160-469-984-907-115; 032-068-433-006-830,,2026
099-567-629-022-231,"WATERPROOF MEMBER, WATERPROOF CASE, AND ELECTRONIC DEVICE","A waterproof member achieves waterproof properties and sound transmission properties. The waterproof member includes a waterproof membrane having a storage modulus E′ of 2.5×10 6 Pa or more and 7.5×10 6 Pa or less as measured by a dynamic mechanical analysis test in tensile mode in a frequency range of 100 to 500 Hz and satisfies at least one selected from (i) and (ii) below: (i) an initial modulus measured by a tensile test is 30 MPa or more and 100 MPa or less; and (ii) a puncture modulus measured according to a puncture strength test specified in JIS Z 1707: 2019 is 9.0 MPa or more and 40 MPa or less, the puncture modulus being calculated by dividing a maximum stress applied just before a needle penetrates the waterproof membrane by an amount of displacement of the waterproof membrane in a puncture direction at the maximum stress.",H05K5/06,H05K5/069; H05K5/068,,,2026
161-919-807-455-148,MANUFACTURING METHOD FOR A CIRCUIT BOARD AND CIRCUIT BOARD,"A manufacturing method for the circuit board includes the following steps: printing a board body on a carrier board using a 3D printing device, the board body having a hollow line channel in it, the line channel having openings located on an upper surface or/and a side surface of the board body; injecting a conductive material in a liquid state into the line channel inside the board body through at least one opening; the conductive material being in a solid state after cooling.",H05K1/02; H05K1/03; H05K1/09; H05K1/11; H05K3/00; H05K3/10; H05K3/22,H05K1/0271; H05K1/0306; H05K1/09; H05K1/113; H05K3/0026; H05K3/0044; H05K3/107; H05K3/225; H05K2201/09627,,,2026
001-829-487-754-083,VEHICLE CIRCUIT BOARD,"It is aimed to provide a vehicle circuit board capable of enhancing heat dissipation. A circuit board ( 10 ) to be installed in a vehicle includes a board ( 20 ), a first electronic component ( 30 ) to be mounted on the board ( 20 ) and including a heat source terminal ( 33 ), a second electronic component ( 40 ) to be mounted on the board ( 20 ) and having at least any one of a communication function, a memory function and an information processing function, and a heat transfer path ( 50 ) provided on the board ( 20 ) to connect the heat source terminal ( 33 ) and an empty terminal ( 43 ) of the second electronic component ( 40 ).",H05K1/02; H05K1/11; H05K5/00,H05K1/0206; H05K1/115; H05K5/0026; H05K2201/09227; H05K2201/10522; H05K2201/10545; H05K2201/10628; H05K2201/10757,,,2026
186-150-977-653-160,MULTI-CHIP MODULE WITH SHIELDING PLATE FOR LNA INPUT MATCHING,"A multi-chip module, a packaged module and a wireless device are provided. The multi-chip module comprises a plurality of layers including a first layer, a second layer and a third layer, said second layer positioned between the first layer and third layer; a low noise amplifier circuit distributed across the plurality of layers and including a first inductor in the first layer and a transistor; and a shielding plate spanning at least a portion of the second layer and overlapping at least a portion of the first inductor when viewed from a direction perpendicular to the plurality of layers, said shielding plate being electrically connected to a source terminal or emitter terminal of the transistor. The shielding plate alters a parasitic capacitance in the low noise amplifier circuit, resulting in an improved input impedance of the low noise amplifier circuit for better input matching.",H04B1/40; H03F3/195; H05K9/00,H04B1/40; H03F3/195; H05K9/0081; H03F2200/294; H03F2200/451,,,2026
061-871-873-740-339,LIQUID COOLING STRUCTURE AND ELECTRONIC DEVICE USING THE SAME,"A liquid cooling structure for being used in an electronic device is configured to wrap a heat-generating component and has a cooling plate and a circuit board. The cooling plate and the circuit board is arranged to form a space for accommodating the heat-generating component. The space is filled with a first thermal conductive medium, which is in direct contact with the cooling plate, the circuit board and the heat-generating component. A structure and assembling processes of the liquid cooling structure are simplified. Accordingly, sizes of the liquid cooling structure and the electronic device having the liquid cooling structure are also reduced.",H05K7/20; H05K1/02,H05K7/20254; H05K1/0203; H05K7/20272; H05K7/2039,,,2026
162-793-578-161-378,POWER ELECTRONICS UNIT FOR A VEHICLE,"A power electronics unit for a vehicle, comprising: a housing; a boundary, which divides the housing into an interference reduction area and an interference source area, and separates the interference reduction area from the interference source area; high-voltage power electronics inside the interference source area; and a printed circuit board, at least part of which is inside the interference reduction area, wherein there is a low-voltage connection for low-voltage signals in the interference reduction area, wherein the low-voltage signals are sent to and from a higher-order system in the vehicle, and wherein there is a battery connection to the power electronics unit on the printed circuit board inside the interference reduction area. The present disclosure also relates to a vehicle that has a battery, and electric motor, and a power electronics unit.",H05K9/00; B60L50/60; H05K7/14,H05K9/0022; B60L50/60; H05K7/1432,,,2026
146-234-020-573-786,PIEZOELECTRIC FLUTTER COOLING SYSTEM,"Devices and systems for cooling using piezoelectricity are disclosed herein. In one example, a device includes a heat pipe, one or more fins thermally coupled to a first end of the heat pipe, where the fins extend laterally from the heat pipe, and one or more piezoelectric structures coupled to the fins.",H05K7/20; H10N30/20,H05K7/20209; H05K7/20254; H05K7/20336; H05K7/20409; H10N30/204,,,2026
122-022-236-462-879,CONDUCTIVE LEAK BARRIERS TO PROTECT SENSITIVE CIRCUITRY,"A printed circuit board (PCB) includes a first circuit, a second circuit, and a circuit trace disposed between the first circuit and the second circuit. The first circuit has a first contact on a surface of the PCB. The first contact is at a first voltage. The second circuit has a second contact on the surface of the PCB. The second contact is at a second voltage that is lower than the first voltage. The circuit trace is on the surface of the PCB and is coupled to a ground plane of the PCB. The circuit trace is configured to provide a ground path to ground the first contact in the presence of coolant liquid between the first contact and the circuit trace.",H05K1/02,H05K1/0215; H05K1/0272; H05K2201/064; H05K2201/093,,,2026
094-054-865-447-121,ELECTRONIC DEVICE,"An electronic device includes a first unit and a second unit including a display device. The first unit includes a housing, a blower device, and an exhaust path. The exhaust path includes a first member, a second member, a third member, and a partition member. The second member faces the second unit positioned at an opened position. The third member faces the first member and extends from an end of the second member far from the first member in a direction away from the first member as the third member is away from the second member. The partition member is disposed at an end close to the second member in a first direction and between the first member and the third member, and extends along the first direction. The second member includes a first exhaust hole. The third member includes a second exhaust hole larger than the first exhaust hole.",H05K7/20; G06F1/20,H05K7/20145; G06F1/203,,,2026
129-412-727-385-386,ELECTRONIC DEVICE,An electronic device is provided. The electronic device includes a first circuit module and a first shield. The first shield is disposed at a lateral side of the circuit module and includes a first opening configured to reduce a parasitic coupling of the first circuit module and the first shield.,H05K9/00; H05K1/02; H05K1/18,H05K9/0024; H05K1/0216; H05K1/181; H05K2201/10015,,,2026
073-912-755-027-288,SLIDE RAIL SYSTEM FOR A SERVER RACK,"A slide rail system includes a first rail module and a second rail module. The first rail module includes a first support plate having a lock hole, and a first rail device disposed on the first support plate. The second rail module includes a second support plate movably disposed on the first support plate, a second rail device disposed on the second support plate, a latch member movably disposed on the second support plate and insertable into the lock hole to restrict movement of the second support plate relative to the first support plate, and an unlatch member operable to disengage the latch member from the lock hole so as to allow the movement of the second support plate relative to the first support plate.",H05K7/14,H05K7/1489,,,2026
142-315-778-659-208,DUAL NETWORK CHIP LAYOUT FOR A LARGE MODULAR SYSTEM,"A “back-to-back” arrangement of printed circuit boards (PCBs) is provided. Network processors are mounted to the front sides of the PCBs. The network processors are connected to a plurality of nodes by a plurality of signal channels. More particularly, a first subset of the signal channels connects a network processor on a first of the back-to-back PCBs to the plurality of nodes and a second subset of the signal channels connects a network processor on the second of the back-to-back PCBs to the plurality of nodes. Each of the plurality of signals channels is configured to satisfy an insertion loss requirement.",H05K1/14; H05K1/18,H05K1/14; H05K1/181; H05K2201/10356,,,2026
136-801-362-874-031,COMMUNICATION DEVICE FOR VEHICLE AND THERMAL MANAGEMENT INTEGRATED CONTROLLER INCLUDING THE SAME,"A communication device, including: a printed circuit board allowing circuit elements to be mounted thereon; a communication circuit mounted on the printed circuit board so as to communicate with an electronic control unit (ECU) of a vehicle; a shield line formed around the communication circuit; and an LC filter circuit connected to the communication circuit.",H05K1/02,H05K1/0219; H05K2201/10015; H05K2201/1003; H05K2201/1006,,,2026
109-267-392-396-302,Secure Storage Container for Above Ground Exterior Storage of Electronic Components,"A metal storage container for secure above ground exterior storage of electronic subassemblies. One or more slidable partitions are provided in the interior volume of the storage container and are electrically coupled to a panel of the storage container. The storage container is mechanically affixed to an adjacent metal display panel support structure using affixing means to define a ground path therethrough. Electronic components within the storage container are securely protected from environmental factors and ESD using thermal insulation coatings, active low power cooling and redundant ESD protection.",H05K5/02,H05K5/0247; H05K5/0209; H05K5/0221,,,2026
197-540-542-766-441,INFORMATION PROCESSING APPARATUS AND CONTROL METHOD,"An information processing apparatus includes a chassis that houses a controller, a plurality of temperature sensors, a first heat dissipation fan, and a second heat dissipation fan. The first heat dissipation fan and the second heat dissipation fan are disposed within predetermined ranges close to one end and the other end, respectively, of one side face of the chassis. The first heat dissipation fan and the second heat dissipation fan blow air at least in directions facing each other, have a first control mode, in which output of the first heat dissipation fan and output of the second heat dissipation fan are controlled equally, and have a second control mode, in which an output ratio between output of the first heat dissipation fan and output of the second heat dissipation fan is controlled to be variable.",H05K7/20,H05K7/20836; H05K7/20736,,,2026
151-937-686-622-494,THERMAL MANAGEMENT OF DISTRIBUTED SYSTEMS,"Methods, systems, and devices are provided for managing operation of data processing systems positioned in a rack and that may provide computer implemented services. To do so, operation data for the data processing systems may be obtained by a management controller of a rear door heat exchanger of the rack from management controllers of the data processing systems. Using this operation data, operating points for a cooling system of the rear door heat exchanger may be obtained. Using these operating points, operation of the cooling system may be set by the management controller of the rear door heat exchanger to obtain an updated rack. Using the updated rack, the computer implemented services may be provided.",H05K7/20; G05B13/02,H05K7/20836; G05B13/021; H05K7/20781,,,2026
098-486-319-801-896,HEAT EXCHANGER ASSEMBLY,"A heat exchanger assembly including: a chassis having a housing defining an internal volume for a heat source to be cooled by a fluid, the housing including a first housing portion configured to guide the fluid; a first tube attached to the first housing portion and forming a first tube channel for the fluid. The housing includes a second housing portion, the second housing portion having a shaped guide covered by a cold plate so that together they form a second tube channel for the fluid.",H05K7/20,H05K7/20254; H05K7/20272; H05K7/20872,,,2026
141-464-190-984-82X,HEAT EXCHANGER ASSEMBLY,"A heat exchanger assembly including a chassis having a housing defining an internal volume for a heat source to be cooled by a fluid. The housing includes a first housing portion configured to guide the fluid and including an upper inlet and a lower inlet connected by an inlet conduit, an upper outlet and a lower outlet connected by an outlet conduit, an external inlet communicated with the inlet conduit, and an external outlet communicated with the outlet conduit. The inlet conduit and the outlet conduit are fluidically isolated with respect to each other within the first housing portion.",H05K7/20,H05K7/20263; H05K7/20272,,,2026
056-999-361-632-555,ELECTRONIC DEVICE WITH PIVOTING MAGNETIC MOUNTING SYSTEM AND MAGNET SUPPORT BRACKET FOR USE THEREWITH,"An electronic device includes a housing defining a magnet attachment area, a bracket positioned in the magnet attachment area, and a magnet attached to the bracket. The bracket is configured to permit angular displacement of at least a portion thereof about an axis of rotation by no more than a predetermined displacement. The bracket may include a platform and a pair of spaced apart pivot arms. In such a case, the platform is configured to support the magnet and the pivot arms are attached to the platform at separate locations aligned along the axis of rotation. Alternatively, the bracket may include a platform, a pair of pivot arms, and a pin. The pivot arms may each define a respective pin aperture and be orthogonal to the platform and spaced apart such that the platform is positioned between them. The pin is positioned in the pin apertures of the pivot arms.",H05K5/02; F16M13/02,H05K5/0217; F16M13/022,,,2026
185-991-900-697-202,"ROUTING MEMBER, ELECTRICAL CONNECTION UNIT, AND METHOD FOR MANUFACTURING ROUTING MEMBER",A routing member includes a bus bar and a heat storage member. The heat storage member is attached to the bus bar by a fixing portion formed by crimping.,H01R25/16; H01R43/048; H01R43/16; H05K7/20,H01R25/161; H01R43/0482; H01R43/16; H05K7/2049,,,2026
039-694-394-877-360,Spulenersatzkomponente und Verfahren zur Verringerung einer Spulenbreite einer Bandspule,"Eine Spulenersatzkomponente, die mit einem Flanschabschnitt einer Bandspule austauschbar ist, welche einen Bandhalte-Schaftabschnitt, um den ein Trägerband gewickelt ist, und ein Paar von Flanschabschnitten aufweist, die mit dem Bandhalte-Schaftabschnitt integriert sind, sich in einer Scheibenform um den Bandhalte-Schaftabschnitt erstrecken und einander in einem Abstand in einer axialen Richtung gegenüberliegen, um das Trägerband aufzunehmen, weist einen Ersatzflanschabschnitt auf, der im Vergleich zu dem Flanschabschnitt eine höhere Steifigkeit aufweist, und einen fixierten Abschnitt, der an einem axialen Mittelabschnitt des Ersatzflanschabschnitts bereitgestellt und an dem Bandhalte-Schaftabschnitt befestigt ist.",H05K13/02,H05K13/02; B65H75/14; H10P95/00,068-085-157-220-70X,,2026
082-826-500-851-473,DISPLAY APPARATUS,,G06F1/16; H10K77/10; H10K102/00,G09F9/301; H05K1/0281; G06F1/1626; G06F1/1637; G06F1/1656; H10K77/111; H10K2102/311; H10K59/87; H10K77/111; C09J7/38; H10K59/1213; H10K59/32; H10K50/19; H10K50/11; H10K59/8791; H10K2102/311; H10K2102/311; H10K77/111; H10K59/8793; H10K59/871,,,2026
181-486-815-248-872,LIQUID IMMERSION COOLING SYSTEMS,Immersion cooling systems are disclosed. An example immersion cooling system includes an immersion tank including a cooling fluid and a reservoir to contain a recirculated portion of the cooling fluid. The reservoir is separated from the immersion tank by a height to generate a liquid surface height variance between the cooling fluid in the immersion tank and the cooling fluid in the reservoir. A supply conduit is to fluidly couple the immersion tank and the reservoir. The cooling fluid to be provided from the reservoir to the immersion tank via gravity.,H05K7/20,H05K7/20236; H05K7/20781,,,2026
180-859-117-097-440,COOLING UNIT HEAT RECOVERY,"An air cooling unit can include one or more heat exchangers in an air flow path, and one or more fans for moving air through the air cooling unit and through the one or more heat exchangers along the air flow path. The one or more heat exchangers can selectively recover heat from the air for use within a different part of a building housing the air cooling unit and/or for rejection outside of the building.",H05K7/20,H05K7/20745; H05K7/20836; H05K7/2079,,,2026
190-113-628-762-037,AUTOLACING FOOTWEAR MOTOR HAVING FORCE-DIRECTING SUPPORTS,,A43B3/00; A43C11/00,A43C11/165; A43B3/34; A43C11/165; A43B3/34; A43B3/40; G01D5/3473; H02P6/16; A43B3/34; G01D5/3473; A43C11/008; A43C11/165; B65H75/4486; B65H75/4484; A43B11/00; A43C1/04; A43C11/165; A43C1/06; B65H2403/40; A43C7/08; H05K2201/10121; B65H75/4486; B65H75/4484; A43B3/34; H05K5/02,,,2026
058-473-872-992-698,"PROTECTION CIRCUIT MODULE, METHOD OF MANUFACTURING SAME AND SECONDARY BATTERY INCLUDING SAME","A protection circuit module includes a substrate electrically connected to a battery cell, components in implementation regions on the substrate, a first insulating layer in regions other than the implementation regions on the substrate, a second insulating layer on the first insulating layer and separated from the components, and a coating layer on the first insulating layer and surrounding the components.",H05K3/28; H01M10/42,H05K2201/09909; H02J7/60; H01M10/425; H05K2201/10037; H05K3/28; H05K2203/0582; H05K2203/0588; H05K2201/0166; H05K3/284; H05K3/287; H01M2010/4271; H01M10/425; H02H7/18; H05K1/16; H05K3/4644; H05K2201/10037; H05K2203/013,,,2026
075-629-929-508-647,"RESIN, RESIN COMPOSITION, CURED PRODUCT, PREPREG, METAL FOIL-CLAD LAMINATE, RESIN COMPOSITE SHEET, PRINTED WIRING BOARD, AND SEMICONDUCTOR DEVICE",,C08G61/02; B32B15/08; B32B27/00; C08F283/00; C08F290/06; C08J5/24; H05K1/03,B32B15/08; B32B27/00; C08J5/24; H05K1/03; C08J5/244; C08J2371/12; H05K1/0353; C08F112/34; C08F299/00; C08F299/022; C08J5/24; B32B15/08; B32B27/00; H05K1/0353; C08F112/34; C08F299/022; C08J5/24; C08J2353/00,,,2026
106-340-904-162-243,"RESIN COMPOSITION, AND RESIN MOLDED BODY",,C08K3/04; C08K7/06; C08L23/12; H05K9/00,C08K7/06; C08K3/04; C08K2201/004; C08K2201/001; C08K2201/006; C08K2201/014; C08J5/042; H05K9/0047,,,2026
153-365-427-743-47X,ELECTRONIC DEVICE INCLUDING PRINTED CIRCUIT BOARD,,H04M1/02; H01Q1/24; H05K5/00,H04M1/0277; H04M1/0249; H01Q1/243; H04M1/0277; H04M1/0274; H05K7/1405; G06F1/1658; H05K1/181; H05K2201/10393; H05K2201/10522,,,2026
034-392-470-255-809,"HEAT-DISSIPATING MEMBER, ENERGY-STORAGE APPARATUS, AND ELECTRICITY-CONSUMPTION DEVICE",,H01M10/613; H01M10/655; H01M10/6554; H01M10/6556; H01M10/6568; H05K7/20,H01M10/613; H01M10/6556; H01M10/6568; H01M10/6554; Y02D10/00; H01M10/613; H01M10/6554; H01M10/6556; H01M10/6568; H05K7/20254; H01M10/655; H01M2220/10; H05K7/20; Y02E60/10; H01M10/6555; H01M10/6568; F28F1/022,,,2026
051-041-174-621-853,"SMART IC SUBSTRATE, SMART IC MODULE, AND IC CARD COMPRISING SAME","A smart IC substrate according to an embodiment includes a substrate including a first surface and a second surface opposite the first surface, and having first and second holes passing through the first surface and the second surface and spaced apart from each other in a horizontal direction; a bonding layer disposed on the first surface; a metal layer disposed on the bonding layer; a first plating layer disposed on one surface of the metal layer; a second plating layer and a third plating layer disposed on another surface of the metal layer, wherein the second plating layer overlaps the first hole, the third plating layer overlaps the second hole, and the third plating layer has a thickness greater than that of the second plating layer.",G06K19/077; H05K1/18,H05K1/18; G06K19/077; G06K19/077; G06K19/07722; G06K19/07743; G06K19/07749; H05K1/182,,,2026
082-525-707-705-44X,ELECTRONIC DEVICE COMPRISING THERMAL INTERFACE MATERIAL HAVING PHASE CHANGE MATERIAL,,H05K7/20; C09K5/02; H04M1/02; H05K9/00,H05K7/20445; H05K9/0032; C09K5/02; H04M1/02; H10W40/735; H10W40/70; H10W42/20; H10W90/00; G06F1/203; G06F1/1656; G06F1/1626; G06F1/1652; G06F1/1681; G06F1/1658; H05K9/0032; H05K7/20445; H10W42/20; H10W40/22,,,2026
150-509-979-407-790,"METHOD FOR ASSEMBLING A CARTRIDGE FOR A SMOKING ARTICLE, AND ASSOCIATED SYSTEM AND APPARATUS",,A24F40/70; A24F40/10; A24F40/42,B65G35/00; B23P21/00; A24F40/70; A24F40/40; A24F47/00; B23P19/001; B23P19/008; B23P19/04; B65G47/82; B65G47/914; B23P19/027; B23P21/004; B23P19/001; B23P19/002; A24F40/10; A24F40/42; A24F40/70; B23P19/027; B23P21/004; B23P19/001; H05K13/0404; Y10T29/53191; A24F40/10; A24F40/42; A24F40/70; B23P19/002; B23P19/10,,,2026
033-003-482-024-014,LOUDSPEAKER ASSEMBLY AND WEARABLE ELECTRONIC DEVICE,,H04R9/06; G10K9/13; G10K11/172,H04R1/105; H04R1/1058; H04R2201/10; H04R1/10; H04R9/06; G02C11/10; G02B27/0176; H04R2460/13; H04R1/1016; H04R1/1075; H04R1/1033; H04R1/1066; H04R25/606; H04R1/105; H04R1/1041; G06F1/163; H04R3/005; H04R1/326; H04R2201/10; H04R7/18; H04R1/245; H04R1/025; H04R1/1091; H04R1/086; H04R3/12; H04R7/12; H04R1/1058; H04R1/08; H04R2420/09; H04R1/24; H04R1/02; H04R2499/15; H04R1/06; H04R1/26; H04R2460/11; H04R9/025; H04R9/02; H04R9/046; H04R9/045; H04R2410/01; H04R2209/022; H04R1/1025; H04R2410/07; H04R1/1008; H04R1/1083; H04R1/406; H04R5/0335; H04R2201/107; H04R1/342; H04R2499/11; H04R5/033; H04R1/46; H04R9/066; H04R11/02; H04R1/10; H04R1/02; H04R9/02; H04R9/06; G11C11/10; G10K9/13; G10K11/172; H04R2201/10; H05K5/006; H04R1/1041; H04R1/105; H04R1/1066; H04R1/1075; H04R2460/13; H04R1/086; H04R1/1091; H04R1/24; H04R1/26; H04R3/12; H04R1/1083; H04R9/025; H04R9/06; H04R2460/11; H04R1/1008; H04R1/08; H04R2410/07; H04R2209/022; H04R2499/15; H04R9/045; H04R9/046; G10L13/02; H04R1/245; H04R1/406; H04R3/005; H04R2410/01; H04R7/12; H04R7/18; H04R1/10; H04R1/025; H04R1/06; H04R1/1025; H04R1/1058; H04R2420/09; H04R1/02,,,2026
070-110-697-598-539,A PORTABLE RACK,,H05K7/14,H05K7/1425; H05K5/04; H05K5/0217; H05K5/023; H05K5/0234; H05K7/14; H02B1/46; H02B1/32; H01R13/62; H02B1/48; H02B1/26; H02B1/52; H02B1/012; H02B1/30; H02B1/303; H02B1/34,,,2026
199-185-240-842-647,THERMAL REGULATION DEVICE FOR ELECTRONIC SYSTEM,,H05K7/20,H05K7/20927; H01M10/625; H01M10/6557; H01M10/6568,,,2026
197-125-832-356-32X,ELECTROMAGNETIC WAVE SHIELDING MATERIAL,An electromagnetic wave shielding material (1) according to the present disclosure includes: magnetic layer (30) including a magnetic material; and conductive meshes (20) disposed on both surfaces of the magnetic layer (30).,H05K9/00; B32B7/025; H01F1/10; H01F1/34,H05K9/00; B32B7/025; H01F1/34; H01F1/10,,,2026
117-216-879-884-009,ELECTRONIC DEVICE,"An electronic device is provided. The electronic device includes a device housing and an electronic component. The device housing includes a plurality of first ribs and a plurality of second ribs. The first ribs are arranged on a first plane. The second ribs are arranged on a second plane, which is parallel to the first plane. At least one first heat dissipation opening is formed between the first ribs, and at least one second heat dissipation opening is formed between the second ribs. On a projection plane parallel to the first plane, at least a portion of the second ribs are staggered with at least a portion of the first ribs. The electronic component is located inside the device housing, and the first and second ribs provide visual obstruction for the electronic component.",G06F1/20; H05K5/02,G06F1/20; H05K5/0213; H05K7/20127,,,2026
102-681-400-828-742,HIGHLY THERMALLY CONDUCTIVE HYBRID THERMAL INTERFACE MATERIAL,,H01L23/42; H01L23/373; H01L23/367,C09K5/14; H05K7/20463; H05K7/20409; C09K5/14,,,2026
049-247-650-125-298,HEAT EXCHANGER FOR POWER ELECTRONICS,,H05K7/20; F25B39/02; F28D9/00; F28D15/02; F28D21/00; F28F3/12,H05K7/20936; H05K7/203; H05K7/20354; F25B1/00; F28D2021/0029; H05K7/20309; H05K7/20936; F28F3/12; F28D15/0266; F25B39/02; F28D2015/0216; F28D2021/0071; H10W40/73; F25B5/02; F25B39/00; F25B39/024; F25B2400/0411; H05K7/20263; H05K7/20272; H05K7/20927,,,2026
031-628-394-808-342,A COOLING DEVICE AND PCB HOUSING INCORPORATING SAME,"A cooling device (11), comprised of an extruded aluminium profile, has a plurality of longitudinal channels (17) formed therethrough by the extrusion process. The device may serve as an outer wall/lid for a PCB housing (10). The profile (11) includes internally facing projections (18b), e.g. by making impressions (18a) into the opposite surface, located coincident with the channels. The configuration enables contact with electronic components of varying height from a circuit board (14). In use, liquid coolant passing through the channels (17), behind the projections (18b), transfers heat away from electronic components (19) of the PCB (14).",H05K7/20,H05K7/20254; H05K7/20872; H05K7/20254,,,2026
131-587-336-052-791,ELECTRONIC DEVICE AND METHOD FOR COOLING ELECTRONIC ELEMENT,"The present invention provides an electronic device and a method for cooling an electronic element capable of reducing environmental burden. The electronic device comprises an electronic element for performing electronic processing and a cooling liquid for cooling the electronic element by immersing the electronic element therein, wherein the cooling liquid is water that has been transitioned from a state at a temperature exceeding a critical temperature and a pressure exceeding a critical pressure to a state at normal temperature and normal pressure.",H05K7/20,H05K7/20; H10W40/30,,,2026
101-306-380-672-89X,ELECTRONIC DEVICE ASSEMBLY,,H01R13/621; G02B27/01; H01R13/74; H01R24/60; H04M1/02,G02B27/0176; H05K5/0247; H05K5/0217; H01R13/6215; H04M1/0274; G02B27/0176; H01R13/748; H01R24/60; G02B27/0176; G06F3/011; H01R13/6215; H01R13/639; H01R2201/00,,,2026
179-662-607-164-568,OUTDOOR LED DISPLAY SCREEN,,G09F9/33; G09F9/302; H05K5/02,G09F9/33; G09F9/3026; G09F19/22; G09F9/33; H05K5/0204; H05K5/0247,,,2026
126-657-787-756-181,PASTE CIRCUIT AND WEARABLE DEVICE,,H05K1/03; C09J7/38; C09J175/04,H05K1/03; C09J7/38; C08G18/12; C08G18/246; C08G18/73; C08G18/4812; C08G18/4837; C09J175/08; H05K1/0393; H05K1/14; H05K1/02; C09J175/08,,,2026
019-983-678-800-272,ELECTROMAGNETICALLY SHIELDED HEALTHCARE SERVICES COMPARTMENT,,H05K9/00; B60P3/32; B62D61/10; E04H3/08; G01R33/421,E04H3/08; G01R33/421; B62D33/046; G01R33/3802; G01R33/422; E04H1/1205; H05K9/0001; A61G3/001; A61G3/008,,,2026
069-944-282-621-413,AN LED LIGHTING DEVICE,,H05K1/02; H05K1/14; H05K3/36,H05K1/0209; H05K1/142; H05K2201/10106; H10H20/857; H10W90/00; H05K1/0209; H05K1/142; H05K2201/09781; H05K2201/10106; F21Y2103/10; F21Y2115/10; H05B45/30; H10H20/857; H10W90/00; H05K1/142; F21Y2115/10; F21Y2103/10; H05K1/0209; H05K2201/09781; H05K2201/10106; H10H20/857; H10W90/00; F21V29/70; F21V23/023; H05K1/0209; H05K1/142; H05K2201/09781; H05K2201/10106; F21Y2103/10; F21Y2115/10; H05B45/30; H10H20/856; H10H29/142; H10H20/857; H10W90/00,,,2026
051-823-188-070-331,"METHOD FOR MANUFACTURING GLASS SUBSTRATE HAVING CONDUCTIVE VIA, METAL PASTE FOR FORMING THROUGH-GLASS VIA, AND GLASS SUBSTRATE HAVING CONDUCTIVE VIA",,H05K3/40; H05K1/03; H05K1/09; H05K1/11,H05K3/4061; H05K2201/0347; H05K1/097; H05K1/0306; H05K1/092; H05K1/115; H05K2201/0245; H05K2201/0257; H05K2203/1126; H05K2203/0139,,,2026
118-781-210-879-820,WEIGHT OPTIMIZED STIFFENER AND SEALING STRUCTURE FOR DIRECT LIQUID COOLED MODULES,,H05K7/20,H10W95/00; H10W78/00; H10W40/235; H10W40/60; H10W40/611; H10W40/47; H05K7/20; H10W76/12; H10W76/40; H10W40/10; H10W40/22; H10W40/611; H10W40/47; H10W42/121; H10W90/00; H10W42/121; H10W40/47; H10W76/40,,,2026
091-612-691-136-183,DATA CENTER RACK WITH INTEGRATED MANIFOLD AND POWER DISTRIBUTION,"A data center rack integrates power and/or fluid coolant distribution to servers, switches and other information technology (IT) devices within the rack via power distribution units (PDU) and rack manifolds integrated into the support columns of the rack structure. For example, the integrated PDUs are connectible to a power source via connection ports on an exterior surface of the rack, the PDU configurable within the rack to maximize available space and minimize the need for additional power cabling. Similarly, the integrated rack manifold is connectable to a coolant supply device or system via external manifold connection ports and provides integrated coolant tubing for thermal management of IT devices mounted within the rack. By optimizing the available airspace within the interior cavity of the rack, the integrated power and manifold systems facilitate heat dissipation and routine maintenance.",H04Q1/02; H05K7/14,H05K7/1492; H04Q1/09,,,2026
104-880-071-034-785,SYSTEM FOR SUPERCONDUCTING ELECTRONICS IN AEROSPACE APPLICATIONS,,B64D27/34; B64D33/08,B64D33/08; B64D2221/00; B64D27/34; B64D33/08; B64D2221/00; H05K7/20372; B64D27/34,,,2026
079-944-885-244-269,ELECTRONICS TESTER,"The invention provides a tester apparatus comprising a voltage targeting system, a holder for holding a plurality of electronic devices in at least first and second clusters, at least one voltage source connectable to the electronic devices of the first cluster to provide a first test voltage to the electronic devices of the first cluster in parallel and connectable to the electronic devices of the second cluster to provide a first test voltage to the electronic devices of the second cluster in parallel, at least one current detector connectable to the devices of the first cluster to measure a first test current from the devices of the first cluster, the first test current from the devices of the first cluster that is measured by the current detector being a total current of the devices of the first cluster in parallel, and connectable to the devices of the second cluster to measure a first test current from the devices of the second cluster, the first test current that is measured by the current detector from the devices of the second cluster being a total current of the devices of the second cluster in parallel, wherein the voltage targeting system carries out a first comparison by comparing the first test current from the devices of the first cluster that is measured with a target current, a first voltage adjuster that adjusts the first test voltage to a second test voltage for the first cluster in response to the first comparison so that the first test current from the devices of the first cluster is adjusted to a second test current that is closer to the target current,wherein the voltage targeting system carries out a second comparison by comparing the first test current from the devices of the second cluster that is measured with a target current, and a second voltage adjuster that adjusts the first test voltage to a second test voltage for the second cluster in response to the second comparison so that the first test current from the devices of the second cluster is adjusted closer to a second test current that is closer to the target current.",G01R31/28; G01R1/02; G01R1/04; G01R31/26,G01R31/2808; G01R31/2893; G01R1/0416; G01R1/0458; H05K7/1402; H05K7/1412; H05K7/1417; H10P72/7616; G01R31/2867; G01R31/2874; G01R1/0491; G01R31/2893; G01R31/2894; G01R1/0458; G01R1/0483; G01R1/0466; G01R31/2601; G01R31/2642; G01R31/2635; G01R31/2893; G01R31/2865; H05K7/1402; H05K7/1412; H05K7/1417; H10P72/76; G01R31/2808; G01R31/2817; G01R31/2808; H05K7/1412; H05K7/1402; H05K7/1417; G01R31/2893; H10P72/76,,,2026
121-561-788-702-670,ROTATING SHAFT MECHANISM AND ELECTRONIC DEVICE,,F16C11/04; G06F1/16; G09F9/30; H05K5/02,F16C11/04; G06F1/16; G09F9/30; H05K5/02; G06F1/1681; G06F1/1652; G06F1/1616; G06F1/1618; G06F1/1641; H05K5/0226; H04M1/0268; H04M1/022; H04M1/0247; F16C11/04; H05K5/0226,,,2026
017-372-839-785-507,LIQUID COOLED PROCESSING SYSTEM WITH REPLACEABLE MODULES,"Modular processing systems are provided. In one aspect, a modular processing system includes a first electronics module including a first printed circuit board (PCB) and a first electronic component on the first PCB, a second electronics module including a second PCB and a second electronic component on the second PCB, and a cold plate arranged between the first electronics module and the second electronics module. The cold plate is configured to circulate a coolant to cool the first PCB and the second PCB. At least a portion of the cold plate is included in the first electronics module. The first electronics module is removably secured to the second electronics module.",H05K5/00; H05K7/20,H05K7/20254; H05K7/20872; H05K5/0065; G06F1/20; H05K7/20254; H05K7/20872,,,2026
140-787-792-785-932,ELECTRONIC DEVICE COMPRISING DUAL DISPLAY,,G06F1/16; H04M1/02,H04M1/0214; H04M1/0262; H04M1/0268; H04M1/0277; G06F1/1616; G06F1/1618; G06F1/1635; G06F1/1637; G06F1/1641; G06F1/1647; G06F1/1652; G06F1/1681; H05K1/189; H05K5/0226; H04M2250/16; G06F1/1652; G06F1/1641; G06F1/1681; G06F1/1637; G06F1/1635; H04M1/0268; G06F1/1647; H04M1/0214; H04M2250/16; H04M1/0277; H04M1/0262; G06F1/1616; G06F1/1647; G06F1/1652; G06F1/1681; G06F1/1618; G06F1/1647; G06F1/1652; G06F1/1681; H05K1/189; H05K5/0226; H04M1/0268,,,2026
147-540-000-178-692,ELECTRONIC DEVICE COMPRISING ANTENNA,,H01Q7/06; H01Q1/24; H01Q1/38; H04B5/26; H04B5/43; H04B5/79; H04M1/02; H05K1/14; H05K1/18; H05K3/36,H04B5/26; H04B5/79; H04B5/43; H04M1/0216; H04M1/026; H04M1/0262; H04M1/0277; H05K1/189; H05K1/147; H05K1/148; H05K2201/10098; H01Q7/06; H01Q1/38; H01Q1/243; H01Q1/243; H01Q1/38; H01Q1/02; H01Q1/526; H04B5/26; H04B5/43; H04M1/026,,,2026
050-708-144-890-311,DISPLAY DEVICE,,G06F1/16,G06F1/1601; G06F1/1652; G06F2200/1612; H10K2102/311; H10K77/111; H05K5/0217,,,2026
110-706-726-774-738,"RESIN COMPOSITION, PREPREG, LAMINATED PLATE, PRINTED WIRING BOARD, AND SEMICONDUCTOR PACKAGE","The present invention relates to a resin composition containing (A) a siloxane-modified maleimide resin, (B) a conjugated diene-based polymer, and (C) a phosphorus-based flame retardant, and a prepreg, a laminated plate, a printed wiring board, and a semiconductor package using the resin composition.",C08L79/00; B32B15/08; B32B27/00; B32B27/18; C08J5/24; C08K5/5399; C08L9/00; C08L63/00; H05K1/03,B32B15/08; B32B27/00; B32B27/18; C08J5/24; C08K5/5399; C08L9/00; C08L63/00; C08L79/00; H05K1/03; C08L79/085; C08L9/00; C08L63/00; C08K5/5399; C08J5/244; B32B15/08; B32B27/281; B32B27/30; H05K1/03,,,2026
052-773-665-671-169,MICRO-SIZED METAMATERIAL ABSORBERS,"In some implementations, a metamaterial absorber (MMA) is configured to absorb a particular range of electromagnetic radiation. The MMA includes a first metal or semiconductor material; a dielectric material disposed on the first metal or semiconductor material; and a second metal material disposed on the dielectric material. A length dimension associated with the MMA is less than or equal to 200 micrometers (µm), a width dimension associated with the MMA is less than or equal to 200 µm, and a thickness dimension associated with the MMA is less than or equal to 8 µm.",H01Q15/00,H05K9/0081; H01Q17/008; H01Q15/0086; H05K9/0083; H01Q17/002; G02B1/002; G02B5/003,,,2026
134-472-843-514-136,FLEXIBLE CIRCUIT BOARD AND ELECTRONIC DEVICE,,H05K1/02; G06F1/16; H04M1/02; H05K1/11; H05K1/14; H05K1/189; H05K3/46,H05K1/0298; H05K1/02; H05K1/0298; H05K1/028; H04M1/0277; H05K2201/10189; H05K1/118; H05K1/189; H05K3/4635; H05K2203/0522; H05K2203/061; H05K3/4697; G06F1/1683; H04M1/0216; H05K1/147; H04M1/0274,,,2026
139-859-300-909-092,"RESIN COMPOSITION, PREPREG, LAMINATE, RESIN FILM, PRINTED WIRING BOARD, AND SEMICONDUCTOR PACKAGE","The present invention relates to: a resin composition containing (A) a thermosetting resin, (B) one or more selected from the group consisting of a conjugated diene polymer and its derivative, having 2 or more of a functional group including an ethylenically unsaturated bond, and (C) an inorganic filler whose surface is treated with a silane coupling agent having a functional group including an ethylenically unsaturated bond; and a prepreg, a laminate, a resin film, a printed wiring board, and a semiconductor package, all of which use the said resin composition.",C08L101/00; B32B15/08; B32B27/00; C08J5/24; C08K3/013; C08K9/06; C08L9/00; C08L79/08; H05K1/03,B32B15/08; B32B27/00; C08J5/24; C08K3/013; C08K9/06; C08L9/00; C08L79/08; C08L101/00; H05K1/03; C08L79/085; C08L15/00; C08L53/025; C08K9/06; C08K3/013; C08K3/36; C08J5/24; C08J5/18; H05K1/0373,,,2026
112-738-623-044-344,PROTRUSIONS OF SOCKET BODIES HAVING METAL,"Protrusions of socket bodies having metal are disclosed. An example apparatus comprises a socket body, the socket body including a plastic material, an array of contacts distributed across a surface of the socket body, and a protrusion extending away from the surface of the socket body, the protrusion to facilitate alignment of an IC package with the array of contacts, the protrusion including metal.",H05K7/10,H05K7/1061; H05K7/10; H01R13/405; H01R13/11; H01R12/57,,,2026
060-223-295-526-194,RESTRICTING DEVICE FOR FLEXIBLE WIRING BOARD AND DISPLAY DEVICE USING THE RESTRICTING DEVICE,,G02F1/1333; G02F1/1345; H05K5/02,G09F9/301; G09F9/35; G09F9/335; G02F1/1333; H05K1/028; H05K1/118; H05K1/147; G02F1/13452; G02F1/133325; G02F1/133308; G02F2201/465; H05K5/0018; H01R12/79; H05K1/189; H05K2201/056,,,2026
093-016-170-893-826,PROTECTION CIRCUIT MODULE AND BATTERY PACK INCLUDING THE SAME,"A protection circuit module includes: a protection circuit board electrically connected to an electrode tab protruding from one surface of a bare cell, and including a molding member covering one surface of the protection circuit board; a printed circuit board (PCB) on another surface of the protection circuit board opposite to the one surface; and a first spacer coupled with one end of the protection circuit board with respect to a longitudinal direction of the protection circuit board. The protection circuit board includes a first coupling portion coupled with the first spacer, and the first spacer includes a second coupling portion corresponding to the first coupling portion.",H01M10/42; H01M50/105; H01M50/284; H05K1/181,H01M10/425; H01M2200/00; H01M50/105; H05K1/181; H01M50/284; H05K2201/10037; H05K2201/209; H05K1/189,,,2026
107-938-212-323-58X,"BATTERY HEAT-DISSIPATION PROCESSING METHOD, ELECTRONIC DEVICE, AND STORAGE MEDIUM",,H01M10/6569; H01M10/613; H01M10/627; H01M10/633; H01M10/6568,H01M10/613; H01M10/627; H01M10/635; H01M10/6567; Y02E60/10; H01M10/613; H01M10/627; H01M10/633; H01M10/6569; H01M10/6568; H01M10/613; H01M10/63; H01M10/486; H05K7/20327; H05K7/20318,,,2026
125-476-663-746-505,ROLLABLE ELECTRONIC DEVICE COMPRISING RACK GEAR,,G06F1/16; F16H19/04; G06F1/20; G09F9/30; H04M1/02,G06F1/1624; G06F1/1652; G06F1/1677; F16H19/04; G09F9/30; H04M1/0268; H05K5/0217,,,2026
014-430-144-989-304,ELECTRONIC DEVICE COMPRISING HINGE DEVICE,,G06F1/16; E05D3/12; G06F3/041; H04M1/02,G06F1/1616; G06F1/1681; H04M1/022; E05D3/122; G06F1/1679; H04M1/0268; G06F1/1681; G06F1/1616; G06F3/0416; H05K5/0018; H05K5/0226,,,2026
034-252-882-360-352,RESIN COMPOSITION,,H01F1/26; H01F41/04; H05K1/09; H05K1/16,H01F1/26; H05K1/165; H01F41/041; H05K1/0373; H05K2201/083; H05K2201/086; H05K3/4688; H05K2201/09481; H05K2201/0959; H05K2203/025; H05K3/427; H05K3/4676; C08K3/08; C08L63/00,,,2026
043-905-009-053-683,ELECTRONIC DEVICE MOUNTED ON VEHICLE AND OPERATING METHOD THEREOF,,H05K7/20; H04B1/036; H04B1/3822; H04W4/02; H04W4/40; H04W88/06,H04B1/036; H04B1/3822; H05K7/20863; H05K7/20209; H05K7/20172; H04W4/40; H04W4/025; H04W88/06; H04B1/036; H04B1/3822,,,2026
031-121-960-412-332,A CARRIER TAPE FOR ACCOMMODATING A PLURALITY OF SEMICONDUCTOR PACKAGES AND A METHOD OF FORMING ONE,"The present disclosure proposes a carrier tape for accommodating a plurality of dual in-line semiconductor packages. The carrier tape is formed of a flexible elongated tape having a first elongated tape side and a second elongated tape side oriented parallel to the first elongated tape side. One single elongated recess is provided between and extending along both elongated tape sides. Additionally, the carrier tape comprises a plurality of spacing elements present within the single elongated recess, which spacing elements orient - during use - the plurality of dual in-line semiconductor packages within the single elongated recess in a side-by-side manner, such that at least one lead terminal of a first semiconductor package interleaves with lead terminals of a neighboring semiconductor package.",H05K13/00,H05K13/0084; B65D73/02,,,2026
040-823-092-844-348,ASSEMBLY FOR ELECTRO-MAGNETIC INTERFERENCE SHIELDING AND METHOD,,H05K1/02; H05K1/03; H05K1/18; H05K3/00; H05K3/28,H05K1/0218; H05K1/0393; H05K1/183; H05K3/005; H05K3/28; H05K2201/0715; H05K2201/10128; H05K2201/1056; H05K1/023; H05K1/028; H05K1/183; H05K3/005; H05K2201/0715; H05K2201/10128,,,2026
068-890-977-712-066,COOLANT SUPPLY ASSEMBLY,,H05K7/20; F25D17/02,H05K7/20272; H05K7/20236; B01D35/26; B01D35/02; B01D29/114; B01D29/56; B01D29/605; B01D29/606; B01D29/608; B01D35/1475; B01D35/26; B01D35/306; B01D36/003; B01D2201/16; B01D2201/4092; H05K7/203; H05K7/20309; H05K7/20327,,,2026
197-391-741-626-488,A METHOD FOR COOLING HEAT GENERATING POWER ELECTRONICS AND A COOLING DEVICE,,H05K7/20,H05K7/20927; H05K7/20254; H10W40/611; H10W40/47; H05K7/20927; H10W40/47; H10W40/60; H10W40/611,,,2026
109-718-728-104-503,SERVER HEAT DISSIPATION CONTROL DEVICE AND SERVER HEAT DISSIPATION CONTROL METHOD,,G06F1/20; G06F1/18; H05K7/20,G06F1/20; G06F1/181; G06F2200/202; G06F2200/201; Y02D10/00; G06F1/181; G06F1/20; G06F2200/201; H05K7/203; H05K7/20818; H05K7/20327; G06F1/20; G06F1/181; G06F2200/202; G06F2200/201; Y02D10/00; G06F1/20; H05K7/203; H05K7/20318; H05K7/20327; H05K7/20818; H05K7/20836,,,2026
091-912-882-289-814,FOLDABLE ELECTRONIC DEVICE INCLUDING DISPLAY PROTECTION STRUCTURE,"A portable communication device comprises a housing including a first housing portion and a second housing portion. The device further comprises a hinge module connected with the first housing portion and the second housing portion, and a flexible display accommodated in the first housing portion and the second housing portion.The flexible display comprises a display panel, a window cover disposed over a first surface of the display panel, and a conductive sheet disposed under a second surface of the display panel such that, when the portable communication device is fully unfolded, an edge of the conductive sheet is protruded outwardly beyond the edge of the display panel toward the inner surface of the side wall of the corresponding housing portion.",G09F9/30,G06F1/1652; G06F1/1643; G06F1/1681; G06F1/1647; G06F1/1652; G06F1/1681; G06F1/1637; G06F1/1641; G06F1/1656; G06F1/1652; G06F1/1681; G06F2200/1635; H04M1/0214; H04M1/0268; H04M1/0249; H04M1/0277; G06F1/1618; G06F1/1652; G06F1/1681; G06F2200/1612; H05K5/0226; H05K5/03; G06F1/1643,,,2026
122-708-043-437-163,SEMICONDUCTOR TRANSFORMER AND MODULAR HIGH-VOLTAGE POWER DEVICE,,H02M3/00; H01F27/02; H01F27/40; H02M3/335; H02M5/10,H02M1/007; H02M1/0074; H02M1/0095; H02M3/33573; H02M3/33584; H02M3/33571; H02M3/285; H02M7/487; H02M7/003; H02M3/003; H05K7/14339; H05K7/14325; H01F27/02; H01F27/402; H02M5/10; H02M7/003; H02M1/0067; H01F27/02; H05K7/14325; H05K7/14322; H02M7/003,,,2026
168-855-163-630-469,ELECTRONIC DEVICE COMPRISING COMMUNICATION CIRCUIT AND CONNECTOR,,H04M1/02; H01M10/46; H01M50/249; H01R12/71; H02J7/00,H04M1/0277; H04M1/0262; H01M50/247; H01M10/425; H01M2010/4271; H01M10/48; H04B17/14; H05K5/0069; H05K5/0086,,,2026
102-008-580-539-015,NOISE FILTER,,H01F27/29; H01F27/06,H01F27/29; H01F2027/065; H03H7/06; H05K1/181; H05K2201/1003; H05K2201/1006; H03H1/0007,,,2026
098-282-536-091-726,"PRINTED CIRCUIT BOARD, MANUFACTURING METHOD THEREFOR, AND BATTERY PACK COMPRISING SAME",,H05K3/32; H01R43/02; H05K3/40,Y02E60/10; H05K3/328; H05K2201/1028; H05K2201/1031; H05K2201/091; H05K2201/0394; H05K2201/0382; H05K3/4015; H05K2201/10946; H05K2201/10037; H05K2203/1189; H05K3/4084; H05K3/328; H05K1/09; H05K3/28; H01M50/284; H01M10/425; H01M2010/4271; H05K1/09; H05K2201/0355; H05K2201/10037; H05K2201/2081; H05K3/4652; H01M10/0525; H05K3/205; H05K1/0271; H05K1/185,,,2026
069-846-961-590-832,"IMAGE DISPLAY METHOD AND APPARATUS, AND ELECTRONIC DEVICE",,G06F3/01; G06F3/0346; G06T5/50; G06T11/00; G06T19/00,G06T5/50; G06T19/006; G06T2207/20221; H05K3/0026; H05K3/12; H05K3/1208; H05K2203/107; G06T5/50; G06T2207/20221; G06F3/011; G06F3/0346; G06T11/00; G06T7/74; G06T7/97; G06T11/00; G06T2207/10012; G06T2207/20221,,,2026
019-929-714-407-316,DISPLAY SUBSTRATE AND DISPLAY APPARATUS,"A display substrate includes a display area, a barrier wall disposing area, and a hole area, the display area surrounds the barrier wall disposing area, the barrier wall disposing area surrounds the hole area, and the method for manufacturing the display substrate includes: after a first electrode of a light emitting device of the display substrate is formed, removing a protective layer of the barrier wall disposing area, and exposing at least one circle of an initial barrier wall covered by the protective layer, the initial barrier wall is disposed around the hole area; and etching the at least one circle of the initial barrier wall, to form at least one circle of a barrier wall, a notch is formed on at least one side surface of the barrier wall.",H10K59/121,H10K59/8723; H10K59/1213; H10K59/65; H10K59/1201; H10K71/00; H10K59/873; H10K59/121; H10K59/1201; H10K59/65; H10K71/00; H10K50/844; H05K5/02; H10K59/873,,,2026
123-289-898-951-742,RESILIENT PRINTED CIRCUIT BOARD RETENTION ARRANGEMENT,,H05K7/14,H05K7/14; H02P9/02; H02P29/00; F02B37/12; H05K7/1417; H05K7/1432; Y02T10/12; H05K3/301; H05K7/1405; H05K7/142,,,2026
171-828-104-029-272,MAGNETIC SHIELD FOR MEDICAL DEVICES,,A61M25/01,A61M5/3202; A61M5/329; A61M25/065; A61B17/3403; A61M25/002; A61M5/427; A61M25/0612; A61M25/0606; A61M25/0127; A61M5/158; H05K9/0075; A61B2017/00876; A61M2005/1585; A61M2205/0288; A61M2205/0272; A61B2017/3413; A61B17/3403; A61M5/3202; A61M25/0606; A61B2017/00876; A61M2205/0272; A61B2090/3954; A61M25/0127; A61M25/0612; A61M5/329; A61B17/3403; A61M5/158; A61M5/1626; A61M5/3202; A61M5/427; A61M25/002; A61M25/0127; A61M25/0606; A61M25/0612; A61M25/065; A61B2017/00876; A61B2017/3413; A61M2005/1585; A61M2205/0288; A61M2205/0272; A61B2090/3954; A61M25/0606; A61B17/3403; A61M2205/0272; A61M5/3202; A61B2017/00876; A61M5/158; A61M5/1626; A61M25/0127; A61M25/0612; A61M25/065; A61M2005/1585; A61M2205/0288,,,2026
009-370-658-760-707,SYSTEMS AND METHODS FOR MAGNETIC PUMPING IN THERMAL MANAGEMENT DEVICES,,H05K7/20; G06F1/20,H05K7/20272; G06F1/20; H10W40/47; H05K7/20236; H05K7/20263; H05K7/20272; H05K7/203; H05K7/20327,,,2026
109-114-901-618-392,AN OUTDOOR UNIT OF AIR CONDITIONER,"An outdoor unit of an air conditioner according to the present embodiment includes a case forming an outside air inlet; a barrier partitioning an inside of the case into a heat exchange space and an electric space; a heat exchanger disposed in the heat exchange space; a fan disposed in the heat exchange space; a compressor disposed in the electric space; and a control box assembly disposed in the electric space, in which the control box assembly may include a control box connected to the outside air inlet and having electric components disposed therein; and a heat dissipation duct connected to an inside of the control box and extending from one side of the control box to the barrier, and the air introduced through the outside air inlet may be discharged to the heat exchange space after passing through the control box and the heat dissipation duct.",F24F1/24; F24F1/22; F24F1/46; F24F11/36,F24F1/24; F24F1/22; F24F11/89; F24F1/56; H05K9/00; F24F1/24; F24F1/22; F24F1/46; F24F11/36; F24F1/22; F24F1/24; F24F1/48; F24F1/56; H05K7/20136; F24F1/24,,,2026
032-733-540-977-920,"THIN AND UNIFORM SILVER NANOWIRES, METHOD OF SYNTHESIS AND TRANSPARENT CONDUCTIVE FILMS FORMED FROM THE NANOWIRES",,H01B1/02; B22F9/16; B22F9/18; B22F9/24; C09D11/52; H01B1/22; H05K1/09,H01B5/14; B82Y30/00; H01B1/22; H01B5/02; H01B13/012; B82Y40/00; B82Y30/00; B82Y40/00; H01B1/22; H01B1/02; H01B1/02; H01B5/14; H01B13/0006; H01B13/0016; B82Y30/00; B82Y40/00; H01B1/02; H01B13/0006; H01B13/0016; B82Y40/00; H05K2201/026; B82Y35/00; H01B5/00,,,2026
134-719-895-524-901,LAMINATED FILM STRUCTURE AND METHOD FOR MANUFACTURING LAMINATED FILM STRUCTURE,,C23C18/18; C23C18/12; C23C18/16; C23C18/32; C23C22/34; C23C28/00; C25D5/50; H05K3/02; H05K3/18; H05K3/42,C23C18/2086; C23C18/1893; C23C18/1844; C23C18/405; C23C18/36; C23C18/1651; C23C28/00; C23C28/30; C23C28/32; C23C28/34; C23C28/345; C23C18/1653; C23C22/34; C23C18/1216; C23C18/1295; C23C18/1893; C25D5/50; C23C18/32; H05K3/422; H05K3/426; H05K3/427; H05K2203/0716; H05K2203/072; H05K2203/0723; H05K3/022; H05K3/181; H05K3/188; C23C18/1216; C23C18/1245; C23C18/1295; C23C18/04; C23C18/1841; C23C18/1651; C23C18/34; C23C18/40; C23C18/1653; H05K3/181; C23C28/322; H05K3/022; H05K3/422; H05K3/426; H05K3/427; H05K2203/0716; H05K2203/072; H05K2203/0723; Y10T428/12611,,,2026
131-531-082-197-145,"METHOD, SYSTEM AND APPARATUS FOR COMMUNICATION FOR GEOLOCATION DEVICES",,H04W4/80; G01S5/00; G01S19/13; H04W4/38,H04B1/088; H01M50/00; H04W4/80; G01S19/35; G01S19/14; G01S5/0009; G01S19/48; G01S19/35; H05K5/0086; G01S19/37; H01M50/00; H04B1/088; G01S19/485; G01S19/03; G01S19/48; G01S19/49; H04W64/00,,,2026
126-393-233-210-21X,MODULAR MULTILEVEL CONVERTER WITH IMPROVED COOLING,,H05K7/20; H02M7/483,H05K7/20936; H02M7/003; H05K7/14325; H05K7/20918,,,2026
195-997-221-111-310,FLEXIBLE MOUNTING STRUCTURES FOR SURFACE MOUNT COMPONENTS,"In one embodiment, an apparatus includes a circuit board (e.g., a motherboard) having conductive contacts that are integral with and extend away from a first metal layer of the circuit board. The contacts may extend away from the circuit board at an angle less than 90 degrees (e.g., less than 45 degrees in some embodiments). The contacts may include flat surfaces that are elevated away from and generally parallel with the upper surface of the circuit board.",H05K3/40; H05K1/11; H05K1/181; H05K3/325,H05K2201/2045; H05K2201/10015; H05K2201/0311; H05K3/4092; H05K2201/0382; H05K2201/0367; H05K2201/0397; H05K1/181; H05K2201/10772; H05K3/326; H05K2201/09081; H05K1/119,,,2026
026-038-986-525-062,"SYSTEM, APPARATUS, AND DEVICES FOR ANALYTE MONITORING",,H01Q1/27; A61B5/00; A61B5/145; A61B5/1468; A61B5/1473,A61B5/14503; A61B5/14532; A61B5/002; A61B2560/0214; A61B2560/063; A61B2562/18; H01Q1/273; A61B5/14503; A61B5/0004; A61B5/14532; H05K1/181; H05K2201/10151; A61B2560/063; H05K2201/10037; H05K2201/10189; H05K2201/10098; A61B2560/0214,,,2026
101-011-169-024-872,"WATERPROOF STRUCTURE, ELECTRONIC DEVICE AND MANUFACTURING METHOD OF WATERPROOF STRUCTURE",,G06F1/16; G03B17/08; H04B1/3888; H04M1/02; H04M1/18,H05K5/0217; H04M1/18; G06F1/1656; G06F1/1626; G06F1/163; G03B17/08; H04B1/3888; H04M1/0249,,,2026
147-082-486-215-645,CONNECTOR WITH TOP- AND BOTTOM-STITCHED CONTACTS,,H01R13/41; H01R12/71; H01R13/645; H01R43/20,H01R13/02; H01R13/502; H01R13/64; H01R13/631; H01R13/40; H01R13/6275; H01R24/005; H01R12/716; H01R12/58; H05K1/116; H01R13/41; H01R12/716; H01R13/6453; H01R43/205; H01R13/2407; H01R43/007; H01R13/6275; H01R13/64; H05K1/116; H01R13/58; H01R12/57; H01R12/716; H01R13/41; H01R13/50; H01R13/6461,,,2026
036-020-591-537-664,ENHANCED I/O SEMICONDUCTOR CHIP PACKAGE AND COOLING ASSEMBLY HAVING SIDE I/OS,,H10W40/22; H01R12/00,H05K7/2039; H05K7/2029; H05K7/20309; H05K7/20318; H10W40/22; H10W40/235; H10W40/60; H10W40/47; H10W70/657; H01R13/6271; H10W40/22; H10W70/60; H10W70/611; H10W90/00,,,2026
136-289-742-844-993,FLEXIBLE DISPLAY UNIT AND MOBILE TERMINAL INCLUDING SAME,,H04M1/02,G06F1/1652; G09F9/301; H04M1/0268; H04M1/0216; H04M1/0268; H04M1/0214; H04M2201/08; H05K1/0281; H05K1/0306; H05K5/0017; G02F1/133305; G06F1/1652; G09F9/301; H04M1/0268; G06F1/1681; H04M1/0216,,,2026
003-998-670-692-909,METHOD AND APPARATUS FOR HEAT-DISSIPATION IN ELECTRONICS,,H05K7/20; F28D20/00; F28D20/02; F28F13/18,H10W40/226; H10W40/73; H05K7/20509; F28F13/18; F28D20/023; Y02E60/14; H10W70/02; H10W40/22; H10W40/735; H10W40/255; F28D15/0233; H05K7/20509; H10W40/22,,,2026
103-953-515-239-115,ELECTRONIC DEVICE COMPRISING WIRELESS CHARGING FUNCTION AND OPERATING METHOD THEREFOR,,G06F1/16; G06F1/26; G06F1/3212; G06F1/3287; H02J50/10; H02J50/90; H04M1/02; H05K1/02; H05K1/18,H02J50/10; H02J50/90; H02J50/80; H04M1/0235; H04M1/0277; H05K1/189; H05K2201/10128; H05K2201/051; H05K1/028; G06F1/1652; G06F1/1624; G06F1/1677; G06F1/26; G06F1/263; G06F1/3212; G06F1/3287,,,2026
056-004-944-877-660,MODULAR FIELD DEVICE,,H05K7/14,H05K7/1468; H05K7/1475; H01R12/7005; H01R12/716; H05K1/181; H05K5/0069,,,2026
140-824-392-103-680,REPLACEMENT ELECTRICAL CONNECTORS,,H01R12/70; H01R12/58; H01R13/11; H01R13/41; H05K1/11; H05K3/30,H01R12/55; H01R12/58; H01R12/7088; H01R13/02; H01R43/00; H01R43/205; H01R13/113; H01R12/585; H01R13/41; H01R12/585; H01R12/7088; H01R13/113; H01R13/41; H05K1/116; H05K3/306; H05K2201/09609; H05K2201/0979; H05K2201/10189; Y10T29/49147; Y10T29/49147; H01R12/7088; H01R13/113; H01R12/585; H01R13/41; H05K2201/0979; H05K3/306; H05K2201/09609; H05K2201/10189; H05K1/116,,,2026
199-779-907-235-238,THERMALLY-CONDUCTIVE SHEET,,H05K7/20; C08G77/12; C08G77/20; C08J5/18; C08K3/04; C08K3/08; C08K3/22; C08K5/5419; C08K7/06; C08L83/04; C08L83/08; C09K5/06; H10W40/25; H10W40/70,H05K7/20; C08J5/18; C08J2383/04; C08K3/04; C08K2003/0812; C08K2003/2227; C09K5/06; H05K7/20481; C08K7/06; C08K3/08; C08K3/22; C08K2201/016; C08K5/5419; C08K2201/001; C08K2201/004; C08K2201/005; C08L83/08; C08G77/12; C08G77/20; C08L83/04; H10W40/251; H10W40/70; C08J5/18; C08K3/04; C08L83/04; C09K5/06; H05K7/20481; H10W40/73; C09K5/06; H05K7/2029; H05K7/20436,,,2026
101-858-016-618-243,SLOT MEMBER AND POWER ELECTRONIC DEVICE INCLUDING SAME,,H05K7/10; H01G2/06; H01G11/82; H01R24/50; H05K7/14,H01G11/82; H01G2/06; H05K7/1482; H05K7/103; H01G11/82; H01R24/50; H05K1/181; H05K7/1427; H05K2201/10015,,,2026
053-697-750-730-850,METHOD OF MANUFACTURING POWER SOURCE UNIT,"Disclosed is method for manufacturing power source unit (200, 300) comprising: assembling battery unit (302) by: arranging first terminal (FT) (210A, 304A) and second terminal (ST) (210B, 304B) on printed circuit board (PCB) (202, 306) on opposite edges of PCB; applying first adhesive (FA) (212, 308) on PCB between FT and ST; attaching battery (204, 310) with FA to PCB; attaching first electrode (214A, 312A) of battery to FT and second electrode (214B, 312B) to ST; and attaching cap (206, 314) over portion of battery; inserting battery unit in first mould half (FMH) (322A); removably attaching second mould half (SMH) (322B) and FMH to form a manufacturing mould (324); clamping protrusion between FMH and SMH; filling volume (328) between battery unit and walls of manufacturing mould to form damping element (208, 330); curing one moulding material; and separating FMH and SMH to obtain manufactured power source unit.",H01M10/42; B29C45/00; H01M50/227; H01M50/242; H01M50/244; H01M50/271; H01M50/278; H01M50/284; H05K1/18,H01M50/244; H01M50/242; H01M50/227; H01M50/278; H01M50/284; H01M10/4257; H05K1/18; H01M50/271; H05K3/284; H05K2201/10037; H05K2201/1034; H05K2203/1316; H05K3/305; H05K1/181; B29L2031/7146; B29L2031/3468; B29C45/14778; B29C2045/14131; B29C33/126,,,2026
004-232-826-001-05X,"DIRECT-CURRENT POWER TRANSMISSION PROTECTION DEVICE, CONVERTER AND PROTECTION METHOD",,H02H3/087; H02H7/10; H02H7/122; H02H7/125; H02H7/127; H02M1/32; H02M7/217; H02M7/483; H05K7/20,H02M1/32; H02H7/1257; H02H7/127; H02M7/4835; Y02E60/60; H02H7/10; H02M1/32; H02M7/4835; H02H7/1252; H02H7/127; H02H3/202; H02M7/2173; H05K7/20927; H02H7/1227; H02H7/1257; Y02E60/60; H02M1/32; H02H7/10; H02H7/127; H02H7/1257; H02H7/1227; H02M7/4835; H02H3/202; H02H7/1252; H02M7/2173; H05K7/20927,,,2026
142-657-626-253-620,ELECTRICALLY CONDUCTIVE STRUCTURE AND ELECTRICALLY CONDUCTIVE SEALING DEVICE,"An electrically conductive structure that enables saving of space and, in a use state, reducing a decrease in electrically conductive performance is provided. An electrically conductive structure (1) includes: a holding member (2) that is an annular member with electrical conductivity around an axis x; and an electrically conductive member (3) that is an annular member around the axis (x). The electrically conductive member (3) has at least one gap (10) formed to extend in a radial direction and includes at least one electrical conductor (20) with electrical conductivity extending around the axis x. The electrically conductive member (3) is held by the holding member (2). The electrical conductor (20) has a pair of ends (20a, 20b) in a direction around the axis x. The gap (10) is continuous with the ends (20a, 20b) of the electrical conductor (20).",H05K9/00; F16J15/3204; F16J15/3272,H05K9/00; F16J15/3272; F16J15/3204; H02K7/006; H02K11/012; H02K7/08; H01B1/14; H02K7/003; H02K11/40; F16J15/3204; F16J15/3272; H01B1/22; H02K11/012; H01B1/14; H02K7/003; H02K7/006; H02K7/08,,,2026
165-000-706-271-720,ELECTRONIC DEVICE COMPRISING DEFORMABLE PRINTED CIRCUIT BOARD,,G06F1/16; G06F1/20; H04M1/02; H05K1/02; H05K1/11; H05K1/14; H05K3/28,H05K3/28; H05K1/14; H05K1/02; H05K1/11; H04M1/02; G06F1/1683; G06F1/203; G06F2200/203; H05K1/0207; H05K1/116; H05K1/148; G06F1/1652; H04M1/0216; H05K1/028; H04M1/0268; H04M1/0277; G06F1/1681; H04M1/0216; H04M1/0277; H05K1/028; H05K1/0393; H05K1/115; H05K2201/096,,,2026
058-308-150-959-483,THERMAL TRANSFER SYSTEM AND METHOD,,H05K1/02,A61N1/3787; H02J50/10; A61N1/3758; A61N1/378; H01F27/2876; H02J7/02; H05K7/20336; H05K7/209; H05K7/20936; A61N1/3787,,,2026
035-507-875-867-145,SURFACE MOUNTED HEAT BUFFER,,H01L23/36; H01L23/367; H01L23/495; H01L21/48; H01L23/40,H10W70/02; H10W40/037; H10W40/22; H10W40/228; H10W40/611; H10W70/461; H10W70/481; H05K1/0203; H05K1/111; H05K1/181; H05K3/34; H05K3/4007; H05K7/2039; H05K2201/066,,,2026
098-252-922-840-310,POWER ELECTRONICS ENCLOSURES,"A system includes an enclosure defining an interior space enclosed by a wall of the enclosure. Power electronics are disposed within the interior space. The power electronics can include at least one inverter configured to invert direct current (DC) power to alternating power, at least one voltage converter for boosting voltage from a DC source up to electrical panel voltage, at least one rectifier configured to rectify alternating current (AC) power to DC power, and at least one voltage converter for reducing voltage from electrical panel voltage to a battery charging level. Wall mounting features can extend from the enclosure, configured for mounting the enclosure to a wall surface. It is also contemplated that hinge components can extend from the wall of the enclosure so the enclosure can be hingedly mounted to an electrical panel as a door of the electrical panel.",H05K7/14,H05K7/1432; H02B1/015; H02J7/02; H05K5/0217,,,2026
119-386-215-564-111,BLENDED OPERATION MODE FOR PROVIDING COOLING TO A HEAT LOAD,,F25D1/02; F28C1/14; H05K7/20,F25B41/00; F25D17/02; H05K7/20745; H05K7/20827; H05K7/20836; H05K7/20827; H05K7/20309; H05K7/20318; H05K7/20327; F25D17/02; F25B41/00,,,2026
058-589-013-873-29X,DIPHENYL(METH)ACRYLAMIDE-CONTAINING THERMOSETTING RESIN COMPOSITION AND CURED PRODUCT THEREFROM,,C08F290/06; C08F2/44; C08F20/56; C08F220/54; C08F279/02; C08F287/00; C08J5/18; C08J5/24,B32B15/08; B32B15/20; B32B15/14; C08J5/249; B32B2457/08; H05K1/0353; H05K1/0366; C08F299/024; C08F279/02; C08F287/00; C08F212/08; C08J2351/04; C08J2351/08; C08F290/062; C08F279/02; C08F287/00; C08F290/065; C08F220/54; C08F4/36; H05K1/0313; C08J5/24; B32B15/08; C09J7/30; C09J2301/414; C08F279/02; C08F283/04; C08F287/00; C08F290/062; C08J5/24; C08J2351/04; C08J2351/08; C09D151/006; C09D151/04; C09D151/08; H05K1/0366,,,2026
129-485-504-677-231,PRINTED CIRCUIT BOARDS WITH INDUCTORS IN THE MOUNTING HOLES,"Systems, apparatus, articles of manufacture, and methods are disclosed for inductors of voltage regulators that are built into and/or around mounting holes of a printed circuit board. An example apparatus includes a printed circuit board that includes a plurality of layers and a mounting hole extending through the plurality of layers, and an inductor at least partially in the mounting hole between two or more of the plurality of layers.",H01F17/00; H01F17/04; H05K1/18,H05K2201/1003; H05K2201/09227; H05K2201/10265; H05K1/183; H05K1/185; H01F17/00; H01F2017/048; H05K1/183; H05K1/185; H05K2201/09227; H05K2201/10265; H05K2201/1003,,,2026
194-851-161-394-25X,REFRIGERANT COOLED HEAT SINK FOR POWER ELECTRONIC MODULES,,H05K7/20,H05K7/20327; H05K7/20309; H05K7/20318; H05K5/0217; H05K5/069; H05K7/20936; H05K7/20309; H05K7/20327; H05K7/20518; H05K7/20936,,,2026
028-883-530-232-561,ELECTRIC WORK VEHICLE,,B60K1/04; A01D34/81; A01D69/02; B60L15/00; B60L50/60; H02G3/14; H02G3/16; H02K11/33; H05K5/00; H05K5/02; H05K5/03,B60K1/04; H02G3/14; H02G3/16; H02K11/33; B60L15/007; B60L50/60; A01D69/02; A01D34/81; B60L2200/40; B60L2270/145; H02K11/33; B60L50/60; A01D69/02; A01D2101/00; B60L15/007; B60L2200/40; H05K7/1432,,,2026
060-933-767-159-908,METHOD FOR APPLYING BIOCOMPATIBLE ENCAPSULATION TO SENSOR ENABLED WOUND MONITORING AND THERAPY DRESSINGS,,A61F13/05; A61F13/00; A61F13/02; H05K1/02; H05K1/18; H05K3/28,A61F13/00055; A61F13/00987; A61F13/0286; A61F2013/0094; H05K1/0283; H05K1/189; H05K3/284; H05K2201/10151; H05K2201/052; A61F13/05; A61F13/00055; A61F13/00987; A61F13/0286; A61F2013/0094; H05K1/0283; H05K1/189; H05K3/284; H05K2201/052; H05K2201/10151; A61F13/05; A61F13/00055; A61F13/0246; A61F13/0276; A61F13/00987; A61F13/0286; H05K2201/10151; A61F13/05,,,2026
056-089-783-801-483,"CONVEYANCE JIG, CIRCUIT BOARD MANUFACTURING DEVICE, AND CIRCUIT BOARD MANUFACTURING METHOD",,H05K3/44; B29C33/00; B29C43/00; B29C65/02; B32B37/00; H05K1/05; H05K3/00; H05K3/10; H05K3/20; H05K13/00; H10W40/25; H10W70/60,H05K3/0097; H05K2203/0165; H10W70/60; H10W40/255; H05K13/0069; H05K2203/1509; H05K2203/1545; H05K2203/167; H05K2203/0278; H05K1/056; H05K2203/066; H05K2203/0156; H05K13/0061; H05K2203/068; H05K2203/111; H05K3/103; H05K2201/1028; H05K3/20; H05K3/44; B29C2043/181; B29C43/18; B29L2031/3425; B29L2031/3481; H05K3/20; H05K3/0058; B29C65/02,,,2026
164-684-660-844-514,EARPHONE,,H04R1/10,H04R1/105; H04R1/1058; H04R2201/10; H04R1/10; H04R9/06; G02C11/10; G02B27/0176; H04R2460/13; H04R1/1016; H04R1/1075; H04R1/1033; H04R1/1066; H04R25/606; H04R1/105; H04R1/1041; G06F1/163; H04R3/005; H04R1/326; H04R2201/10; H04R7/18; H04R1/245; H04R1/025; H04R1/1091; H04R1/086; H04R3/12; H04R7/12; H04R1/1058; H04R1/08; H04R2420/09; H04R1/24; H04R1/02; H04R2499/15; H04R1/06; H04R1/26; H04R2460/11; H04R9/025; H04R9/02; H04R9/046; H04R9/045; H04R2410/01; H04R2209/022; H04R1/1025; H04R2410/07; H04R1/1008; H04R1/1083; H04R1/406; H04R5/0335; H04R2201/107; H04R1/342; H04R2499/11; H04R5/033; H04R1/46; H04R9/066; H04R11/02; H04R1/10; H04R1/02; H04R9/02; H04R9/06; G11C11/10; G10K9/13; G10K11/172; H04R2201/10; H05K5/006; H04R1/1041; H04R1/105; H04R1/1066; H04R1/1075; H04R2460/13; H04R1/086; H04R1/1091; H04R1/24; H04R1/26; H04R3/12; H04R1/1083; H04R9/025; H04R9/06; H04R2460/11; H04R1/1008; H04R1/08; H04R2410/07; H04R2209/022; H04R2499/15; H04R9/045; H04R9/046; G10L13/02; H04R1/245; H04R1/406; H04R3/005; H04R2410/01; H04R7/12; H04R7/18; H04R1/10; H04R1/025; H04R1/06; H04R1/1025; H04R1/1058; H04R2420/09; H04R1/02,,,2026
191-590-995-834-854,COOLING APPARATUS,,H10W40/43,F28D2021/0029; F28D1/024; H10W40/43; F28F13/12; F28F2250/08; H05K7/20136; H10W40/43,,,2026
025-062-406-794-164,VEHICLE-MOUNTED POWER SUPPLY APPARATUS AND VEHICLE,"This application provides a vehicle-mounted power supply apparatus and a vehicle. The vehicle-mounted power supply apparatus includes a power conversion circuit, an upper-layer PCB board, a lower-layer PCB board, a bottom cover, and a radiator. The upper-layer PCB board and the lower-layer PCB board are configured to bear a plurality of power switching transistors of the power conversion circuit, so that the power conversion circuit is distributed more flexibly. The lower-layer PCB board and a plurality of transformers are fastened to a bottom plate of the bottom cover, and cooled by heat dissipation through a lower-layer cooling channel in the bottom cover. The upper-layer PCB board and the radiator are sequentially stacked above the lower-layer PCB board and the plurality of transformers, and cooled by heat dissipation through an upper-layer cooling channel in the radiator. The upper-layer cooling channel and the lower-layer cooling channel in the bottom cover communicate with each other through a side wall of the bottom cover. This improves a heat dissipation effect and temperature uniformity of the vehicle-mounted power supply apparatus.",H05K7/20,H05K7/20927; H05K7/14322; B60L53/22; H05K5/0047; H05K7/20854; H05K7/20927; H05K7/20254; H05K7/20872; H05K7/20436; H10W40/47,,,2026
004-997-378-009-174,ELECTRONIC DEVICE AND METHOD FOR DETERMINING MECHANICAL OVERSTRESS OF AN ELECTRONIC DEVICE,,G01M5/00; B23K1/00; B23K37/006; B23K101/42; C22C13/02; G01R31/50; G01R31/54; H05K3/34,G01M5/0033; G01M5/0083; C22C13/02; B23K1/0008; B23K37/006; B23K2101/42; H05K3/3494; H05K3/346,,,2026
043-783-798-486-664,"RESIN COMPOSITION, CURED PRODUCT, PREPREG, METAL FOIL-CLAD LAMINATE, RESIN COMPOSITE SHEET, PRINTED WIRING BOARD, AND SEMICONDUCTOR DEVICE",,C08F290/06; B32B15/08; C08J5/24; H05K1/03,C08J5/24; B32B15/08; H05K1/03; B32B15/14; C08J5/244; C08J5/249; B32B2457/08; C08J2371/12; H05K1/0366; H05K1/0353; C08L71/12; C08F212/34; C08F299/00; C08F299/022; C08G65/485; C08J5/24; B32B15/08; H05K1/0353; H05K1/0366; C08J5/24; C08J2325/16; C08J2371/12; C08J2425/16; C08J2471/12; C08L25/16; C08L71/126; C08L2205/025; C08L2205/03; H05K1/0373,,,2026
149-048-026-766-597,LIGHT EMITTING DEVICE,"A light emitting device (1, 1A-1D, 2, 2A) includes a base member (10) formed of a ceramic material and having a through hole (10x), a first interconnect (11) disposed on an upper surface of the base member (10), a second interconnect (12) disposed on a lower surface of the base member (10), a conductive member (13) disposed inside the through hole (10x) and electrically connecting the first interconnect (11) and the second interconnect (12), a light emitting element (21, 21a-21d, 41a, 41b) disposed on the first interconnect (11) and electrically connected to the first interconnect (11), and an integrated circuit (501) disposed on the first interconnect (11) and electrically connected to the first interconnect (11).",H05K1/02; F21S41/141; F21S43/14; H05K1/03; H05K1/11; H10H20/851,H05K2201/10106; H10H20/851; H05K1/0224; H05K1/115; H05K1/0306; H05K2201/093; H05K2201/09336; H05K2201/09345; H05K2201/095; F21S41/141; F21S43/14; H05K2201/0715,,,2026
017-876-223-025-680,DISPLAY DEVICE,,G09F9/30; G06F1/16; H10K77/10; H10K102/00,G09F9/301; G06F1/1652; G06F1/1601; H10K77/111; H10K2102/311; G09F9/301; G06F1/16; H10K77/111; H10K2102/311; H05K5/0018; H05K5/0217; G06F1/1652,,,2026
096-777-614-666-751,Printed circuit board,"A printed circuit board includes a substrate, a first pad and a second pad, respectively disposed on an upper side of the substrate, a first socket disposed in the substrate and including a first circuit, and a first trace disposed in the substrate and disposed between the first and second pads and the first socket with respect to a lamination direction. At least a portion of the first circuit is electrically connected to each of the first and second pads, and is electrically connected to the second pad through a path passing through the first trace.",H05K1/11; H05K1/181,H05K1/111; H05K1/115; H05K1/181; H05K2201/10325,,,2026
136-810-585-858-13X,In-frame mounted bicycle display,"A removable display assembly for a bicycle includes: a housing having a body that extends along a first direction from a first end to a second end, wherein the body further extends along a second direction that is transverse to the first direction, such that at least a portion of the body can be positioned through an opening in a wall of a first tube of a bicycle frame to be at least partially positioned within an internal cavity of the first tube, wherein the opening extends along the first direction from a first end to a second end, a display coupled to the body of the housing; a first transverse spring coupled to the first end of the housing; a second transverse spring coupled to the second end of the housing; and a third spring coupled to the second end of the housing.",B62J50/21; B62K19/40; H05K5/00,B62J50/225; B62K19/40; H05K5/0017,102-474-673-533-577; 166-838-490-955-941; 125-450-778-726-744; 063-189-579-035-525; 047-916-652-789-779; 178-383-380-420-011; 021-631-348-611-754; 054-513-388-256-54X; 100-155-110-438-735; 017-777-506-422-543; 104-769-857-315-428; 104-961-349-678-863; 120-413-755-569-454; 091-705-581-074-244; 028-196-373-972-077; 087-221-109-958-26X; 190-281-412-609-482; 027-039-507-633-850; 112-736-153-235-306; 140-028-402-119-786; 075-705-310-232-909; 128-250-247-234-313; 178-380-561-713-012; 048-952-871-135-50X; 132-186-799-587-257; 135-746-135-677-972; 104-187-463-257-464; 194-177-878-881-619; 028-554-337-127-930; 080-874-820-569-091; 196-482-938-856-698; 156-701-513-652-936; 141-580-648-267-848; 109-307-666-430-277; 029-984-320-423-529; 126-269-239-741-718; 103-721-774-622-351; 048-188-001-657-864; 198-736-190-180-260; 014-998-334-510-730; 032-508-941-847-309; 087-712-004-195-549; 117-265-287-575-924; 031-980-562-979-275; 071-837-015-581-136; 009-218-728-041-008; 189-461-315-576-87X; 038-869-709-357-85X; 108-159-277-756-697; 026-416-049-869-659; 090-925-207-681-034; 159-331-342-389-785; 057-457-630-335-234; 138-043-080-280-254; 072-007-168-750-467,,2026
110-546-576-146-890,Heat dissipation device,"A heat dissipation device is adapted for dissipating heat from a heat source, and includes a vaper chamber, a heat pipe set and a heat dissipation fin set. The vapor chamber is adapted for thermal coupling to the heat source. The heat pipe set is adapted for thermal coupling to the heat source, the heat from the heat source is synchronously conducted to the vapor chamber and the heat pipe set. The vapor chamber is thermally coupled to the heat dissipation fin set, and the heat pipe set penetrates through the heat dissipation fin set.",H05K7/20; F28D15/02; H01L23/427,H05K7/20336; F28D15/0275; H01L23/427; H05K7/2039,027-186-432-747-65X; 067-315-340-236-069; 089-606-079-789-249; 139-353-798-071-013; 011-601-718-698-018; 133-383-974-680-117; 098-003-824-913-291; 079-250-985-239-065; 051-471-813-712-517; 190-114-232-199-932; 155-303-367-312-983; 009-566-818-357-816; 186-096-787-448-858; 082-422-120-497-483; 067-917-896-395-40X; 062-841-107-701-188; 159-362-033-334-846; 049-587-839-927-99X,,2026
153-629-448-152-157,Electronic device,"An electronic device according to an embodiment includes first and second substrates, first and second conductors, and an electronic component. The first substrate includes a first connector portion, first pad portions, and a first transmission line. The first pad portions include a second pad portion, the first transmission line coupling the second pad portion and the first connector portion. The second substrate includes third pad portions. The third pad portions include a fourth pad portion and a fifth pad portion. The first conductor is coupled to the fourth pad portion and to the second pad portion. The second conductor is coupled to the fifth pad portion. The first electronic component has one end coupled to the first conductor and other end coupled to the second conductor.",H01L25/16; H01L23/498; H01L23/66; H05K1/11; H05K1/181,H05K1/181; H01L23/49827; H01L23/49838; H01L25/16; H01L25/162; H05K1/113; H05K2201/09481; H05K2201/09518; H05K2201/10174; H05K2201/10378; H05K2201/10515; H05K2201/1053; H05K2201/10734,157-393-659-491-500; 056-001-971-398-848; 102-361-614-494-618,,2026
123-880-535-206-581,Electronic device and manufacturing method thereof,An electronic device and a method of manufacturing the electronic device are provided. The method of manufacturing the electronic device includes the following steps: providing a circuit board; performing a first pre-bending step on the circuit board so that the circuit board is bent to have a first radius of curvature; providing a back frame having a second radius of curvature; attaching the circuit board having the first radius of curvature to the back frame through an adhesive. A difference between the first radius of curvature and the second radius of curvature is within 10%.,H05K1/02; H05K3/00,H05K1/028; H05K3/0044; H05K2203/0195; H05K2203/0522,186-156-920-595-585,,2026
003-812-606-669-853,Flow-through folding membrane accumulator for liquid cooling system,"A flow-through folding membrane accumulator comprises a hollow cylindrical housing and a folding flexible membrane disposed in an interior volume of the housing. The membrane defines an interior liquid channel extending through the membrane along a longitudinal axis, and liquid coolant flows from an inlet of the accumulator through the interior liquid channel to an outlet of the accumulator. The membrane is sealed to the housing such that an air-tight cavity filled with a gas is formed between the housing and the membrane. The cavity radially surrounds the internal liquid channel, with the membrane separating the cavity and the internal liquid channel. Volumes of the cavity and channel change in response to deformation of the membrane and based on pressures of the liquid coolant. The membrane may comprise multiple folds extending parallel to the longitudinal axis and distributed circumferentially around the axis.",H05K7/20; F04D1/00; F04D17/00,H05K7/20272; H05K7/20281; F04D1/00; F04D17/00,109-755-468-167-067; 193-476-259-390-304; 068-077-968-739-61X; 144-862-117-643-204; 013-159-193-468-255; 191-118-173-107-173; 196-364-213-271-409; 030-991-890-367-654; 171-637-446-172-034; 191-398-358-918-393; 115-182-632-828-413; 037-307-162-154-424; 188-813-051-881-722; 043-036-787-672-534,,2026
155-902-081-545-655,Power electronics module,"Embodiments of the disclosure relate to a power electronics apparatus. The power electronics apparatus includes at least a first electrically conductive element and a second electrically conductive element. The elements are intended to be at a first electrical potential and at a second electrical potential, respectively. At least a first and second power electronics components are mounted on the first and second elements, respectively, a first portion and a second portion of a sink are mounted on the first conductive element and on the second conductive element, respectively, so as to permit the transfer of heat from each power component to the corresponding portion of the sink through the corresponding conductive element. An electrical insulator is present between each portion of the sink so as to prevent the risk of flashover between the two portions.",H01L23/367; H01L23/00; H01L23/14; H01L23/373; H01L25/07; H05K7/20,H01L23/3675; H01L23/142; H01L23/3735; H01L24/48; H01L25/072; H01L2224/48245; H01L2924/13055; H01L2924/13091; H05K7/209,038-532-381-919-578; 002-620-405-513-331; 079-794-139-769-337; 110-047-632-905-526; 086-479-517-948-134; 146-993-496-798-080,,2026
080-625-821-190-721,Method of manufacturing a tip electrode of an electrophysiology catheter,"An irrigated electrophysiology catheter has a tip electrode having a shell, and a support member configured to plug the shell and support one or more tip components and/or facilitate their functions. Advantageously, the support member has an electrically-conductive interface portion and an insert-molded portion, wherein the interface portion, typically constructed of a precious metal alloy, is structurally minimized, yet still configured for electrical connection with the shell and the lead wire, so as to reduce the amount and hence the cost of its manufacture, whereas the insert-molded portion is constructed of a significantly less-costly material and is readily configured with micro-complex 3-D geometry adapted to support tip structure and functions including irrigation, force sensing and temperature sensing, as a further cost savings in the manufacturing of the tip electrode by reducing materials, labor and time.",H01F7/06; A61B1/005; A61B18/14; A61M25/00; G01R3/00; H05K13/00; A61B18/00; A61B90/00,A61B18/1492; A61B1/0052; A61M25/001; G01R3/00; H05K13/00; A61B2018/00029; A61B2018/00357; A61B2018/00577; A61B2018/00815; A61B2018/00821; A61B2018/00839; A61B2090/065; A61B2218/002,194-206-656-225-691; 176-321-231-960-35X; 139-054-136-862-764; 146-454-066-982-774; 146-356-334-016-339; 086-222-195-135-902; 180-222-272-443-528; 060-687-292-206-422,,2026
149-836-272-179-90X,Method for producing injection-molded article and electronic device comprising injection-molded article,"A method for producing an injection-molded article, according to various embodiments, comprises: molding an injection-molded article; irradiating, in a primary irradiation operation, a laser on primary irradiation regions spaced from each other, on at least a portion of the surface of the injection-molded article; irradiating, in a secondary irradiation operation, a laser on secondary irradiation regions spaced from each other, on at least a portion of the surface of the injection-molded article; and, on the surface of the injection-molded article, forming a plating layer on the primary irradiation regions and the secondary irradiation regions, wherein each of the secondary irradiation regions may at least partially overlap with at least one of the primary irradiation regions.",B29D99/00; G06F1/16; H01Q1/24; H01Q1/38; H04M1/02; H05K5/02,B29D99/006; G06F1/1626; H01Q1/243; H01Q1/38; H04M1/0277; H05K5/02,055-424-008-306-595; 085-679-172-613-733; 110-278-056-791-951; 193-783-237-658-402; 034-803-924-013-876; 199-121-167-277-57X; 070-271-887-746-819; 197-623-684-769-57X; 162-543-824-713-122; 147-754-495-406-629; 177-657-774-900-869; 049-105-321-676-212; 018-065-249-568-410; 013-877-941-336-343,,2026
041-425-188-867-74X,Self-contained ballast driver for retrofitting a lighting system with LED lights,"An apparatus for retrofitting a HID lighting system includes using existing components of previously installed HID lighting systems such as its ballasts while replacing some capacitors to adjust the power supplied to a retrofit LED luminaire. Unused ballast drivers are removed, and a self-contained ballast driver assembly is mounted into the electronic control enclosure of the previously installed lighting system. Some of the retrofit LED luminaires include an uplighting lens, an optic, or a diffuser for providing uplight. An aiming bracket and an aiming plate allow for the horizontal aiming angle of a light luminaire to be set.",F21V21/30; F21K9/20; F21V15/01; F21V21/116; F21V23/06; H02G3/08; F21K9/23; F21K9/237; F21K9/238; F21K9/278; H02G3/14; H02G3/16; H05K1/02; H05K1/14; H05K1/16,F21V21/116; F21K9/20; F21K9/23; F21K9/237; F21K9/238; F21K9/278; H02G3/14; H02G3/16; H05K1/021; H05K1/144; H05K1/162,020-120-148-752-105; 073-724-656-702-42X; 185-967-379-751-473; 084-495-243-823-621; 151-847-430-619-217; 145-580-470-739-187; 066-917-787-402-897; 026-347-643-224-398; 030-372-936-094-477; 025-548-000-070-350; 109-623-059-416-304; 128-490-086-630-608; 077-696-093-807-569; 121-710-515-126-58X; 151-524-748-701-505,,2026
107-437-650-780-11X,Hands-free connectors,"The description relates to connectors for connecting components of a system. One example can include a rectangular housing that has connectors positioned along at least one side. A single axis deployment mechanism can be configured to constrain movement of the connectors to a single axis. Upon receiving input from an angle that is perpendicular or oblique to the axis, the single axis deployment mechanism can be configured to cause the connectors to move sequentially from either of a stored position or a deployed position to the other of the stored position or the deployed position.",H01R13/642; H01R12/71; H01R13/502; H01R13/629; H05K7/20,H01R13/642; H01R12/716; H01R13/502; H01R13/62905; H05K7/20218; H01R2201/06,123-165-576-168-080,,2026
178-644-656-759-247,Power module having at least three power units,"A power module includes at least two power units. Each power unit includes at least one power semiconductor and a substrate. In order to reduce the installation space required for the power module and to improve cooling, the at least one power semiconductor is connected, in particular in a materially bonded manner, to the substrate. The substrates of the at least two power units are each directly connected in a materially bonded manner to a surface of a common heat sink. A power converter having at least one power module is also disclosed.",H10W90/00; H05K7/20; H10W70/60; H10W40/25; H10W72/00; H10W72/90,H10W90/00; H05K7/20918; H10W70/611; H10W90/401; H10W90/701; H10W40/255; H10W72/884; H10W72/944; H10W90/734; H10W90/754,080-122-749-066-747; 063-511-046-654-238; 088-995-083-715-635; 110-573-963-568-149; 068-158-854-170-394; 127-685-889-054-222; 090-984-233-190-87X; 143-015-597-877-11X; 082-501-673-379-108; 107-638-283-430-097; 137-669-542-947-155; 167-494-833-222-740; 084-876-120-682-047; 088-034-641-891-682; 011-179-441-664-980,,2026
100-817-747-148-516,Electronic device,"Provided is an electronic device. The electronic device includes a substrate and a conductive structure disposed on the substrate, the conductive structure includes a conductive pattern made of a conductive paste and positive ions, the conductive pattern includes conductive particles and a resin, and the positive ions are attached to the resin among the conductive particles. The conductive structure is divided into a plurality of areas in a first direction, and a number of the positive ions in adjacent areas of the conductive structure along the first direction is gradually increased or decreased, in such a manner that the conductive structure is a step resistor.",H05K1/09; H01B1/20; H01B1/22; H05K3/22,H05K1/092; H05K1/095; H01B1/20; H01B1/22; H05K3/227; H05K2203/0766,193-030-270-005-597; 148-686-598-165-746; 127-292-823-849-543; 193-964-255-262-818; 143-502-943-908-010; 075-622-689-614-683; 183-393-741-766-537; 065-053-437-545-589; 199-986-126-368-881,,2026
029-500-924-969-895,Terminal fixing method,"A terminal fixing method, for fixing one or more terminals to a plurality of lands provided on a substrate by laser welding, includes: constructing the plurality of lands by one or more terminal installation lands on which the terminals are installed and one or more dummy lands each larger than each of the terminal installation lands; irradiating each of divided laser beams emitted from a laser oscillator toward a corresponding land of two or more lands in the plurality of lands by the laser welding; and constructing the two or more lands by two or more terminal installation lands in the terminal installation lands, or one or more terminal installation lands in the terminal installation lands and the one or more dummy lands.",H01R43/02; B23K1/00; B23K1/005; B23K26/00; B23K26/067; B23K101/42; H01R12/67; H05K1/11; H05K5/00,H01R43/0221; B23K1/0016; B23K1/0056; B23K26/009; B23K26/067; H01R43/0249; H01R43/0256; B23K2101/42; H01R12/67; H05K1/118; H05K5/0069; H05K2201/094; H05K2201/09409,046-377-928-389-279; 003-224-102-348-377; 076-645-497-328-357; 026-924-869-071-467; 186-767-639-137-454; 168-300-134-249-045; 069-039-055-893-005,,2026
036-818-828-183-802,Package structure,"A package structure is provided. The package structure includes a substrate, a wiring structure, and a wire bundle structure. The wiring structure is over the substrate. The wire bundle structure is between the wiring structure and the substrate. The wire bundle structure includes a first wire bundle extending from the substrate and a second wire bundle extending from the wiring structure and contacting the first nanowire bundle. The wire bundle structure is configured to reduce a variation in a distance of a gap between the substrate and the wiring structure.",H01L23/498; H01L23/00; H05K1/185; H01L25/065; H10B80/00,H01L23/49811; H01L23/562; H05K1/185; H01L24/16; H01L24/32; H01L24/73; H01L25/0655; H01L2224/16227; H01L2224/32225; H01L2224/73204; H05K2201/10015; H10B80/00,002-834-824-099-343,,2026
031-291-877-660-96X,Panel-molded electronic assemblies,"A method of encapsulating a panel of electronic components such as power converters reduces wasted printed circuit board area. The panel, which may include a plurality of components, may be cut into one or more individual pieces after encapsulation with the mold forming part of the finished product, e.g. providing heat sink fins or a surface mount solderable surface. Interconnection features provided along boundaries of individual circuits are exposed during the singulation process providing electrical connections to the components without wasting valuable PCB surface area. The molds may include various internal features such as registration features accurately locating the circuit board within the mold cavity, interlocking contours for structural integrity of the singulated module, contours to match component shapes and sizes enhancing heat removal from internal components and reducing the required volume of encapsulant, clearance channels providing safety agency spacing and setbacks for the interconnects. Wide cuts may be made in the molds after encapsulation reducing thermal stresses and reducing the thickness of material to be cut during subsequent singulation. External mold features can include various fin configurations for heat sinks, flat surfaces for surface mounting or soldering, etc. Blank mold panels may be machined to provide some or all of the above features in an on-demand manufacturing system. Connection adapters may be provided to use the modules in vertical or horizontal mounting positions in connector, through-hole, surface-mount solder variations. The interconnects may be plated to provide a connectorized module that may be inserted into a mating connector.",H05K1/02; B23P15/00; B29C45/00; B29C45/14; B29C45/16; H01F27/24; H01F27/28; H01R27/02; H01R43/20; H01R43/24; H05K1/11; H05K1/18; H05K1/181; H05K1/185; H05K3/00; H05K3/28; H05K5/00; H05K5/02; H05K5/04; H05K5/06; H05K5/10; H05K7/14; H05K7/20; B29K63/00,H05K3/284; B23P15/007; B29C45/0055; B29C45/14639; B29C45/1679; H01F27/24; H01F27/2804; H01R27/02; H01R43/205; H01R43/24; H05K1/0298; H05K1/11; H05K1/111; H05K1/115; H05K1/18; H05K1/181; H05K1/186; H05K3/0044; H05K3/0052; H05K3/007; H05K5/0065; H05K5/0217; H05K5/0247; H05K5/04; H05K5/064; H05K5/065; H05K5/10; H05K7/1427; H05K7/209; B29C2045/0058; B29C2045/169; B29C2793/0009; B29C2793/0027; B29C2793/009; B29K2063/00; H01F2027/2809; H05K1/0209; H05K2201/0183; H05K2201/066; H05K2201/10303; H05K2201/10545; H05K2203/1316; H05K2203/1327; H05K2203/167; Y10T29/49117; Y10T29/49126; Y10T29/4913; Y10T29/49133; Y10T29/49144; Y10T29/49155; Y10T29/49158,173-450-755-344-71X; 073-722-149-829-427; 111-646-651-226-802; 199-503-855-730-941; 094-163-792-471-122; 134-262-436-049-921; 003-506-290-547-503; 173-023-847-512-788; 067-571-169-030-919; 153-611-670-842-591; 162-516-788-540-549; 087-739-966-773-864; 053-604-802-462-259; 087-980-205-274-658; 100-184-044-151-914; 144-096-881-491-007; 179-538-414-183-780; 015-913-212-869-535; 042-857-514-190-515; 038-669-706-140-384; 091-955-992-834-756; 052-022-644-762-355; 126-735-638-582-852; 049-162-171-632-900; 120-992-338-049-377; 067-682-359-428-938; 006-684-508-709-327; 093-449-014-330-945; 022-816-736-097-096; 185-551-591-353-270; 154-459-149-438-507; 197-107-136-120-269; 137-185-364-141-018; 178-734-183-235-054; 125-103-132-691-005; 180-433-756-717-564; 075-973-172-978-841; 166-608-114-874-757; 022-788-820-596-773; 065-919-703-534-01X; 039-615-325-482-463; 034-018-471-050-290; 099-355-118-751-761; 187-557-266-900-760; 066-692-690-262-803; 182-822-154-369-330; 022-831-639-596-294; 181-862-955-176-256; 056-255-204-734-329; 010-021-250-954-161; 122-806-310-467-64X; 061-402-708-945-152; 116-118-098-537-770; 016-184-131-505-149; 026-955-364-986-735; 001-213-970-895-147; 189-625-592-860-498; 059-800-356-974-081; 013-898-105-110-333; 149-635-652-107-915; 150-268-366-845-291; 181-985-753-096-012; 059-997-264-517-766; 053-035-389-213-365; 044-889-384-608-387; 181-015-669-122-719; 024-943-937-659-459; 035-813-261-831-952; 058-756-003-877-313; 198-152-255-303-761; 162-993-762-727-876; 087-249-956-887-321; 119-090-003-645-70X; 066-631-009-743-712,,2026
053-986-420-028-170,Display device having sliding support,"Provided is a display device. The display device includes: a first housing and a second housing, wherein the first housing and the second housing are slidably connected; a spool, disposed in the second housing, wherein the spool includes a central spindle and at least two reels; a flexible display panel, including a first portion and a second portion, wherein the first portion is fixedly connected to the first housing, and the second portion is wound on the spool; and a sliding support, disposed in the second housing, wherein the sliding support includes a first connection and at least two adsorption portions.",H05K5/02,H05K5/0217,053-012-606-238-47X; 001-686-031-116-424; 069-977-957-565-140; 142-816-447-374-932; 024-380-058-772-192; 093-578-053-795-818,,2026
053-044-373-559-104,Opening method and opening device,"An opening method and opening device are provided. The opening device can perform opening according to the following steps: controlling a first laser processing device to process an object to be opened to form a first opening area; controlling a second laser processing device to process the object to be opened to form a second opening area; the power of the first laser processing device is greater than that of the second laser processing device, and the light spot of the first laser processing device is larger than that of the second laser processing device. The second opening area surrounds the edge of the first opening area and connects to the first opening area.",H05K3/22; B23K26/06; B23K26/384; B23K26/402; G02B26/10; B23K26/082; B23K101/42,H05K3/22; B23K26/0608; B23K26/384; B23K26/402; G02B26/105; B23K26/082; B23K2101/42; H05K2203/107,081-972-685-511-684; 044-947-987-982-610; 190-733-110-130-390; 179-982-881-913-317; 094-163-317-570-332; 132-492-312-159-468; 171-469-448-119-608; 094-189-387-869-343; 112-232-345-491-188; 129-943-779-315-470; 084-814-462-813-701,,2026
027-394-680-589-757,Circuit board and semiconductor package comprising same,"A circuit board according to an embodiment includes an insulating layer including an upper and lower surface; and a through electrode passing through the upper and lower surfaces of the insulating layer and having a first inclination whose width gradually decreases toward the lower surface of the insulating layer, and wherein the through electrode includes a void portion having an inclination different from the first inclination.",H05K1/11; H01L23/538; H05K3/46,H05K1/115; H01L23/5383; H01L23/5386; H05K3/4655; H05K2201/09854,129-104-686-569-079; 004-814-448-838-169; 195-711-084-415-353,,2026
059-198-342-860-367,Printed circuit board assembly,"A printed circuit board assembly includes a printed circuit board and a power connector. The printed circuit board includes an upper surface, a lower surface, and plated through-holes. The power connector is arranged at the upper surface of the printed circuit board and includes a plurality of pins extending through the plated through-holes. The plurality of pins are configured to extend through the plated through-holes and protrude from the lower surface of the printed circuit board. A heat spreading block located at the lower surface is provided. Ends of the plurality of pins are arranged in the heat spreading block.",H05K1/00; H05K1/02; H05K1/183,H05K1/0203; H05K1/183; H05K2201/09545,,,2026
187-813-293-736-724,"Digital jukebox device with improved user interfaces, and associated methods","Certain exemplary embodiments relate to entertainment systems and, more particularly, to systems that incorporate digital downloading jukebox features and improved user interfaces. For instance, a smart search may be provided, e.g., where search results vary based on the popularity of songs within the venue, in dependence on songs being promoted, etc. As another example, a tile-based approach to organizing groupings of songs is provided. Groupings may involve self-populating collections of songs that combine centrally-promoted songs, songs in a given genre that are popular across an audiovisual distribution network, and songs that are locally popular and match up with the given genre (e.g., because of shared attributes such as same or similar genre, artist, etc.). Different tile visual presentations also are contemplated, as are different physical jukebox designs. In certain example embodiments, a sealed core unit with the “brains” of the jukebox is insertable into a docking station.",G07F17/30; A47B81/06; G06F3/041; G06F3/0482; G06F3/04842; G06F3/16; G06F16/438; G06F16/44; G06F16/632; G06F16/638; G06F16/64; G06F16/68; G07F7/04; G07F7/08; H04N21/414; H04N21/482; H04N21/81; H05K5/00; H05K5/02; H05K5/06; G06F3/0481; G06F3/04817; G06F3/0484; G06F3/04847; G06F3/0488; G06F3/04883; G11B27/34,G07F17/305; A47B81/06; G06F3/041; G06F3/0412; G06F3/0482; G06F3/04842; G06F3/162; G06F3/165; G06F16/438; G06F16/44; G06F16/632; G06F16/639; G06F16/64; G06F16/686; G07F7/04; G07F7/0873; H04N21/41415; H04N21/482; H04N21/8113; H05K5/0017; H05K5/0213; H05K5/0221; H05K5/0247; H05K5/06; G06F3/0481; G06F3/04817; G06F3/0484; G06F3/04847; G06F3/0488; G06F3/04883; G11B27/34,012-379-639-485-307; 143-846-785-921-04X; 188-172-135-639-725; 075-595-495-259-563; 142-565-933-340-021; 065-634-568-120-586; 162-683-322-164-826; 171-721-286-868-105; 162-061-402-184-433; 149-308-293-660-314; 168-947-419-282-794; 193-204-150-921-782; 118-399-362-321-204; 028-162-166-851-12X; 011-680-954-447-665; 083-914-573-910-311; 013-124-323-621-212; 117-463-120-628-374; 110-677-668-899-443; 192-221-017-880-836; 188-280-228-815-247; 188-990-637-369-897; 126-857-916-552-780; 066-059-728-138-557; 156-892-365-651-927; 096-113-103-754-029; 023-003-665-629-187; 190-597-119-224-656; 035-120-179-937-836; 187-105-266-996-195; 117-781-111-280-293; 030-990-001-147-535; 108-042-876-448-953; 008-647-018-169-575; 163-518-520-166-467; 044-056-339-177-833; 052-273-158-399-200; 117-522-670-591-980; 048-505-950-236-224; 147-820-811-564-905; 190-338-200-243-196; 052-140-142-955-71X; 046-160-165-430-52X; 046-147-471-258-194; 104-102-076-201-799; 051-522-573-057-206; 109-030-131-015-676; 034-528-418-087-06X; 048-151-512-540-079; 133-764-061-491-476; 030-539-884-638-189; 048-918-924-058-722; 148-037-274-264-30X; 131-670-929-427-963; 001-892-666-988-979; 026-786-944-366-052; 049-023-071-823-291; 014-188-664-455-119; 044-372-759-168-874; 175-622-155-279-679; 125-255-665-162-870; 090-749-295-988-107; 083-499-757-250-922; 001-833-125-868-018; 026-691-718-632-664; 189-371-915-204-384; 198-769-661-502-15X; 125-403-869-568-006; 071-081-377-755-503; 091-067-945-395-310; 019-761-229-396-32X; 134-604-115-398-95X; 130-825-015-458-592; 006-799-307-297-223; 014-616-442-050-552; 154-880-671-666-923; 056-202-524-339-417; 143-824-104-902-947; 177-282-711-095-542; 136-095-422-940-374; 070-527-261-608-63X; 154-248-391-410-297; 094-319-846-550-677; 165-637-136-150-30X; 011-313-456-602-920; 136-812-890-532-688; 161-755-822-010-034; 056-171-805-436-222; 080-424-312-134-325; 121-178-005-649-139; 194-639-202-215-070; 170-105-321-717-308; 147-526-692-910-360; 062-554-015-137-469; 096-252-889-247-001; 159-885-561-738-53X; 139-626-837-872-843; 114-121-904-310-891; 142-770-021-687-690; 125-044-454-912-088; 136-135-608-167-723; 000-573-688-499-813; 051-460-350-898-613; 158-351-189-926-362; 145-048-282-960-019; 146-243-471-916-586; 177-715-606-519-287; 116-897-140-606-57X; 070-477-938-143-705; 032-736-598-855-890; 021-313-272-331-268; 097-736-502-554-873; 187-623-749-599-901; 006-122-762-397-82X; 139-720-536-556-290; 155-699-839-651-574; 077-646-765-189-164; 179-425-685-451-408; 182-843-811-328-065; 161-773-129-263-091; 062-777-029-862-424; 000-499-909-056-520; 000-025-599-749-334; 005-355-149-028-103; 027-405-809-396-894; 036-963-658-093-134; 127-740-816-871-423; 172-587-992-414-41X; 126-707-121-988-149; 098-293-059-746-518; 187-452-711-086-840; 139-898-929-474-69X; 008-187-335-714-958; 078-885-955-311-508; 019-210-454-128-785; 062-637-661-224-43X; 046-275-271-386-876; 034-228-683-019-119; 001-608-087-421-299; 085-324-192-600-953; 081-187-609-885-146; 147-088-688-979-149; 094-589-030-417-443; 066-389-961-088-420; 010-205-642-123-515; 152-651-840-000-793; 143-958-043-501-886; 172-499-753-498-003; 063-229-186-944-617; 020-115-128-704-943; 138-465-261-316-084; 198-869-974-120-011; 022-736-565-287-492; 179-907-157-971-065; 130-720-261-710-254; 056-426-762-894-734; 006-522-261-814-448; 087-507-720-285-526; 150-381-533-198-189; 179-505-159-188-021; 195-634-091-719-340; 091-200-582-624-398; 099-774-215-228-610; 021-739-528-987-358; 093-624-859-836-695; 085-111-522-144-93X; 049-793-510-491-016; 030-365-418-791-533; 183-404-787-208-611; 170-332-460-551-811; 049-062-699-469-234; 149-596-528-317-254; 041-895-188-597-299; 036-810-820-337-436; 058-342-266-083-70X; 037-873-688-846-157; 162-777-394-621-018; 050-760-882-700-282; 085-912-874-086-93X; 101-906-128-102-405; 051-277-264-405-418; 033-914-759-792-073; 107-656-654-090-941; 166-313-489-687-474; 162-691-276-436-172; 182-274-396-617-144; 003-655-246-755-160; 043-346-701-402-271; 064-522-158-541-772; 184-225-843-482-539; 062-181-407-704-785; 091-284-331-467-587; 013-383-031-680-516; 172-107-024-479-296; 178-473-213-960-490; 000-921-544-022-889; 043-969-112-885-712; 151-811-438-272-268; 114-927-853-337-48X; 105-627-313-377-48X; 090-629-879-430-629; 075-398-046-727-39X; 154-168-673-768-596; 101-818-118-613-447; 034-935-771-397-489; 152-391-326-018-677; 195-767-806-283-413; 139-757-265-004-45X; 096-547-424-516-935; 100-656-578-898-118; 029-204-973-010-81X; 091-752-175-349-806; 064-205-122-690-435; 038-310-258-380-673; 036-775-715-743-685; 092-345-945-368-359; 064-038-529-083-527; 083-471-606-920-429; 070-012-028-929-549; 144-741-538-919-722; 170-217-810-317-23X; 014-031-303-741-616; 061-280-038-245-129; 106-666-401-317-469; 134-723-918-015-23X; 124-433-530-596-754; 195-425-291-851-580; 069-209-456-125-76X; 104-964-990-298-35X; 063-621-282-500-756; 146-851-015-065-502; 050-625-951-913-643; 025-113-298-629-125; 050-224-981-443-155; 170-182-784-119-100; 030-116-737-169-357; 101-031-086-761-410; 154-676-861-633-542; 061-460-549-683-524; 162-485-901-420-25X; 105-540-064-469-620; 106-624-702-414-38X; 186-750-196-050-016; 024-154-804-849-142; 156-842-152-619-08X; 020-078-169-384-114; 137-327-898-212-221; 080-028-978-704-983; 117-327-324-997-271; 177-631-004-967-383; 103-130-549-999-844; 144-965-733-207-459; 001-918-909-078-754; 011-526-008-664-81X; 081-752-887-646-101; 068-737-476-771-876; 087-083-293-234-698; 026-435-572-701-344; 026-129-715-891-419; 196-937-127-941-897; 193-544-492-615-778; 075-365-230-558-759; 002-172-584-598-484; 079-641-856-405-678; 046-061-502-831-452; 037-231-536-654-32X; 062-957-435-812-359; 045-957-333-925-831; 134-943-760-034-979; 159-183-269-163-20X; 063-739-416-772-532; 130-304-664-183-804; 049-834-084-708-54X; 065-855-342-329-183; 187-434-436-246-870; 151-334-598-410-595; 049-625-523-117-274; 062-730-969-713-818; 117-608-102-062-471; 169-496-460-608-633; 185-449-960-361-153; 087-943-645-826-636; 051-428-331-003-714; 062-577-251-265-00X; 152-892-110-136-549; 015-092-778-539-169; 164-735-203-711-211; 026-139-393-960-715; 086-663-041-283-551; 149-716-597-706-53X; 060-003-190-650-696; 003-604-266-258-428; 093-967-701-102-071; 127-163-683-105-591; 178-990-189-326-881; 051-113-560-255-580; 092-101-217-960-775; 027-364-389-734-480; 125-845-622-296-844; 120-131-269-225-853; 132-503-618-347-315; 165-388-159-380-904; 163-026-721-815-426; 010-681-740-612-627; 051-878-527-279-788; 005-907-617-313-320; 040-452-097-549-559; 020-385-629-372-983; 013-884-355-241-320; 070-898-629-108-645; 183-377-674-483-421; 143-302-631-497-869; 021-329-224-313-352; 112-003-546-140-617; 001-967-187-606-279; 149-206-573-174-68X; 179-030-673-381-469; 196-174-667-078-50X; 198-001-625-656-33X; 178-293-487-346-289; 105-626-482-829-948; 172-078-725-153-205; 077-328-848-491-103; 102-283-074-572-257; 171-693-017-230-650; 036-145-503-432-379; 020-645-043-550-066; 014-951-724-688-982; 189-621-587-218-320; 189-988-408-168-331; 063-770-928-226-821; 043-102-582-067-472; 054-901-207-149-484; 032-614-079-238-297; 033-801-247-873-100; 075-057-013-061-100; 165-916-334-511-147; 108-776-877-572-414; 137-068-760-925-444; 140-219-839-043-00X; 169-414-610-359-993; 028-970-347-645-152; 187-504-818-437-841; 172-780-888-001-628; 192-179-729-525-57X; 197-082-950-823-817; 027-294-233-130-049; 018-485-008-180-133; 181-085-703-210-354; 011-403-707-915-614; 192-461-695-545-220; 042-424-118-913-01X; 102-245-943-406-385; 068-708-074-023-792; 161-753-320-867-039; 149-432-456-258-484; 022-977-190-886-698; 098-180-993-390-679; 025-801-521-548-213; 055-611-160-109-610; 183-359-497-766-228; 157-314-750-967-786; 106-329-489-194-135; 116-384-005-648-028; 064-119-572-614-05X; 044-998-771-633-585; 069-746-958-398-905; 004-289-688-187-569; 168-946-429-711-607; 096-150-520-943-042; 185-576-357-327-868; 188-365-038-688-913; 028-233-821-916-635; 012-415-075-753-411; 021-489-750-050-188; 081-487-987-246-231; 025-873-160-724-682; 130-165-598-874-887; 028-608-365-317-812; 109-582-133-764-641; 127-209-567-186-989; 093-951-164-613-936; 125-113-292-479-133; 065-059-664-972-473; 021-153-540-078-79X; 080-290-630-162-531; 072-365-247-310-339; 109-870-652-133-469; 010-008-686-168-309; 070-510-212-634-38X; 188-979-441-692-759; 011-648-087-663-561; 130-977-498-721-385; 037-028-844-237-866; 164-504-379-288-519; 056-903-578-604-564; 103-275-086-766-717; 044-174-044-335-31X; 053-245-749-661-889; 041-377-213-561-731; 190-874-324-855-767; 084-734-864-696-114; 162-432-840-576-453; 065-039-818-926-456; 192-029-929-606-653; 194-721-967-713-074; 185-091-346-014-537; 063-364-520-656-306; 096-318-717-742-400; 028-422-309-822-317; 188-065-163-061-285; 177-206-736-514-083; 028-925-489-032-359; 068-108-370-381-253; 109-187-078-815-484; 003-443-331-660-348; 189-137-196-301-528; 011-931-673-567-058; 084-668-312-623-176; 044-102-491-280-178; 163-054-503-424-724; 181-217-550-837-00X; 074-716-946-902-215; 071-080-699-631-007; 167-572-478-972-264; 054-722-791-113-718; 172-436-860-553-84X; 143-198-634-436-095; 097-684-509-926-041; 165-635-181-530-273; 170-771-628-849-211; 192-136-824-974-269; 178-604-119-835-260; 134-545-276-208-224; 070-299-686-111-344; 090-164-918-211-780; 064-884-276-404-320; 176-828-289-440-149; 046-882-139-075-856; 006-763-249-754-566; 138-236-677-644-680; 141-562-382-204-76X; 067-323-161-196-401; 041-692-586-400-420; 191-492-917-466-831; 098-526-138-721-161; 126-248-057-267-717; 095-849-539-385-805; 001-003-278-981-203; 135-864-295-349-115; 125-832-698-201-319; 126-147-942-698-760; 119-747-253-693-29X; 018-684-609-953-13X; 099-156-803-469-631; 031-092-895-166-672; 012-433-873-761-052; 120-665-441-628-782; 176-176-787-736-574; 134-888-335-866-978; 032-112-195-065-506; 109-004-032-405-581; 024-550-220-520-591; 017-087-074-886-61X; 102-927-312-914-47X; 110-587-854-895-498; 094-268-790-687-000; 153-909-027-441-600; 190-199-796-562-261; 092-454-781-795-401; 165-325-812-864-306; 013-430-627-803-74X; 026-910-903-596-164; 011-537-874-463-073; 163-824-901-053-226; 018-575-025-460-611; 002-006-460-342-715; 187-670-154-243-406; 007-658-592-110-997; 120-554-772-205-651; 026-027-455-879-538; 075-735-568-518-709; 105-339-820-470-527; 182-290-377-773-328; 180-052-981-361-278; 175-416-136-158-989; 107-954-009-295-368; 179-063-734-000-908; 161-355-051-830-989; 120-897-431-371-672; 163-327-900-247-742; 139-728-249-319-475; 184-509-900-852-693; 036-112-713-566-26X; 077-732-297-762-898; 017-658-216-886-25X; 110-013-960-664-615; 042-603-553-003-233; 002-852-667-157-958; 041-424-615-723-202; 083-953-556-072-362; 047-255-943-248-475; 149-427-121-380-035; 135-539-856-137-958; 069-009-833-805-589; 179-555-552-722-185; 065-567-878-338-508; 153-965-566-142-542; 193-845-397-353-369; 100-545-416-472-120; 012-102-272-206-145; 020-440-478-744-83X; 026-432-512-812-639; 026-164-479-601-224; 005-797-824-819-637; 166-621-475-129-572; 184-111-028-710-712; 167-957-097-494-729; 117-536-834-809-454; 107-620-962-715-275; 121-807-001-210-996; 178-486-724-527-94X; 088-067-791-630-796; 133-259-842-799-863; 044-581-331-927-80X; 184-747-844-998-180; 006-408-029-783-940; 182-501-172-178-944; 004-746-044-147-052; 105-189-393-779-544; 157-685-488-301-171; 034-889-968-066-507; 118-487-315-777-17X; 121-173-317-711-402; 156-304-328-511-817; 062-501-075-028-054; 037-961-945-595-054; 046-067-623-744-256; 188-390-086-860-786; 162-214-621-102-594; 118-798-091-029-321; 025-436-437-613-358; 160-448-205-845-080,,2026
020-908-795-449-747,Soldering system and method of use,"A soldering system for processing at least one printed circuit board. The system comprises a first solder pot and a second solder pot, each configured to move within a movement plane. At least one of the first solder pot and the second solder pot is further configured to rotate about a solder pot axis extending transverse to the movement plane. The first solder pot and the second solder pot can be moved relative to the at least one printed circuit board, and at least one of the first solder pot and the second solder pot can be rotated about its solder pot axis relative to the at least one printed circuit board, to simultaneously process the at least one printed circuit board using both solder pots. The soldering system may thus be used to process either a single printed circuit board with both solder pots simultaneously or a pair of printed circuit boards simultaneously with each solder pot processing one of the pair of printed circuit boards. A corresponding soldering method is also disclosed.",B23K3/00; B23K1/00; B23K1/08; B23K3/06; H05K3/3468; B23K101/42,B23K3/0653; B23K1/0008; B23K1/085; H05K3/3468; B23K2101/42; H05K2203/044; H05K2203/30,182-010-438-977-668; 081-113-655-410-422; 173-783-784-042-812,,2026
142-300-954-011-143,"Lighting device for a motor vehicle, comprising an illuminated screen","A lighting device for a motor vehicle, including an illuminated screen having a plurality of light sources arranged in a matrix on a substrate having a plurality of electrical interconnecting tracks that extend between the light sources. The substrate includes a first protective layer which is disposed between the light sources and has a first albedo, and a second protective layer which is disposed between the light sources and has a second albedo that is greater than the first albedo, the second layer defining a logo.",H05K3/28; B60Q1/50; B60Q1/32,B60Q1/5035; H05K3/28; B60Q1/324; B60Q1/545; H05K2201/10106; H05K2201/2054,,,2026
039-224-259-639-638,"Carrier, cabinet, and server","A carrier for carrying a hard drive comprises a shell, a sliding bracket, and a spring. The sliding bracket is placed in the shell and is slidable relative to the shell, and the sliding bracket is configured for holding the hard drive. The spring is connected to the shell and the sliding bracket, and the spring is configured for pushing the sliding bracket. When the carrier is inserted into a cabinet, the spring pushes the sliding bracket to a connector of the cabinet to connect the hard drive to the connector. A cabinet comprises a chassis, a shelf, and a plurality of the carriers. The chassis is used for accommodating a circuit board with connectors. The shelf is placed in the chassis. Each connector is used for connecting the hard drive held in each carrier. A server with the carrier is also disclosed.",H05K7/14; H05K7/20,H05K7/1489; H05K7/1402; H05K7/2039,072-522-360-527-237; 024-613-102-897-14X; 041-965-923-493-48X; 042-768-309-086-941; 059-453-516-872-858; 174-469-030-880-757; 100-962-787-115-47X; 074-631-591-895-032,,2026
092-981-889-759-060,Server,"A server including a chassis and a multifunction assembly. The chassis has a front side and a rear side that are opposite to each other. The multifunction assembly includes a bracket, a network assembly, an input/output assembly and an expansion assembly. The bracket is disposed on the front side of the chassis. The network assembly, the input/output assembly and the expansion assembly are independently and removably disposed in the bracket.",H05K7/14; G06F1/18; G06F1/185; G06F1/186,H05K7/1487; G06F1/185; G06F1/186; H05K7/1489,,,2026
042-089-914-705-670,Power conversion module and magnetic device thereof,"A magnetic device includes a magnetic core assembly, a first winding and a second winding. The magnetic core assembly includes four magnetic legs and two winding grooves. An input terminal of the first winding is disposed within a first part of the first winding groove between the first magnetic leg and the second magnetic leg. An output terminal of the first winding is disposed within a second part of the second winding groove between the third magnetic leg and the fourth magnetic leg. An input terminal of the second winding is disposed within a first part of the second winding groove between the first magnetic leg and the fourth magnetic leg. An output terminal of the second winding is disposed within a second part of the first winding groove between the second magnetic leg and the third magnetic leg.",H02M3/00; H01F27/02; H01F27/26; H01F27/30; H01F27/40; H02M3/158; H05K1/181; H05K1/185,H02M3/003; H01F27/02; H01F27/263; H01F27/306; H01F27/40; H02M3/158; H05K1/181; H05K1/185; H05K2201/10015; H05K2201/1003,066-293-956-828-256; 116-576-776-090-241; 197-175-454-554-18X; 158-419-473-886-853; 102-711-558-662-185; 053-917-465-645-624; 142-113-010-303-84X; 072-483-438-643-942; 141-198-770-558-342; 077-537-650-635-045; 180-145-924-042-636; 106-978-416-583-316; 019-965-749-009-703; 171-879-724-868-632; 159-357-745-657-583; 180-289-643-605-714; 130-037-989-934-06X; 078-880-124-871-00X; 050-202-933-830-639,,2026
159-781-631-624-188,Thermal-control system for a security camera,This document describes a thermal-control system that is integrated into a security camera. The thermal-control system includes a combination of heatsinks and thermal interface materials with high thermal conductivities. The thermal-control system may transfer and spread energy from a high thermal-loading condition effectuated upon the security camera to concurrently maintain temperatures of multiple thermal zones on or within the security camera at or below prescribed temperature thresholds.,H05K7/20; G03B17/55; G08B13/196; H04N23/51; H04N23/52,G03B17/55; G08B13/19619; H04N23/52; H05K7/20472; H05K7/20509; H04N23/51; H05K7/20454,071-530-008-299-419; 119-409-137-917-581; 077-106-693-322-183; 173-028-284-692-975; 004-929-486-036-749; 091-460-727-920-974; 149-721-302-451-987; 089-523-906-947-041; 165-110-124-546-154; 156-594-739-221-281; 179-609-475-326-189; 024-695-136-658-819; 111-472-666-332-117; 035-127-319-009-962; 008-366-358-961-47X; 167-646-108-790-630; 111-858-767-463-660; 129-369-693-220-75X; 066-050-475-780-144; 065-989-997-372-215,,2026
095-074-236-546-180,"Joint module, server, and computing system","A joint module for cutting coolant circuit in server comprises a shell, a plug connector, folding mechanism, and a switch. The plug connector is placed on the shell and movable in a first direction between a first position and a second position for connecting a plug. The folding mechanism is connected to the shell and the plug connector and is used for moving the plug connector. The switch is placed on the shell with a first condition and a second condition. When the switch is in the first condition, the folding mechanism is unfolded, the plug connector is on the first position and is connected to the plug, when the switch is in the second condition, the folding mechanism is folded, the plug connector is on the second position and is disconnected to the plug. A server and a computing system with the joint module is also disclosed.",G06F1/18; G06F1/183; G06F1/20; H01R13/502; H01R13/516; H05K7/14,G06F1/183; G06F1/20; H01R13/502; H01R13/516; H05K7/1495; H01R2201/06,143-023-251-708-167; 101-626-946-805-616; 025-853-957-222-438,,2026
051-516-827-239-624,Electronic control device,"An electronic control device includes: a first board on which a bus bridge and an external communication connector are mounted; a second board on which an accelerator SoC is mounted, the second board being electrically connected to the first board; and a B-to-B connector capable of performing signal transmission between the bus bridge and the accelerator SoC.",H05K1/14; H05K5/00; H05K5/06,H05K5/0069; H05K1/14; H05K5/069,008-625-821-917-387; 058-896-461-803-578; 148-984-275-987-185; 171-274-965-620-652; 121-518-691-072-728; 081-849-385-110-228; 189-258-691-436-412; 097-327-466-811-803; 161-475-733-238-882; 182-357-184-632-151,,2026
051-458-650-814-255,Storage device having a flexible printed circuit board and an electronic component,"A flexible printed circuit board of a storage device includes a first insulating layer, a first conductive layer on a first surface of the first insulating layer, and a second conductive layer on a second surface of the first insulating layer. The second surface is opposite the first surface. The first conductive layer is provided with a land. The second conductive layer covers the land via the first insulating layer in a first direction in which the first surface faces. An electronic component of the storage device includes a pin joined to the land.",H05K5/00; H05K1/03; H05K1/05; H05K1/11; H05K3/00,H05K5/0069; H05K1/0393; H05K1/05; H05K1/116; H05K3/0094; H05K2201/10303,180-199-644-665-349; 194-075-907-002-576; 070-374-816-323-693; 015-032-569-530-577; 038-188-982-269-523; 071-820-161-917-573; 059-926-641-159-602; 196-481-528-070-786; 058-190-137-352-096; 076-070-616-717-335; 085-615-743-436-994; 010-987-129-434-231; 186-843-745-404-925; 167-442-515-453-485; 121-084-762-005-835; 125-912-086-687-506; 063-627-858-099-094; 015-421-579-654-425; 158-285-203-866-675; 102-669-636-996-88X; 167-643-626-680-702; 152-086-257-555-071,,2026
017-771-431-760-566,Exhaust heat device and server cooling system,"In a server cooling system S according to this embodiment, an exhaust heat device 1 includes: an air-cooled heat exchanger 30 that includes a heat exchange core 30 C having a first surface 30 A and a second surface 30 B; and a plurality of blowers 20 that causes air as a gas to flow such that the air passes from the first surface 30 A to the second surface 30 B by rotation of impellers. The heat exchange core 30 includes a plurality of tubes 313 and 323 through which a heating medium that exchanges heat with the air flows. Each of the tubes 313 and 323 extends in a meandering pattern from a side of the second surface 30 B to a side of the first surface 30 A, the heating medium flowing from the side of the second surface 30 B to the side of the first surface 30 A in each of the tubes 313 and 323.",H05K7/20,H05K7/20736,175-973-630-923-908; 023-987-863-120-845; 185-959-479-682-188; 099-095-509-504-276,,2026
087-216-467-250-222,Lidar,"A lidar is provided. The lidar comprises an emitting chamber, where at least one first printed circuit board and a film-shaped first heat dissipation component corresponding to the first printed circuit board is disposed therein. A laser emitter is disposed on the first printed circuit board which is configured to drive the laser emitter to emit a laser pulse. The first heat dissipation component includes a thermally conductive assembly portion and a heat dissipation assembly portion that are not coplanar. The thermally conductive assembly portion is attached on a back face of the first printed circuit board corresponding to the thermally conductive assembly portion. A portion of the heat dissipation assembly portion is connected to a chamber wall forming the emitting chamber. Temperature of the first printed circuit board is controlled to solve lidar reliability problem caused by overheating of the first printed circuit board.",G01S7/481; H01S5/024; H05K1/02; H05K7/20,G01S7/4813; G01S7/4814; H01S5/02469; H05K1/0203; H05K7/20509,009-077-558-492-984; 178-352-477-910-285; 155-359-156-521-382; 144-352-201-813-843; 039-782-514-689-955; 191-113-255-176-241; 047-665-088-356-273; 151-224-854-464-828; 070-433-093-477-863; 126-360-718-994-883; 109-347-203-418-470; 111-470-910-344-445; 172-662-927-297-090; 004-690-846-077-383; 161-256-241-790-099; 030-303-270-841-907; 014-290-334-516-67X; 192-504-674-192-857; 050-600-004-925-506; 100-780-581-805-355; 183-574-742-974-509; 060-949-914-391-704; 148-034-116-636-610,,2026
054-447-849-008-790,Wiring board and method for manufacturing wiring board,"A wiring board ( 10 ) includes a substrate ( 11 ) that is transparent, a wiring pattern region ( 20 ) disposed on the substrate ( 11 ) and having first-direction wiring lines ( 21 ), and a feeding unit ( 40 ) electrically connected to the first-direction wiring lines ( 21 ) of the wiring pattern region ( 20 ). Each first-direction wiring line ( 21 ) has a first region ( 26 ) positioned near the feeding unit ( 40 ) and a second region ( 27 ) that is a region other than the first region ( 26 ). A line width (W 3 ) of the first-direction wiring line ( 21 ) in the first region ( 26 ) is larger than a line width (W 1 ) of the first-direction wiring line ( 21 ) in the second region ( 27 ).",H05K1/02; H01Q1/38; H05K3/10; H05K3/18,H05K1/025; H01Q1/38; H05K3/108; H05K3/18; H05K1/0274; H05K2201/09727; H05K2201/10098,026-311-279-436-364; 017-376-477-164-882; 060-285-482-477-600; 050-151-663-871-977; 139-152-363-335-939,,2026
031-968-067-245-619,Fluid control apparatus for air vents in rack assembly,A fluid control apparatus can include a housing and a drainage hose. The housing can form a chamber operable to receive at least one air vent for a cooling system such that the housing surrounds the air vent and prevents fluid exiting the air vent from passing through the housing. The drainage hose can be fluidly coupled with the housing. The drainage hose can be operable to drain fluid from the chamber of the housing to a drainage tray.,H05K7/20,H05K7/20781; H05K7/20836,090-680-809-694-470; 087-128-725-863-751; 156-134-561-271-312; 139-425-629-146-707; 197-842-062-310-772; 103-490-763-021-811; 130-426-976-101-965; 190-559-234-302-042; 047-847-921-295-536; 174-206-213-989-881; 171-898-134-753-580; 130-828-379-082-729,,2026
016-966-357-820-287,Carrier card with reduced width,"A carrier card includes a U-shaped design. A daughter card mounts in a void in the carrier card in a co-planar fashion. The carrier card includes an upper member; a lateral member, a lower member and a front panel with optional snout. The lateral member or other member includes a carrier card electrical and/or optical connector. The lower member or other member includes a mating electrical and/or optical connector to connect with the daughter card. The upper member, the lateral member, and the lower member form or define the void. A front panel connects with the upper and lower member and, optionally, the daughter card.",G06K19/077; G06K13/08; H05K7/14,G06K19/07739; G06K13/08; H05K7/1418,138-038-547-349-58X; 012-138-097-812-619; 162-981-060-473-279; 004-085-299-988-536; 041-187-509-715-771; 081-186-443-262-760; 110-119-623-476-440; 175-884-497-804-218; 125-924-967-980-487; 155-987-168-777-358; 189-771-660-423-00X; 169-346-936-255-930; 137-033-379-744-53X; 194-922-892-548-174; 096-583-642-273-503; 051-340-331-025-175; 153-799-530-180-888; 069-599-015-920-772; 182-472-689-914-908; 172-751-193-080-566; 022-254-530-494-270; 010-742-749-541-833; 069-435-036-048-150; 072-577-588-557-430; 165-299-603-839-490; 132-810-061-356-563; 139-401-619-517-66X; 023-349-474-332-75X; 090-559-788-880-009; 083-630-583-865-716; 109-741-675-214-076; 047-589-102-318-424; 139-716-934-751-516; 084-082-530-460-186; 013-391-442-462-062; 137-613-798-716-761; 104-976-312-271-789; 039-016-180-469-684; 082-408-855-376-438; 106-978-516-195-679; 184-575-202-663-954; 015-685-038-850-051; 075-192-546-715-367; 119-818-472-547-597; 163-066-920-838-432; 068-291-479-607-576; 167-304-436-085-308; 044-233-417-289-828; 007-781-869-317-995; 182-034-854-590-67X; 163-419-601-224-522; 076-974-744-120-607; 011-785-086-492-87X; 102-736-416-975-355; 035-755-011-805-484; 160-730-124-777-038; 024-409-316-220-021; 092-686-545-656-883; 045-887-059-757-01X; 016-787-614-329-04X; 060-198-352-320-044; 179-385-802-356-271; 170-873-893-017-368; 019-088-676-568-683; 126-156-363-064-91X; 141-263-399-309-824; 177-078-536-155-609,,2026
161-222-658-596-122,Chip packaging apparatus and terminal device,"A chip packaging apparatus includes a first differential pin pair, a first pin, and a second pin. The first differential pin pair includes a first differential signal pin and a second differential signal pin. In addition, the first pin and the second pin are both located between the first differential signal pin and the second differential signal pin, and the first pin and the second pin are differential signal pins (or both are power pins). The first pin is adjacent to the first differential signal pin and the second differential signal pin. The second pin is adjacent to the first differential signal pin and the second differential signal pin. The first pin and the second pin are respectively located on two sides of a first imaginary straight line connecting the first differential signal pin to the second differential signal pin.",H01L21/67; H01L23/498; H05K5/02; H01L23/00; H01L23/66,H01L21/67121; H05K5/0247; H01L23/49816; H01L23/49822; H01L23/66; H01L24/00; H01L24/16; H01L2223/6638; H01L2224/14131; H01L2224/14133; Y10T29/53178,060-081-594-533-799; 146-321-614-157-953; 111-000-917-827-275; 164-965-838-219-451,,2026
038-256-160-804-357,Package substrate having embedded electronic component in a core of the package substrate,"In an aspect, an electronic device is disclosed that includes a core having an upper planar surface and an interior planar surface; a cavity extending at least partially through the upper planar surface of the core to the interior planar surface of the core; an electronic component mounted in the cavity, the electronic component including an upper planar surface having one or more electronic component terminals, wherein the electronic component is supported by the interior planar surface of the core so that the upper planar surface of the electronic component is level with the upper planar surface of the core; and an upper metallization structure configured to provide one or more conductive paths from the one or more electronic component terminals to one or more upper metal terminals of the upper metallization structure.",H05K1/18; H05K1/11; H05K1/185; H05K3/32; H05K3/40,H05K1/186; H05K1/115; H05K3/32; H05K3/4053; H05K2201/0195; H05K2201/10015,135-985-012-630-312,,2026
119-909-563-938-511,Flexible wiring board and light control unit,A flexible wiring board includes an insulating layer having a support surface extending in a first direction; a first sheet adhesive terminal positioned on the support surface; and a second sheet adhesive terminal positioned on the support surface. The shape of the first sheet adhesive terminal and the shape of the second sheet adhesive terminal are point-symmetric about a point on a straight fold line on which straight guide lines extending in the first direction lie.,H05K1/02; H05K3/321; H05K3/34,H05K1/028; H05K3/321; H05K3/3405; H05K2201/055; H05K2201/10121,174-750-227-182-543; 112-761-913-199-833,,2026
022-239-131-325-298,Bending printed circuit boards,"A printed circuit board having essentially a first region, a second region, and a third region. The first region and the third region can be used for the placement of electrical and/or electronic components. The second region located in the middle of the three regions is a bend region. A side edge of the printed circuit board is offset inward in this region in order to narrow the contour of the printed circuit board in the bend region. This region likewise has one or more through holes. Both the narrowing and the through holes facilitate a bending of the printed circuit board, namely a bending of the first region relative to the third region or vice versa.",E05B81/76; E05B85/10; H01Q1/32; H01Q1/38; H05K1/02,E05B81/77; E05B85/10; H01Q1/3241; H01Q1/38; H05K1/028; E05Y2400/66; E05Y2400/86; E05Y2600/41; E05Y2900/531; H05K2201/10098,061-706-224-490-633; 123-456-578-862-316; 057-371-403-676-621; 130-179-613-917-636; 190-950-159-783-086; 008-390-672-210-578; 107-955-765-045-465; 009-882-671-696-702; 133-980-280-713-450; 150-467-287-955-486; 013-236-688-486-873; 094-468-390-127-852; 022-895-624-829-190; 030-669-791-358-108; 088-359-646-589-410; 108-246-399-322-403; 186-487-612-091-787,,2026
195-178-093-045-46X,Display apparatus and method for manufacturing the same,"A display apparatus includes a glass substrate and having improved heat-dissipation function and impact absorption function and at the same time, having a reduced thickness. To this end, a plate including a porous member having both a heat-dissipation function and an impact absorption function is disposed under a display panel. The plate can have both a heat-dissipation function and a cushion function with only a porous member without adding a separate heat-dissipation layer or cushion layer. Further, disclosed is a display apparatus in which a black screen is displayed while the display panel is not activated, thereby improving display quality. To this end, a black heat-dissipation layer is formed under the porous member such that the heat-dissipation performance and the display quality are improved.",H10K50/87; H05K7/20; H10K71/00,H10K50/87; H05K7/20963; H10K71/00,093-986-254-715-039; 027-584-277-004-840; 110-157-609-553-603; 044-359-024-600-519; 174-518-970-387-83X; 122-983-596-448-395; 113-520-454-820-246; 119-775-347-616-963; 164-493-262-496-217; 139-177-967-015-507; 099-553-474-732-804; 011-965-712-445-180,,2026
014-581-855-145-712,"Heat dissipation structure, high-voltage distribution box, battery, and electrical device","A heat dissipation structure includes a housing configured to form an accommodation cavity and a heat source disposed in the accommodation cavity. The heat source includes a heat dissipation surface, and the heat source includes a first connecting portion. The heat dissipation structure further includes a heat transfer block inserted in the housing and including at least one surface exposed outside the housing, a first heat transfer surface, and a second connecting portion. The first connecting portion is connected to the second connecting portion directly or through a connecting piece so that the first heat transfer surface keeps in close fit with the heat dissipation surface.",H02B1/56; H01M10/613; H01M10/625; H01M10/6551; H05K7/20,H02B1/56; H01M10/613; H01M10/625; H01M10/6551; H05K7/20854; H01M2220/20; H05K7/2039,170-666-561-451-158; 107-652-066-660-508; 123-381-424-844-381; 088-457-344-328-88X; 073-358-996-301-457; 076-767-443-852-925; 019-099-390-178-675,,2026
091-814-289-545-013,Detecting or predicting system faults in cooling systems in a non-intrusive manner using deep learning,"A computer-implemented method, system and computer program product for detecting or predicting system faults in cooling systems. A model (deep learning model) is built and trained to detect or predict system faults in a cooling system based on acoustic emission signals (both in temporal and frequency domains) and/or imaging signals. Upon training the model to detect or predict system faults in a cooling system, acoustic emission signals may be obtained non-intrusively from the cooling system using acoustic emission sensors, hydrophones and/or microphones. Additionally, upon training the model to detect or predict system faults in a cooling system, imaging signals (e.g., boiling images) may be obtained non-intrusively from the cooling system using optical sensors (e.g., high-speed camera). The trained model may then detect or predict a system fault in the cooling system based on such information (acoustic emission signals, including in temporal and frequency domains, and/or the imaging signals).",G05B23/02; G06T7/00; H04R1/08; H04R3/00; H04R3/04; H05K7/20,G05B23/0221; G06T7/0004; H04R1/08; H04R3/005; H04R3/04; G05B2223/02; G06T2207/20081; G06T2207/20084; G06T2207/30108; H04R2410/01; H05K7/2029,183-817-019-173-220; 004-043-644-385-002; 059-210-172-955-206; 030-928-008-944-580,,2026
193-891-448-465-350,Heatsink with adjustable fin pitch,"An apparatus includes at least one heat pipe that is adapted to be thermally coupled to an integrated circuit and has an evaporator portion and a first condenser portion, wherein the first condenser portion extends away from the evaporator portion; a first plurality of cooling fins that is attached to the first condenser portion; a first movable support that is thermally coupled to the first condenser portion and is configured to move a second plurality of cooling fins relative to the first plurality of cooling fins; and the second plurality of cooling fins, which is attached to the first movable support.",H05K7/20,H05K7/20163; H05K7/20309; H05K7/20318; H05K7/20336; H05K7/20409,138-024-537-764-053; 162-271-827-827-25X; 083-424-942-081-001; 128-229-747-611-182; 109-077-157-726-167; 044-251-193-138-99X; 075-811-846-211-566; 004-822-961-472-364; 014-887-745-432-018; 032-357-270-172-754; 122-562-571-131-214; 079-749-713-025-859; 112-074-786-179-64X; 045-619-923-048-515; 180-670-091-949-81X; 113-564-001-995-718; 071-735-967-676-397; 091-538-518-200-53X; 163-239-103-980-044; 141-408-199-655-508; 062-649-471-376-203; 166-247-442-059-099; 049-857-250-331-55X; 145-981-782-957-332; 080-959-604-793-403; 167-326-867-012-984; 166-584-799-318-265; 156-611-190-049-219; 050-326-004-957-648; 068-361-557-125-339; 098-707-718-940-793; 013-424-856-791-235; 081-003-680-962-045; 005-754-065-013-754,,2026
015-862-449-671-968,Monolithic multilayered ceramic capacitor,Provided is a monolithic multilayered ceramic capacitor comprising multiple capacitive couples encased in a continuous ceramic. The continuous ceramic further comprises a ceramic separator between adjacent capacitive couples. Each capacitive couple comprises active electrodes wherein first active electrodes of adjacent active electrodes of each capacitive couple are in electrical contact with a first external termination and second active electrodes of adjacent active electrodes of each capacitive couple are in electrical contact with a second external termination.,H01G4/38; H01G4/30; H05K1/181,H01G4/38; H01G4/30; H05K1/181; H05K2201/10015,161-307-181-691-722; 149-196-865-090-852; 075-021-696-669-283; 099-965-039-063-782; 100-982-971-550-322; 033-383-474-372-454,,2026
059-366-706-059-213,"Electromagnetic wave shielding material, electronic component, and electronic apparatus","There are provided an electromagnetic wave shielding material including one or more magnetic layers containing magnetic particles and a resin, where a content of the resin in the magnetic layer is 5% by mass or more and less than 40% by mass; and one or more pressure-sensitive adhesive layers, in which an elongation rate determined by a tensile test at 150° C. is 5.0% or more and less than 150.0%, as well as an electronic component and an electronic apparatus which include the electromagnetic wave shielding material.",H05K9/00; H01F1/28,H05K9/0088; H01F1/28; H05K9/0084,148-703-359-271-252,,2026
056-256-330-667-651,Capacitor and electronic device comprising same,"A capacitor and an electronic device comprising same are disclosed. An electronic device according to the present disclosure may comprise: a substrate; a plurality of capacitors mounted on the substrate, each of the plurality of capacitors including a case extending to accommodate an electrolyte therein, and a cap coupled to one end of the case in the direction in which the case extends configured to restrict scattering of the electrolyte; and a fixing member comprising a protrusion and configured to press the perimeters of the caps in the radial direction of the caps to fix the plurality of capacitors to the substrate.",H01G2/00; H01G2/06; H01G9/008; H05K1/184,H01G2/06; H01G9/008; H05K1/184; H05K2201/10015,004-140-825-676-014,,2026
145-558-625-509-378,Force sensor with polymer material layer,"There is provided a force sensor including a substrate and a polymer material layer. The substrate has a circuit layout that includes a first electrode and a second electrode configured to form a capacitor therebetween. The polymer material layer covers at least on a space between the first electrode and the second electrode, and is used to change capacitance of the capacitor while being pressed.",G01L1/14; H05K1/03; H05K1/11,G01L1/144; H05K1/0393; H05K1/118; H05K2201/10151,063-882-203-759-029; 126-867-148-847-592; 183-111-781-558-056; 041-720-079-217-993; 100-924-206-770-154; 149-090-007-417-497; 093-268-036-040-137; 153-634-781-640-409,,2026
021-250-398-075-284,Delivering power to semiconductor loads,"Encapsulated electronic modules having complex contact structures may be formed by encapsulating panels containing a substrate comprising pluralities of electronic modules delineated by cut lines and having conductive interconnects buried within terminal holes and other holes drilled in the panel within the boundaries of the cut lines. Slots may be cut in the panel along the cut lines. The interior of the holes, as well as surfaces within the slots and on the surfaces of the panel may be metallized, e.g. by a series of processes including plating. Solder may be dispensed into the holes for surface mounting. Two or more panels may be stacked prior to singulation to form module stacks. Delivering power vertically to semiconductor dies is described using multi-cell converters having a relatively large cell and output terminal pitch. Translation interconnections may be provided in a semiconductor package substrate, a system PCB, or in an interconnection module. The translation interconnections or interconnection module may provide vertical power delivery to semiconductor devices through a semiconductor power grid having a small pitch. The converters and interconnection modules may be fabricated in panels and stacked prior to singulation. Sintering techniques may be used to interconnect some or all of the functional layers of the stack.",H02M1/08; H01L23/00; H05K1/02; H05K1/14; H02M1/00,H02M1/08; H01L24/26; H05K1/0298; H05K1/144; H02M1/0074,085-092-777-673-410; 004-062-688-201-07X; 180-794-605-434-587; 185-375-116-313-528; 170-160-004-004-189; 042-616-045-903-043; 080-280-390-186-753; 037-491-089-520-928; 155-671-879-210-437; 166-994-401-212-500; 068-516-921-427-67X; 094-163-792-471-122; 178-161-491-566-159; 063-430-078-928-710; 003-506-290-547-503; 025-656-059-056-682; 076-065-406-964-550; 173-023-847-512-788; 067-571-169-030-919; 162-516-788-540-549; 087-980-205-274-658; 111-463-299-288-235; 144-096-881-491-007; 179-538-414-183-780; 078-195-924-966-167; 138-592-567-042-751; 092-480-030-321-714; 117-883-840-653-800; 121-836-096-633-213; 038-669-706-140-384; 185-031-815-275-322; 009-160-785-280-698; 102-315-579-270-119; 091-955-992-834-756; 062-952-625-054-197; 050-913-240-750-418; 101-131-001-779-290; 052-022-644-762-355; 052-004-119-485-135; 008-178-555-237-992; 194-099-132-407-653; 080-867-445-269-410; 093-449-014-330-945; 022-816-736-097-096; 185-551-591-353-270; 020-614-699-056-093; 026-590-801-242-584; 154-459-149-438-507; 034-191-257-206-599; 002-011-954-752-438; 197-107-136-120-269; 137-185-364-141-018; 027-606-912-627-516; 144-190-095-260-093; 125-103-132-691-005; 180-433-756-717-564; 075-973-172-978-841; 069-377-016-930-290; 144-291-231-203-580; 166-608-114-874-757; 022-788-820-596-773; 000-194-597-580-237; 050-640-559-295-348; 039-615-325-482-463; 099-355-118-751-761; 194-393-745-982-906; 187-557-266-900-760; 066-692-690-262-803; 182-822-154-369-330; 056-255-204-734-329; 010-021-250-954-161; 122-806-310-467-64X; 061-402-708-945-152; 028-626-707-509-080; 016-184-131-505-149; 026-955-364-986-735; 001-213-970-895-147; 189-625-592-860-498; 059-800-356-974-081; 085-559-431-966-896; 013-898-105-110-333; 064-864-887-377-183; 149-635-652-107-915; 136-843-005-101-466; 097-936-800-372-775; 127-554-713-236-655; 150-268-366-845-291; 181-985-753-096-012; 059-997-264-517-766; 037-869-297-814-076; 043-921-214-434-960; 044-889-384-608-387; 181-015-669-122-719; 154-655-752-179-544; 092-310-147-669-085; 105-227-606-155-028; 063-263-313-057-72X; 024-943-937-659-459; 002-244-959-462-349; 100-494-877-106-249; 041-107-844-686-784; 035-813-261-831-952; 105-589-468-625-754; 058-756-003-877-313; 198-152-255-303-761; 103-275-355-348-880; 086-730-460-138-794; 087-249-956-887-321; 093-088-503-634-025; 191-608-902-865-604,,2026
116-047-169-294-759,Enhanced channel configuration for heat exchanger to cool power electronics,"A power electronics assembly includes one or more power electronics devices, and a heat exchanger to which the one or more power electronics devices are mounted. The heat exchanger includes an inlet manifold and an outlet manifold, and one or more fluid pathways extending connecting the inlet manifold and the outlet manifold, the heat exchanger configured to transfer thermal energy from the one or more power electronics devices into a flow of fluid passing through the one or more fluid pathways. Thee one or more fluid pathways include one or more internal enhancements and channel configurations to enhance thermal energy transfer by promoting boiling of the flow of fluid and to reduce the pressure drop in the pathways under a two-phase flow condition. The flow of fluid is a flow of liquid refrigerant diverted from a condenser of a heating, ventilation, and air conditioning (HVAC) system.",H05K7/20; F28F3/02,H05K7/2089; F28F3/025; H05K7/20218; F28F2255/12,001-673-778-199-085; 086-003-607-178-475; 043-005-883-941-210; 146-671-642-098-815; 003-547-387-015-854; 144-862-542-061-90X; 009-519-084-594-318; 065-352-460-690-864; 001-009-562-689-055; 170-555-532-760-806; 125-003-138-771-972; 084-775-580-309-486; 081-276-983-894-733; 017-120-465-007-135; 131-330-802-347-375,,2026
011-450-067-016-099,Variable distance sensor security devices and systems,Various implementations include a casing device for controlling the distance and direction of readability of a wave. The casing device includes at least one wall having an outer surface and an inner surface that defines a chamber. The at least one wall has at least a first wall portion and a second wall portion. At least the first wall portion includes an electrically conductive material. At least the second wall portion defines an aperture extending from the outer surface to the inner surface.,H05K9/00,H05K9/0052; H05K9/0049,163-345-511-213-978; 177-951-918-905-624; 085-483-875-725-42X,,2026
099-550-012-181-266,Electronic device,"According to one embodiment, an electronic device includes an elastic insulating base including a plurality of island-shaped portions and a plurality of strip-like portions each connecting respective adjacent pair of the plurality of island-shaped portions, electrical element located on each of the plurality of island-shaped portions and a plurality of wiring lines located in the plurality of strip-like portions respectively and each electrically connected to the electrical element. Each of the plurality of strip-like portions including a curved portion, and a ratio (R/W) of a radius (R) of curvature in the curved portions to the width W in the curved portion is in a range of 10≤R/W≤20.",H05K1/03; H05K1/11; H05K3/10,H05K1/032; H05K1/0306; H05K1/118; H05K3/103; H05K2201/10106; H05K2201/10151,,,2026
023-739-056-918-92X,Locking mechanism and electronic device module having the same,"A locking mechanism can assemble a body to a rack. The locking mechanism includes a housing and a linkage assembly. The housing includes a first member and a second member. The linkage assembly is installed on the housing, the linkage assembly includes a rotating member, an operating member, and a locking assembly. The operating member and the locking assembly are disposed in the rotating member. The locking assembly can be clamped with the second member, thereby securing the linkage assembly to the rack. Wherein the operating member can rotate, thereby causing the linkage assembly to move away from the second member and be detached from the second member. The operating member further can rotate and drive the rotating member rotate, thereby causing the rotating member to detach from the rack. The present disclosure further provides an electronic device module.",H05K5/02,H05K5/0221,187-028-743-573-413; 064-521-094-576-356,,2026
076-739-144-540-376,Communication socket,"A communication socket includes a housing, a heat-dissipation element, and an adjustment frame. The housing includes a receiving cavity, and a heat-dissipation opening connected to the receiving cavity. The heat-dissipation element includes a heat-dissipation plate on the housing; a guide element connected to the heat-dissipation plate; and a thermal-conduction block connected to a lower surface of the heat-dissipation plate, and corresponding to the heat-dissipation opening. The adjustment frame is disposed on the heat-dissipation element to move the heat-dissipation element, and includes a pressing block corresponding to the guide element; and a blocking protrusion in the receiving cavity. When the communication module is in the receiving cavity, and adjacent to the blocking protrusion, the thermal-conduction block is separated from the communication module. After the communication module pushes the thermal-conduction block, the pressing block slides with the guide element to make the thermal-conduction block abutting the communication module through the heat-dissipation opening.",G02B6/42; H05K7/20,G02B6/4269; H05K7/2049,016-918-579-162-99X; 059-638-658-923-99X; 117-975-223-835-13X; 164-452-230-701-190; 134-463-666-537-729; 136-465-683-286-812; 166-133-063-228-563; 050-211-061-492-736; 110-828-666-982-96X; 032-904-930-498-064,,2026
157-511-509-476-836,Heat transfer from non-groundable electronic components,"An electronic package is provided. The electronic package comprises an electronic component, a substrate, a ground plane, a thermally conductive pathway and at least one thermally conductive member. The ground plane is enclosed in or supported by the substrate. The electronic component includes a non-groundable thermal output and is mounted to the substrate. The thermally conductive pathway extends within the substrate between an interface exposed on a surface of the substrate and the ground plane. The thermally conductive pathway is configured to electrically isolate the interface from the ground plane. The thermally conductive member couples the output to the interface. An electronic device comprising such an electronic package is also provided.",H01L23/373; H01L23/00; H01L23/498; H05K1/02,H05K1/0204; H01L23/3735; H01L23/49827; H01L24/13; H01L24/16; H05K1/0215; H01L24/14; H01L24/29; H01L24/73; H01L2224/13147; H01L2224/1403; H01L2224/16227; H01L2224/2919; H01L2224/73204; H01L2924/0665,092-340-494-777-408; 016-656-091-295-433,,2026
126-734-128-518-047,Wiring substrate,"A wiring substrate includes a core substrate, a first build-up part formed on a first surface of the substrate and including insulating layers and conductor layers, and a second build-up part formed on a second surface of the substate on the opposite side with respect to the first surface and including insulating layers and conductor layers. The first build-up part includes a first region and a second region such that a distance between adjacent conductor layers in the second region is smaller than a distance between adjacent conductor layers in the first region, the conductor layers in the second region include second wirings having the minimum wiring width and the minimum inter-wiring distance that are smaller than the minimum wiring width and the minimum inter-wiring distance of first wirings of the conductor layers in the first region and the insulating layers are continuous in the first region and second region.",H05K1/02,H05K1/0298; H05K1/0271; H05K1/0296,,,2026
093-689-625-174-956,Connector assembly,"A connector assembly includes a guiding shield cage, a receptacle connector, a partitioning bracket and a movable heat sink. The receptacle connector is provided to a rear segment of an interior of the guiding shield cage, the receptacle connector has an upper receptacle and a lower receptacle. The partitioning bracket is provided in the guiding shield cage, the partitioning bracket and the guiding shield cage together define an upper receiving space which corresponds to the upper receptacle and a lower receiving space which corresponds to the lower receptacle. The movable heat sink is assembled to the partitioning bracket, the movable heat sink is capable of moving relative to the partitioning bracket between a front position where the movable heat sink is positioned in front of a front end of the upper receptacle a front end of the lower receptacle and a rearward position where the movable heat sink at least partially enters into between the upper receptacle and the lower receptacle.",H01R13/6583; H01R13/508; H05K7/20,H01R13/6583; H01R13/508; H05K7/20418,002-898-874-091-895; 018-502-202-115-521; 198-625-631-119-405; 123-544-843-151-276; 014-256-833-691-609; 106-125-651-837-342,,2026
129-686-589-337-586,Highly adaptable power system,"A power system and method of operating the same. In one embodiment, the power system includes a plurality of power converters configured to power a host system. The power system also includes a power converter controller configured to provide a status of and control the plurality of power converters and at least one system element of the host system responsive to a plurality of host system signals. The control includes a scripted sequence of events as function of a change of an operational condition of at least one of the plurality of power converters and the host system.",G06F1/26; G06F1/28; G06F13/42; H05K7/14; G06F8/65,G06F1/26; G06F1/28; G06F13/4282; H05K7/1495; G06F8/65,109-625-723-838-871; 134-828-942-765-250; 147-162-423-573-453; 105-790-771-199-836,,2026
005-561-398-156-234,Cooling system with intermediate chamber,"The present disclosure relates to a cooling system of a heating, ventilation, air conditioning, and refrigeration (HVAC&R) system. The cooling system includes an enclosure defining a fluid chamber, and the enclosure includes an evaporating surface configured to be in thermal communication with a liquid fluid in the fluid chamber and with an electronic component coupled to the enclosure, where the evaporating surface is configured to transfer thermal energy from the electronic component to the liquid fluid, such that the liquid fluid transitions to a vapor fluid within the fluid chamber, and includes a condensing surface configured to absorb thermal energy from the vapor fluid, such that the vapor fluid condenses into the liquid fluid within the fluid chamber. The cooling system also includes a heat rejection system coupled to an exterior surface of the enclosure, where the heat rejection system is configured to absorb thermal energy from the condensing surface.",F24F1/24; F28D15/02; H05K7/20,F24F1/24; F28D15/0266; H05K7/20263; H05K7/20309,123-037-855-322-355; 083-827-597-951-497; 052-475-521-958-472; 187-660-981-860-61X; 075-087-691-293-08X; 079-393-886-695-266; 047-188-833-273-736; 108-822-182-693-134; 120-061-711-952-500,,2026
003-374-951-417-57X,Electronic device having housing having matt surface and method of producing the same,"Disclosed are an electronic device including a housing having a matte surface and a method of manufacturing the same. An electronic device according to various embodiments of the disclosure is an electronic device including a housing. The housing may include a base material including an aluminum alloy, a plurality of pits adjacently formed on a surface of the base material, and a crystal grain boundary protrusion part formed as a crystal grain boundary of the surface of the base material portion protrudes on the surface. A method of manufacturing a housing for an electronic device may include an etching step of generating irregularities on a surface of a base material including an aluminum alloy in a way to etch the base material by dipping the base material into an etching solution containing chloride ions, and an anodizing step of forming an anodizing layer on the surface of the base material by dipping, into an anodizing solution, the base material on which the etching step has been completed and applying a current to the base material by using the base material as an anode.",H05K5/04; C25D11/24; C25D21/00,H05K5/04,045-686-094-119-653; 063-084-533-617-211; 192-790-227-313-565; 154-323-696-564-016; 026-839-697-068-977; 140-736-052-976-493,,2026
104-414-037-791-450,Noise suppression sheet and cable,"A noise suppression sheet that includes a first magnetic layer. The first magnetic layer includes a plurality of first regions stacked in a thickness direction of the noise suppression sheet and a second region positioned between the first regions. The first magnetic layer includes a first metal component of Ni, a second metal component of Fe, and a third metal component other than Ni and Fe. The concentration of the third metal component in the second region is higher than the concentration of the third metal component in the first regions.",H01B7/18; H05K9/00,H05K9/0088; H01B7/1875; H05K9/0098,069-297-285-190-403; 159-921-286-081-283; 041-970-667-192-253; 092-810-767-704-874; 122-428-858-340-825,,2026
084-397-150-468-369,Slide rail assembly,"A slide rail assembly includes a first rail, a second rail, a third rail, a fourth rail and a fifth rail. The second rail and the third rail are respectively movable relative to the first rail. Each of the second rail and the third rail is formed with a passage. The fourth rail and the fifth rail are configured to be accommodated in the passages of the second rail and the third rail respectively.",H05K7/14; H05K7/18,H05K7/1489; H05K7/183,062-366-344-734-864; 136-270-104-811-185; 004-247-368-859-113; 162-641-548-631-698; 099-607-588-300-12X; 138-481-189-951-939; 118-114-294-165-534; 168-301-031-876-438,,2026
185-454-723-078-502,Electronic device with optical sensor,"An electronic device including an optical sensor is disclosed. An electronic device may include: a first housing; a second housing connected to the first housing to be partially movable in a movement direction; a flexible display that is disposed to be supported by the first housing and the second housing, in which a size of a display area exposed to the outside changes according to a movement of the second housing with respect to the first housing, and in which a light transmitter through which light is transmitted is formed; a printed circuit board (PCB) disposed in an internal space formed by the first housing and the second housing; an optical sensor configured to sense a target located outside the flexible display; and a processor. The optical sensor may include: a light source disposed on the PCB and configured to irradiate light to the outside of the flexible display through the light transmitter; and a light receiver connected to a rear surface of the display area of the flexible display and configured to receive light reflected from the target through the light transmitter. Relative positions of the light source and the light receiver may change according to a change in the size of the display area. In addition, various example embodiments may be possible.",G01S7/481; G01C3/08; G06F1/16; G09G3/00; H04M1/02; G01B11/26; H05K5/00,G01S7/4813; G01C3/08; G06F1/1652; G09G3/035; H04M1/0268; G01B11/26; G09G2330/02; G09G2360/14; H05K5/0017,155-209-489-470-073; 101-971-314-237-89X; 121-374-004-518-178; 006-923-027-811-641; 136-517-847-899-36X; 060-400-549-228-643,,2026
059-431-648-455-135,Circuit board and semiconductor package comprising same,"A circuit board according to an embodiment includes an insulating layer; a circuit pattern layer including a first metal layer disposed on the insulating layer; a protective layer disposed on the insulating layer, vertically overlapping the first metal layer, and including a recess portion having a step in a horizontal direction; and a second metal layer disposed in the recess portion of the protective layer, wherein the recess portion includes a portion having a width greater than a width of the first metal layer, and wherein the second metal layer is disposed in the portion of the recess portion with a width greater than the width of the first metal layer.",H05K1/11; H01L23/498; H05K3/3452; H05K3/42,H05K1/111; H01L23/49822; H01L23/49838; H05K3/3452; H05K3/429,093-343-133-088-770; 169-038-560-536-771; 033-379-091-500-349,,2026
156-611-740-667-91X,Electronic package and method for making the same,"An electronic package comprises: a substrate comprising a first region and a second region adjacent to the first region in a lengthwise direction of the substrate; a first electronic component mounted on the substrate in the first region; a second electronic component mounted on the substrate in the second region, wherein the second electronic component does not occupy an entirety of the substrate in a widthwise direction of the substrate; and an encapsulant layer formed on the substrate, wherein at least the second electronic component is exposed from the encapsulant layer, and wherein the encapsulant layer extends from the first region to the second region to reinforce the substrate in both the first region and the second region.",H05K1/00; H01L21/56; H01L23/31; H01L23/552; H01L25/16; H05K1/02; H05K1/18; H05K3/28; H05K9/00,H05K1/0271; H01L21/56; H01L23/3121; H01L23/552; H01L25/16; H05K1/18; H05K3/284; H05K9/0022; H05K2201/10189; H05K2201/2009; H05K2203/1316; H05K2203/1322,053-136-740-485-783; 033-199-107-478-150; 052-888-603-797-516; 181-819-881-600-371,,2026
161-622-675-794-932,Printed circuit board having lead pads that accommodate offset electronic component leads,"A printed circuit board (PCB) includes lead pads that are shaped and sized to account for offset leads of an electronic component, such as a capacitor. A proximal end of the lead pad has a first dimension and a distal end of the lead pad has a second dimension that is larger than the first dimension. The larger width of the proximal end of the lead pad accommodates offset leads and helps ensure lead joint integrity. The narrower width of the proximal end prevents solder from overflowing onto other areas on the PCB.",H05K1/00; H05K1/11; H05K1/182,H05K1/119; H05K1/182; H05K2201/09072; H05K2201/09381; H05K2201/09427; H05K2201/0949; H05K2201/10015; H05K2201/10757,,,2026
141-467-234-153-045,Liquid cooling system automated additive control,"An automated system to monitor and maintain the water quality in a liquid cooling system for computer servers. The ACQ system includes a side stream flow system with banks of chemical sensors, digital video recording, PLC control systems, chemical addition tanks, valves, injection manifold, chemical verification of additive methods, filters, and alert systems. Water is monitored in the flow loop with sensors to establish a baseline chemical profile. Changes in water chemistry or at periodic intervals trigger an automatic adjustment of water chemistry with various chemicals held on the system in tanks. Confirmation of the injection of chemicals is accomplished with gravimetric methods and measured chemical change to the system. Deviations from baseline chemical characteristics can trigger injections of chemicals depending on the specific variation.",F28F27/00; F28F19/00; G01N21/94; H05K7/20,F28F27/00; F28F19/00; G01N21/94; H05K7/20254; H05K7/20281; F28F2265/20,146-738-569-714-928,,2026
066-036-892-279-499,"Connector for accommodating the accumulated tolerance, server, and computer","A connector for connecting to a first connecting member comprises a first supporting member, a second supporting member and an elastic member. A mounting hole is defined on the first supporting member for movable connecting to the first supporting member. The second supporting member is configured to be able to deflect axially relative to the first supporting member. The elastic member comprises a first ring body and a second ring body. A gap is defined between the first ring body and the second ring body for translating or deflecting the first ring body relative to the second ring body. When the second supporting member moves and/or deflects relative to the first supporting member, the first ring body and the second ring body are forced to translate and/or deflect relative to each other. The connector is applied in the server and computer for accommodating the accumulated tolerance.",H05K7/14; F16L21/00; H01R13/631,H05K7/1488; F16L21/00; H01R13/631,163-456-564-130-940; 079-702-378-144-499; 080-162-241-918-212; 109-431-220-152-805; 021-635-273-556-241,,2026
083-661-775-843-871,Thermal management system for an information handling system,"A thermal management system, including a fan including: a fan housing; an impeller coupled to the fan housing; a fin stack coupled to the fan; a heat pipe having a first end and a second end, the heat pipe in thermal communication with a computing element at the first end of the heat pipe; a vapor chamber coupled to the fan housing, the vapor chamber and the fan housing encasing the impeller, the vapor chamber coupled to the second end of the heat pipe, the vapor chamber in fluid communication with the heat pipe, wherein the heat pipe is configured to transfer thermal energy from the computing element at the first end of the heat pipe to the second end of the heat pipe such that the thermal energy is transferred to the vapor chamber, wherein the impeller transfers the thermal energy at the vapor chamber to the fin stack.",G06F1/20; H05K7/20,G06F1/206; H05K7/20136; H05K7/20209; H05K7/20454,171-072-071-808-212; 049-857-250-331-55X; 176-870-948-532-629; 167-527-946-801-27X; 064-417-188-955-306,,2026
046-773-274-156-584,Coupling assembly and coupling auxiliary assembly,"A coupling assembly includes a first coupler, a second coupler connected to the first coupler, a first base, at least one pin, at least one elastic member sleeved on the pin, a resilient ring sleeved on the second coupler and between the second coupler and the protrusion, and a second base. A hole of the first base is radially separated from the first through hole. The resilient ring includes at least one convex portion and at least one concave portion arranged alternately. The second base includes a body and at least one protrusion protruding from a side of the body close to the first base. The body is movably disposed on the first base along the axial direction through the pin and the elastic member. The second coupler passes through the body. The convex portion abuts against the protrusion.",F16L37/00; F16L23/024; F16L23/18; F16L37/14; H05K7/20,F16L23/024; F16L23/18; F16L37/14; H05K7/20272,167-810-887-375-795; 112-158-684-593-653; 043-941-441-054-296; 002-439-987-986-30X,,2026
183-479-108-353-216,Cooling system with a plurality of substrates and projection device,"A cooling system includes a flow channel structure including flow channel substrates, a first outer substrate, a first inner adsorption layer, a first outer adsorption layer, and a first heat insulating layer and a first cooling chip having a cold side and a hot side opposite to each other. The flow channel substrates surround to form an air flow channel and include a first inner substrate with a second surface facing the air flow channel and a first surface disposed on the cold side. A first surface of the first outer substrate is disposed on the hot side. The first inner adsorption layer is disposed on the second surface of the first inner substrate. The first outer adsorption layer is disposed on a second surface of the first outer substrate. The first heat insulating layer is disposed between the first inner substrate and the first outer substrate.",G03B21/16; F21V29/502; F21V29/54; F21V29/67; H05K7/20,G03B21/16; F21V29/502; F21V29/54; F21V29/67; H05K7/20136; H05K7/20154; H05K7/20181; H05K7/20409; H05K7/20436; H05K2201/066; H05K2201/10219,134-916-445-350-716; 120-295-191-191-673; 154-363-916-645-544; 141-185-608-245-732; 113-737-047-552-288; 129-433-015-221-204,,2026
173-146-680-492-315,"Non-electroconductive flux, connected structure, and method for producing connected structure","Provided is a non-electroconductive flux capable of enhancing productivity and impact resistance of a connected structure to be obtained and suppressing occurrence of solder flash. The non-electroconductive flux according to the present invention contains an epoxy compound, an acid anhydride curing agent, and an organophosphorus compound.",B23K35/36; B23K35/02; C08G59/24; C08G59/42; C08G59/68; H01L23/00; H05K3/341; H05K3/3489; H05K3/36,B23K35/3613; B23K35/025; C08G59/245; C08G59/4238; C08G59/688; H01L24/05; H01L24/13; H01L24/16; H01L24/27; H01L24/29; H01L24/32; H01L24/73; H01L24/81; H01L24/83; H01L24/92; H05K3/3436; H05K3/3489; H05K3/368; H01L2224/05611; H01L2224/05624; H01L2224/05639; H01L2224/05644; H01L2224/05647; H01L2224/05655; H01L2224/0566; H01L2224/0568; H01L2224/05684; H01L2224/1369; H01L2224/27422; H01L2224/29078; H01L2224/2919; H01L2224/32013; H01L2224/73103; H01L2224/73204; H01L2224/81024; H01L2224/81815; H01L2224/83862; H01L2224/9211; H01L2924/0665; H05K2203/0485,064-083-275-097-138,,2026
127-769-725-191-050,Electronic device,"An electronic device including a first device body, a second device body, a rotating mechanism, and a flexible display screen. The flexible display screen includes a first display screen, a second display screen, and a third display screen. The first device body is rotatably connected to the second device body via the rotating mechanism; the first display screen is connected to the second display screen via the third display screen; the first device body is connected to the first display screen, and the second device body is connected to the second display screen. The rotating mechanism includes a shaft, a transmission apparatus, and a top rod. The shaft is connected to the top rod via the transmission apparatus, and at least one of the first device body or the second device body is connected to the top rod.",H05K5/02; F16C11/04,H05K5/0226; F16C11/04,090-367-957-740-79X; 148-995-746-101-322; 149-777-930-730-517; 196-577-722-052-764; 074-298-246-386-636; 143-989-722-840-654; 103-927-451-656-710; 185-160-197-846-722; 189-852-709-180-809; 103-176-326-222-484; 172-139-885-324-065; 024-114-917-478-548; 110-087-703-105-830; 045-899-004-530-983; 002-203-273-470-255,,2026
077-755-005-755-576,Via assembly for printed circuit board,"Provide for herein is an apparatus that includes multiple printed circuit board (PCB) layers and a via assembly. The via assembly includes a signal via extending through the multiple layers, and the signal via is configured to transmit a signal between the layers. The via assembly also includes a capacitive structure connected to the signal via to adjust an impedance of the via assembly along the via assembly. The capacitive structure is physically and electrically separate from other components of the PCB.",H05K1/02,H05K1/0251; H05K1/0222; H05K2201/0939; H05K2201/09481; H05K2201/09609,091-724-383-014-113; 026-876-165-383-100; 159-793-865-523-361; 196-432-922-098-655; 084-245-800-585-653; 158-356-098-425-565; 086-536-597-733-640,,2026
123-647-043-737-019,一种等离子蚀刻设备及蚀刻除胶方法,"本发明公开了一种等离子蚀刻设备及蚀刻除胶方法，通过在电极板中嵌入永磁铁组，永磁铁组的充磁面与电极板的平面相互垂直，所述永磁铁组的充磁面与所述电极板的平面相互垂直,以使通电状态下不同所述电极板间产生的磁场与所述电极板上产生的交变电场相互垂直，在交变电场的作用下，将反应气体离化为等离子体，通过磁场的合理布置，在磁场的作用下，等离子体的浓度和化学活性增加，从而提高对孔内残胶的咬蚀速度和均匀性。",H05K3/00,H05K3/0055; H05K2203/095; H05K2203/087; Y02P70/50,,,2026
039-743-225-296-547,一种燃气轮机数据采集装置及采集方法,本发明公开了一种燃气轮机数据采集装置及采集方法，涉及到数据采集技术领域。装置包括机箱主体、数据采集板卡、母板、信号转换板卡、工控机、交换机板卡、电源板卡、触摸屏。各数据采集板卡与母板采用插拔式连接，各信号转换板卡一端与母板采用插拔式连接，另一端与端子排连接，端子排接口与传感器相连。交换机板卡与母板采用插拔式连接，各数据采集板卡与交换机板卡通过母板的网口信号线进行通信，交换机板卡另一端与工控机通过网口连接，采集的信号经过数据采集板卡处理后传输到工控机上做进一步分析。本发明的特点在于采集信号多类，采集板卡可复用、可扩展，设计交换机板卡集成于机箱内部，携带方便，设计信号转换板卡，安装简便。,H05K5/02; F02C9/00,F02C9/00; H05K5/0291; H05K5/0247,,,2026
093-719-075-871-021,液体浸没冷却系统,公开了浸没冷却系统。示例浸没冷却系统包括浸没槽，该浸没槽包括冷却流体和容纳冷却流体的再循环部分的贮液器。贮液器与浸没槽分开一定高度，以在浸没槽中的冷却流体和贮液器中的冷却流体之间产生液面高度变化。供应导管要流体耦合浸没槽和贮液器。冷却流体经由重力从贮液器提供给浸没槽。,H05K7/20,H05K7/20236; H05K7/20781,,,2026
199-642-605-982-054,用于拾取和放置设备的挠性拾取臂,一种用于电子器件的拾取和放置设备的拾取臂包括主体，所述主体具有近端和远端，在所述近端，拾取臂能够安装到拾取臂支撑件上，在所述远端，安装有用于夹持电子器件的夹头。第一刚性体位于拾取臂的近端附近，第二刚性体位于所述拾取臂的远端附近。第一挠性件和第二挠性件将第一刚性体连接到第二刚性体。此外，第一挠性件与第二挠性件间隔开，并且第一挠性件和第二挠性件具有基本上彼此平行布置的相对表面。致动器用于将偏置力施加到第二刚性体上以使第一挠性件和第二挠性件相对于第一刚性体弯曲，从而偏置拾取臂的夹头使其移动。,H10P72/30,H05K13/0404; H10P72/0446; H10P72/3212; H10P72/78; H05K13/0409; B65G47/90; H05K13/0404; H05K13/041; H05K13/0409; H05K13/0486,,,2026
104-511-636-039-871,用于工业处理组件优选是等离子体处理组件或加热组件的电力转换器,提出了用于工业处理组件（1）、优选是等离子体处理组件或加热组件的电力转换器（4），该电力转换器包括：‑ 散热器（5，85）；以及‑ 待冷却单元（10），该待冷却单元特别是电气单元、优选是半导体组件，优选地包括功率半导体部件，其中，待冷却单元（10）与散热器（5）具有固定连接、特别是一体接合连接，并且其中，散热器（5，85）被配置成耗散来自待冷却单元（10，80）的热并且包括：‑ 冷却通道（35，95）；以及‑ 冷却剂入口（40）和冷却剂出口（45），该冷却剂入口和该冷却剂出口都与冷却通道（35，95）流体连接，用于供应和排放冷却剂、特别是冷却液、优选是冷却水，其中，散热器（5，85）由一种材料以整体形式构造，并且当散热器（5，85）紧固至冷却单元（22）时，第一流体连接同时被流体紧密地密封。,H05K7/20,H05K7/20927,,,2026
120-052-064-716-637,电子控制装置和电子控制装置的制造方法,本发明的电子控制装置包括：能够搭载电子部件的、形成有接地图案的电路板；收纳电路板的导电性的壳体；和电磁波屏蔽材，其配置在电路板的接地图案与壳体之间，将接地图案与壳体电连接。电路板或壳体具有能够被电磁波屏蔽材按压的导体基准面、以及与导体基准面相比突出至电磁波屏蔽材一侧的导体突出部。电磁波屏蔽材以与导体基准面和导体突出部接触的状态配置。,H05K9/00,H05K9/00,,,2026
100-798-659-884-723,布线基板的制造方法,本发明提供布线基板的制造方法，布线基板具有准确形成的过孔导体。实施方式的布线基板的制造方法包含如下步骤：准备在表面形成有金属膜层（ML2）的支承基板；在金属膜层（ML2）上形成包含对准图案（AP）的镀覆膜层（122）；形成覆盖镀覆膜层（122）的绝缘层（11）；通过参照从对准图案（AP）得到的位置信息对绝缘层（11）照射激光（LL），而形成沿厚度方向贯通绝缘层（11）的贯通孔；以及通过用导体填充贯通孔而形成过孔导体。形成镀覆膜层（122）的步骤包含如下步骤：使规定的波长的光在金属膜层（ML2）的上表面的正反射率与在镀覆膜层（122）的上表面的正反射率不同。,H05K3/40; H05K1/02; H05K1/11; H05K3/00; H05K3/18; H05K3/42; H05K3/46,H05K3/4038,,,2026
050-744-051-068-829,显示模组及显示装置,本申请实施例提供了一种显示模组及显示装置。显示模组包括：导热结构、显示面板和散热结构。散热结构包括：导热结构设置于显示面板背光面的一侧；电路板组件位于导热结构远离显示面板的一侧；支撑件的一端被配置为与导热结构抵接，支撑件的另一端与电路板组件抵接；第一导热件的一端与导热结构连接，第一导热件的另一端穿过电路板组件，用于与显示装置的外部导热组件连接。本申请实施例用支撑件隔开导热结构和电路板组件，避免导热结构与电路板组件的散热过程相互干扰，减少了导热结构与电路板组件之间的热量堆积，提高了散热的效率；使用第一导热件将导热结构的热量传导至外部导热组件，便于对导热结构散热。,H05K7/20; G09F9/30,H05K7/20954; G09F9/30,,,2026
104-712-830-291-801,分体式箱耳、服务器及服务器机柜,本申请公开了一种分体式箱耳、服务器及服务器机柜，涉及服务器技术领域，分体式箱耳设置于箱式构件并包括第一分体部和第二分体部，第一分体部包括第一本体部和第一配合部，第二分体部包括第二本体部和第二配合部，第一配合部和第二配合部可拆卸连接；不同尺寸的箱式构件对应的第二分体部和第一配合部的尺寸相同，第一本体部的尺寸与相应的箱式构件的尺寸相对应。本申请由于不同高度的服务器本体对应的第二分体部和第一配合部的尺寸相同，不同高度的服务器本体对应的第一本体部的高度与相应的服务器本体的高度相对应，这样只需更换不同尺寸第一本体部的第一分体部就能适应不同尺寸的箱式构件，箱耳的通用性强，降低了生产成本。,H05K7/14,H05K7/1487; H05K7/1488; H05K7/1489,,,2026
083-502-339-225-999,贯通电极基板以及贯通电极基板的制造方法,贯通电极基板也可以具备：基板，包括第一面及位于第一面的相反侧的第二面，并设置有包括从第一面抵达第二面的壁面的贯通孔；贯通电极，包括位于第一面的第一端面和位于第二面的第二端面，并将贯通孔填埋；以及密接层，位于贯通电极和贯通孔的壁面之间。贯通电极也可以包括：包括第一端面的第一层；和包括第二端面，且在界面相接于第一层的第二层。密接层也可以沿着壁面朝向第二面延伸，以使得未到达第二面。密接层也可以包括朝向第二面的延伸被终止的第二端。界面也可以在基板的厚度方向上位于第一面和密接层的第二端之间或者第二面和密接层的第二端之间。,H10W70/60; H05K1/11; H05K3/40,H05K1/11; H05K3/40; H10W70/60,,,2026
129-868-710-397-167,卡扣机构,本发明公开一种卡扣机构，包含一壳体、一第一卡扣件以及一第二卡扣件。壳体具有一第一卡槽以及一第二卡槽。第一卡扣件可滑动地设置于壳体中，且第一卡扣件具有一第一卡扣部。第二卡扣件可转动地设置于壳体中，且第二卡扣件具有一第二卡扣部。当第一卡扣件位于一第一锁定位置时，第二卡扣件可于一第二锁定位置与一第二释锁位置之间转动。当第二卡扣件位于第二释锁位置，且第一卡扣件自第一锁定位置滑动至一第一释锁位置时，第一卡扣件推动第二卡扣件朝第二锁定位置转动，使得第二卡扣部遮挡第二卡槽。,B25B27/00,B25B27/00; H05K7/1489; H05K5/0221; G06F1/186; H05K7/1489; G06F1/186; H05K5/0221; H05K7/1487,,,2026
057-753-854-400-644,一种基于MQTT协议轻量级传输的LORA边缘计算装置,本发明涉及边缘计算装置技术领域，公开了一种基于MQTT协议轻量级传输的LORA边缘计算装置，本发明通过第一电动气缸带动运转，使滑移门打开的同时，固定板正好带动边缘计算装置操作终端移出保护壳体，反之，当用户不需要使用边缘计算装置时，通过第一电动气缸运转带动边缘计算装置收回保护壳体的同时，滑移门完全关闭，防止外界环境因素对边缘计算装置操作终端产生破坏，同时边缘计算终可以移动，不仅方便维修，也便于除尘装置对整个装置进行除尘；本发明还通过除尘装置不需要人工参与即可自主完成除尘动作，不仅除尘过程安全高效，且除尘效果好，还能减轻工作人员的工作压力。,H05K7/20; H05K5/03; H05K7/14,H05K7/20181; H05K7/20136; H05K7/14; H05K5/03,,,2026
036-903-313-601-346,一种服务器机柜动力环境监控方法、设备及介质,本申请公开了一种服务器机柜动力环境监控方法、设备及介质，用以解决现有的动环监控系统容易导致隐私泄露，数据安全无法得到保障的技术问题。方法包括：通过主动标识模块确定主控芯片的加密区域存储有国密芯片对应的密钥并读取主动标识模块的标识码校验服务器机柜的身份信息；若校验成功则通过主控机接收各传感器设备采集到的服务器机柜的动力环境数据并将动力环境数据传输至主动标识模块的主控芯片中；基于主控芯片中国密芯片的密钥对动力环境数据进行加密存储并推送至工控机中；通过工控机对动力环境数据进行边缘计算并确定动力环境数据是否存在异常情况以便将异常情况对应的告警信息推送至对应的管理员，实现了数据的安全存储。,G06F21/73; G01D21/02; G05B19/048; G06F21/77; H05K7/14,G06F21/73; G06F21/77; H05K7/1498; G05B19/048; G01D21/02; Y04S40/20,,,2026
109-852-589-999-702,一种复合墨水及其制备方法和在气溶胶喷印共形电路中的应用,本发明公开了一种复合墨水及其制备方法和在气溶胶喷印共形电路中的应用，属于共性电路制备技术领域。本发明提供一种低后处理温度就可以原位烧结的复合墨水，实现在聚合物基底上采用气溶胶喷印方式制备共形电路。本发明使用银纳米颗粒和银离子复配制备用于气溶胶喷印制备共形电路的复合墨水。该复合墨水利用高固含量的纳米银颗粒墨水沉积到基板上后颗粒间的毛细作用，使得含有银离子的墨水填充在颗粒间的缝隙中，在加热的基板上银离子原位还原，生成的纳米银颗粒填充在原有的纳米颗粒的缝隙中，大幅提升了共形电路的导电性。使用该复合墨水进行气溶胶喷印，制备的共形电路在100℃的后处理温度下，电导率达到了22.4μΩ·cm。,C09D11/38; C09D11/52; H05K1/09,C09D11/38; C09D11/52; H05K1/092,,,2026
008-249-904-245-022,用于中心固定式致动器的顶部腔体空腔,描述了流动腔室、冷却系统和方法。流动腔室包括具有顶壁的上腔室、致动器和下腔室。致动器定位在顶壁的远侧。当致动器被致动时，下腔接收来自上腔的流体。顶壁在其中包括至少一个空腔。冷却系统利用包括流动腔室的冷却单元。该方法包括以引导流体通过流动腔室的频率驱动致动器。,G06F1/20,G06F1/20; G06F1/20; H05K7/20136; B06B1/06; H10W40/40,,,2026
045-381-517-728-972,保护电路模块及其制造方法、以及二次电池,公开了保护电路模块及其制造方法、以及二次电池。保护电路模块包括：基板，电连接到电池单体；部件，在基板上的部署区域中；第一绝缘层，在基板上在除了部署区域以外的区域中；第二绝缘层，在第一绝缘层上并且与部件分离；以及涂层，在第一绝缘层上并且围绕部件。,H05K1/02; H01M10/42; H02H7/18; H02J7/00; H02J7/61; H02J7/62; H02J7/63; H02J7/70; H05K1/03; H05K1/18; H05K3/00; H05K3/28; H05K3/30,H05K2201/09909; H02J7/60; H01M10/425; H05K2201/10037; H05K3/28; H05K2203/0582; H05K2203/0588; H05K2201/0166; H05K3/284; H05K3/287; H01M2010/4271; H01M10/425; H02H7/18; H05K1/16; H05K3/4644; H05K2201/10037; H05K2203/013,,,2026
011-398-264-712-725,具有可替换模块的液体冷却处理系统,本公开涉及具有可替换模块的液体冷却处理系统。提供了模块化处理系统。在一个方面，模块化处理系统包括：第一电子模块，该第一电子模块包括第一印刷电路板（PCB）和第一PCB上的第一电子部件；第二电子模块，该第二电子模块包括第二PCB和第二PCB上的第二电子部件；以及冷板，该冷板被布置在第一电子模块与第二电子模块之间。冷板被配置为使冷却剂循环以冷却第一PCB和第二PCB。冷板的至少一部分被包括在第一电子模块中。第一电子模块可移除地被固定到第二电子模块。,H05K7/20; H05K7/14,H05K7/20254; H05K7/20872; H05K5/0065; G06F1/20; H05K7/20254; H05K7/20872,,,2026
088-296-565-486-959,压电振动散热装置,本发明公开了一种压电振动散热装置，本发明涉及散热装置技术领域，压电振动散热装置包括：安装座、散热工作机构，安装座形成有安装空间，安装座具有用于与被散热元件接触的导热壁，安装座还具有与安装空间连通的散热口，散热工作机构安装于安装空间，且散热工作机构和导热壁相对且间隔开，以形成与散热口连通的散热空间，散热工作机构具有进气口和出气口，进气口与外界环境连通，出气口与散热空间连通，散热工作机构被配置为驱动气体依次通过进气口和出气口流入散热空间内，以使散热空间内气体从散热口流出散热空间。由此，能够实现高速射流冲击散热，散热效率高、噪音低，并且压电振动散热装置结构简单稳定、占用空间小、便携易安装。,H05K7/20,H05K7/2039; H05K7/20136; H05K7/20145,,,2026
022-040-839-763-658,用于生成3D医学图像数据的基于计算机的可视化的方法,描述了用于生成3D医学图像数据的基于计算机的可视化的方法。该方法包括接收3D医学图像数据并执行选择处理以选择形成3D医学图像数据的第一部分的第一图像数据，第一图像数据表示给定类型的第一解剖对象。对第一图像数据执行分析处理，其中，分析处理的参数基于第一解剖对象的给定类型。至少部分地基于分析处理的结果确定关于第一部分的视觉参数映射，以便在渲染处理中使用来生成3D医学图像数据的可视化。还描述了生成3D医学图像数据的基于计算机的可视化的方法以及用于执行该方法的设备。,G06T15/08; G06T17/00; G06T19/20,G06T15/08; G06T17/00; G06T19/20; G06T15/08; G06T2210/41; G06T7/11; G06T7/0012; G06T2207/10081; H05K1/0209; H05K2201/10272; G06T7/11; G16H30/20; G16H30/40; G16H80/00; G06T7/0014; G06T19/00; G06T2207/30004; G06T2210/41,,,2026
014-861-503-934-108,感光性树脂组合物、感光性元件、抗蚀剂图案的形成方法及配线基板的制造方法,本发明所涉及的感光性树脂组合物含有粘合剂聚合物、光聚合性化合物、光聚合引发剂及增感剂，光聚合性化合物包含具有双环骨架的单官能（甲基）丙烯酸酯，相对于粘合剂聚合物及光聚合性化合物的总量100质量份，具有双环骨架的单官能（甲基）丙烯酸酯的含量小于5.0质量份。,G03F7/027; B32B27/16; B32B27/18; B32B27/30; G03F7/004; G03F7/031; G03F7/40; G03F7/42; H05K3/06; H05K3/18,B32B27/16; B32B27/18; B32B27/30; G03F7/004; G03F7/027; G03F7/031; G03F7/40; G03F7/42; H05K3/06; H05K3/18,,,2026
028-805-934-986-155,车辆电子模块,本发明涉及一种车辆电子模块（1），包括：‑ 壳体（2）；‑ 第一电子单元（3）和第二电子单元（4）；‑ 冷却单元（5），其布置在壳体（2）中并且布置在第一电子单元（3）和第二电子单元（4）之间；和‑ 移动装置（7）；其中，‑ 通过移动装置（7），可以执行第一相对移动，使得在第一定位状态下冷却单元（5）与第一电子单元（3）间隔开地布置在壳体（2）中，并且在第二定位状态下冷却单元（5）和第一电子单元（3）在壳体（2）中彼此压靠，‑ 通过移动装置（7），能够在第二电子单元（4）和冷却单元（5）之间执行第二相对移动，第二相对移动能够类似于第一相对移动地执行，并且‑ 移动装置（7）包括致动系统（9），通过致动所述致动系统（9），可以选择性地产生第一相对移动和/或第二相对移动。,H05K7/20,H05K7/20872; H05K7/20854,,,2026
174-059-171-621-335,一种具有顶部间隙的肋阵微通道热沉,本发明属于电子器件散热领域，并具体公开了一种具有顶部间隙的肋阵微通道热沉，其包括矩形微通道，该微通道流道上设置有肋阵，所述肋阵包括多个肋片；所述肋阵的高度低于微通道侧壁，使肋片上表面与微通道上表面之间形成顶部间隙；顶部间隙系数ε满足0.05≤ε≤0.2。本发明通过在微通道热沉中设置具有顶部间隙的翼型肋阵，对传统微通道热沉进行改进。由于翼型肋片结构特点，且与微通道上表面存在顶部间隙，可使得流体在微通道内流动过程中产生垂直于主流方向的二次流，同时减小流动阻力，从而有效提高微通道热沉的换热效果和综合性能。,H05K7/20,H05K7/20272,,,2026
086-356-172-888-307,电容器组结构、半导体封装结构及其制造方法,本揭露涉及电容器组结构、半导体封装结构及其制造方法。一种电容器组结构包括：电容器，其包含多个第一电极和与多个第一电极相对的多个第二电极；多个导电衬垫，其电连接到电容器；第一保护材料，覆盖电容器和多个导电衬垫的侧壁；以及第二保护材料，覆盖第一保护材料和所述第一电极的侧壁，其中第一保护材料的材料不同于第二保护材料的材料。,H10W44/00; H10W20/00; H10W20/41; H10W20/43,H01G4/38; H01G4/33; H01G4/005; H01G4/236; H05K1/185; H05K2201/10159; H05K2201/10166; H05K1/162; H10D1/692; H10P72/7424; H10P72/743; H10P72/7436; H10P72/74; H10W70/05; H10W74/019; H10W74/01; H10W74/121; H10W74/117; H10W72/00; H10W90/701; H10W70/685; H10W70/611; H10W70/635; H10W90/734; H10W72/248; H10W72/227; H10W72/07254; H10W70/60; H10W72/247; H10W90/724; H10W70/09; H10W90/00; H10W90/754; H10W72/874; H10W72/877; H10W90/722; H10W74/00; H10D1/692; H10W20/496; H10W20/42; H10W20/435; H10W72/20; H10W72/90; H10W74/012; H10W74/15; H10W74/016; H10W74/117; H10W74/137; H10W90/00; H10W70/65; H10W70/652; H10W72/29,,,2026
131-607-287-903-195,一种碳膜板生产工艺,本申请涉及电路板技术领域，尤其涉及一种碳膜板生产工艺，包括如下加工步骤：S1：预处理：从整料上根据设计单板尺寸进行下料形成一代板，并对一代板进行清洗：S2：线路印刷后蚀刻去膜：将清洗后的一代板进行线路印刷，印刷完成后检查良率，合格后进行蚀刻去膜形成二代板；S3：定位孔成型：在二代板上打出至少两个定位孔形成三代板，并在磨毛后清洗；S4：多级印刷：对三代板依次进行绿油印刷、阻焊印刷、字符印刷以及碳膜印刷后形成四代板；S5：对四代板进行冲压后划槽，并在清洗后再进行功能测试；本申请具有通过在二代板上开设定位孔，可以使用定位孔作为定位的参考基准，减少多工序之间的加工误差，进而提高碳膜板的生产品质的效果。,H05K3/00; H05K3/06; H05K3/12,H05K3/00; H05K3/1216; H05K3/06; Y02E60/50,,,2026
131-607-287-903-195,一种碳膜板生产工艺,本申请涉及电路板技术领域，尤其涉及一种碳膜板生产工艺，包括如下加工步骤：S1：预处理：从整料上根据设计单板尺寸进行下料形成一代板，并对一代板进行清洗：S2：线路印刷后蚀刻去膜：将清洗后的一代板进行线路印刷，印刷完成后检查良率，合格后进行蚀刻去膜形成二代板；S3：定位孔成型：在二代板上打出至少两个定位孔形成三代板，并在磨毛后清洗；S4：多级印刷：对三代板依次进行绿油印刷、阻焊印刷、字符印刷以及碳膜印刷后形成四代板；S5：对四代板进行冲压后划槽，并在清洗后再进行功能测试；本申请具有通过在二代板上开设定位孔，可以使用定位孔作为定位的参考基准，减少多工序之间的加工误差，进而提高碳膜板的生产品质的效果。,H05K3/00; H05K3/06; H05K3/12,H05K3/00; H05K3/1216; H05K3/06; Y02E60/50,,,2026
086-356-172-888-307,电容器组结构、半导体封装结构及其制造方法,本揭露涉及电容器组结构、半导体封装结构及其制造方法。一种电容器组结构包括：电容器，其包含多个第一电极和与多个第一电极相对的多个第二电极；多个导电衬垫，其电连接到电容器；第一保护材料，覆盖电容器和多个导电衬垫的侧壁；以及第二保护材料，覆盖第一保护材料和所述第一电极的侧壁，其中第一保护材料的材料不同于第二保护材料的材料。,H10W44/00; H10W20/00; H10W20/41; H10W20/43,H01G4/38; H01G4/33; H01G4/005; H01G4/236; H05K1/185; H05K2201/10159; H05K2201/10166; H05K1/162; H10D1/692; H10P72/7424; H10P72/743; H10P72/7436; H10P72/74; H10W70/05; H10W74/019; H10W74/01; H10W74/121; H10W74/117; H10W72/00; H10W90/701; H10W70/685; H10W70/611; H10W70/635; H10W90/734; H10W72/248; H10W72/227; H10W72/07254; H10W70/60; H10W72/247; H10W90/724; H10W70/09; H10W90/00; H10W90/754; H10W72/874; H10W72/877; H10W90/722; H10W74/00; H10D1/692; H10W20/496; H10W20/42; H10W20/435; H10W72/20; H10W72/90; H10W74/012; H10W74/15; H10W74/016; H10W74/117; H10W74/137; H10W90/00; H10W70/65; H10W70/652; H10W72/29,,,2026
174-059-171-621-335,一种具有顶部间隙的肋阵微通道热沉,本发明属于电子器件散热领域，并具体公开了一种具有顶部间隙的肋阵微通道热沉，其包括矩形微通道，该微通道流道上设置有肋阵，所述肋阵包括多个肋片；所述肋阵的高度低于微通道侧壁，使肋片上表面与微通道上表面之间形成顶部间隙；顶部间隙系数ε满足0.05≤ε≤0.2。本发明通过在微通道热沉中设置具有顶部间隙的翼型肋阵，对传统微通道热沉进行改进。由于翼型肋片结构特点，且与微通道上表面存在顶部间隙，可使得流体在微通道内流动过程中产生垂直于主流方向的二次流，同时减小流动阻力，从而有效提高微通道热沉的换热效果和综合性能。,H05K7/20,H05K7/20272,,,2026
059-476-077-939-863,散热装置及其适用的功率模块,一种散热装置包含第一板状体及第二板状体。第一板状体包含第一板件。第一板件具有多个孔洞。第一板件具有彼此相对的第一面及第二面，且第一面朝向功率模块中的发热源。第二板状体与第一板状体叠合设置，且第二板状体包含第二板件及多个凸起件。第二板件具有彼此相对的第三面及第四面，且第三面与第二面相邻。多个凸起件设置于第三面上，且多个凸起件的至少一部分对应穿设于多个孔洞中，并接触发热源。,H05K7/20,H10W40/228; H10W40/255; H10W40/47; H05K1/021; H05K2201/064; H05K2201/066,,,2026
012-075-226-214-952,照明装置,本发明涉及一种照明装置，尤其是包括：LED单元，在两面中的一面安装多个LED元件，并且形成辐射光的面，并且在两面中的另一面形成释放预定热量的发热面；多个散热单元，对于所述LED单元的发热面分别以重力方向上下垂直配置，而且以左右方向间隔预定距离配置，并且在内部形成填充可相变的制冷剂的制冷剂流动空间；及照明主体，安装所述LED单元及所述多个散热单元，并且所述辐射面方向的部位被开口。因此，提供可将散热性能最大化的优点。,F21V29/51; F21V29/56; F21V29/60; F21V29/71; F21V29/74; F21V29/80; F21V29/83; F21V29/89; F21Y115/10; H05K7/20,F21V29/74; F21V29/51; F21V29/56; F21V29/60; F21V29/71; F21V29/80; F21V29/83; F21V29/89; F21Y2115/10; H05K7/20,,,2026
161-137-428-221-302,一种含蛇形布置三角形直肋的对向双层电路板散热结构,本发明公开了一种含三角形直肋蛇形布置的冷却通道散热结构，涉及芯片散热技术领域。目的在于构建一种小空间、高热流下利用蛇形肋布置以及单板上形成的管状流体相互交汇的高效电路散热通道。该散热系统包括上、下导热板，左右支撑板，三角形直肋组成的蛇形肋通道。上下导热板能够同时接触堆叠的对向双层电路板主要元件进行导热并将热量传递至冷却流体，通道内侧蛇形错排布置的三角形直肋与流体方向呈45°夹角，能在中心区域产生较小的涡流增大对冷却流体的扰动以提高散热效果并降低流阻。同时双层布置的带肋导热板在空间上能利用管状流体交汇增加流体扰动强化散热效果，并显著的降低整体电路模块的尺寸。,H05K1/02; H05K7/20,H05K1/0201; H05K1/02; H05K7/205,,,2026
162-156-974-428-861,电子设备及其均热板,本申请提供了一种电子设备及其均热板，该均热板包括第一盖板、第二盖板、第一中间板以及第二中间板；第一盖板与第一中间板之间形成有第一容置腔，第一中间板背离第一盖板的一侧与第二中间板之间形成有第二容置腔，第二中间板背离第一中间板的一侧与第二盖板之间形成有第三容置腔；第一容置腔内设有第一导液件，第二容置腔内设有第二导液件，第三容置腔内设有第三导液件，第一容置腔、第二容置腔以及第三容置腔内均设有导热介质。本申请实施例提供的均热板，相较于传统的均热板增加了多层容置腔，同时使得均热层的层数增加，可以快速的将热量立体式(厚度方向和平面方向同时)传递并扩散开，大幅提高均热板的均热性能。,H05K7/20,H05K7/20218; H05K7/20272; H05K7/2039,,,2026
041-067-314-551-563,用于增强的涂料分配控制的系统和方法,本发明公开了用于增强的涂料分配控制的系统和方法。分配系统被构造成将材料施加到基板序列。分配系统根据操作参数的第一值将第一量的材料施加到第一基板上。传感器用于测量施加在第一基板上的第一量的材料的特性。基于施加在第一基板上的第一量的材料的特性，在施加在基板序列中的后续基板上之后，一定量的材料的特性被估计为超出范围。作为响应来调整操作参数的值，并将第二量的材料施加到第二基板上。,B05B12/08; B05B9/03; H05K3/10,B05C5/0216; B05C11/1005; H05K3/284; H05K2203/0126; B05C5/0216; B05C11/1005; H05K3/284; H05K2203/0126; B05D1/00,,,2026
059-484-056-281-097,一种柔性电路板的制作方法及装置,本发明提供一种柔性电路板的制作方法及装置。所述方法包括：获取第一预设压合参数；根据所述第一预设压合参数和训练好的气泡预测模型，得到气泡预测结果；根据所述气泡预测结果对所述第一预设压合参数进行调整，得到第二预设压合参数；根据所述第二预设压合参数、覆盖膜和柔性电路板基板，得到第一柔性电路板；根据所述第一柔性电路板对所述第二预设压合参数进行实时调整，得到第三预设压合参数；根据所述第三预设压合参数、覆盖膜和柔性电路板基板，得到目标柔性电路板。本发明有利于降低柔性电路板上的气泡率和提高柔性电路板的使用安全性。,H05K3/28; G06F18/10; H05K3/00,H05K3/28; H05K3/0005; G06F18/10,,,2026
016-748-556-152-642,一种电路板贴片用的除尘防静电设备,本发明公开了一种电路板贴片用的除尘防静电设备，涉及印刷电路领域，包括箱体，箱体内安装有负压仓，且在负压仓的两端皆设置有用于输送电路板的输送机构，负压仓的一侧转动连接有用于接触电路板表面的除静电辊，所述负压仓底部的两侧皆滑动连接有封板，封板固定连接有倾斜的推板，所述封板与负压仓内壁之间设置有弹性复位机构，还包括固定仓，固定仓的两端皆滑动连接有伸缩仓，所述伸缩仓与固定仓的顶面皆与电路板的底面接触，且底部皆间隔设置有滤尘板。本发明利用负压仓内的负压清理电路板表面以及电路板通孔内的灰尘以及其它杂物，实现对于电路板的有效清洁，同时利用除静电辊与清理后的电路板表面接触，以达到更好的静电去除效果。,H05K3/26; B01D46/10; B01D46/681; B08B5/04; H05F3/00; H05K3/341,H05K3/26; H05F3/00; H05K3/34; B08B5/04; B01D46/10; B01D46/681,,,2026
025-178-021-633-129,显示模组和显示装置,一种显示模组和显示装置。显示模组包括显示面板和支架结构，显示面板包括依次连接的显示部、弯折部和绑定部，所述绑定部设有第一控制器件；支架结构包括保护膜和连接组件，所述支架结构设置成避让所述第一控制器件，所述连接组件设置在所述保护膜面向所述显示面板的表面；所述连接组件包括第一连接件和/或第二连接件。显示装置包括上述的显示组件。本公开通过布置保护膜和连接组件，有效保护绑定部，而且可避让开地侧的器件，支架结构还具有易贴、成本低、应用范围广的优点。,G09F9/30; G09F9/33; H05K1/11,G09F9/301; G09F9/30; G09F9/335; H05K1/118,,,2026
052-000-920-819-673,车辆电子模块和用于操作车辆电子模块的方法,一种车辆电子模块（1），包括：‑壳体（2）；‑第一电子单元（3）和至少一个第二电子单元（4），第一电子单元（3）和至少一个第二电子单元（4）可拆卸地布置在壳体（2）中；‑第一冷却单元（5）和至少一个第二冷却单元（6），第一冷却单元（5）和至少一个第二冷却单元（6）布置在壳体（2）中；和‑运动装置（7），通过运动装置能够执行电子单元（3、4）与冷却单元（5、6）之间的相对运动，使得冷却单元（5、6）在第一定位状态下与电子单元（3、4）间隔开地布置在壳体（2）中，并且冷却单元（5、6）和电子单元（3、4）在第二定位状态下在壳体（2）中彼此压靠，其中，‑运动装置（7）包括至少一个致动元件（9），通过致动致动元件不仅产生在第一电子单元（3）和第一冷却单元（5）之间的第一相对运动而且产生在第二电子单元（4）和第二冷却单元（6）之间的第二相对运动。,H05K5/00; H05K7/14; H05K7/20,H05K7/2049; H05K5/0065; H05K7/20854,,,2026
038-303-437-045-699,用于数据中心冷却系统的基于化学成分的冷却剂调整,公开了用于数据中心冷却系统的基于化学成分的冷却剂调整，具体公开了用于冷却数据中心的系统和方法。在至少一个实施例中，化学性质监测子系统(CPMS)与一个或更多个流量控制器相关联以确定与主冷却剂或辅助冷却剂相关联的化学成分的变化，因此一个或更多个流量控制器可以部分地基于辅助冷却剂或主冷却剂的化学成分的变化而引起其冷却剂状态的变化。,H05K7/20,H05K7/2079; H05K7/20272; G01N27/4167; G01N27/10; H05K7/20272; H05K7/20781; G01N27/4167; G01N27/10; H05K7/20836,,,2026
061-553-814-854-201,一种阶梯金手指PCB板铣捞方法及PCB板,本发明公开了一种阶梯金手指PCB板铣捞方法及PCB板，方法包括如下步骤：步骤一、设置贯孔，所述贯孔一端通过内层导电线连接金手指层，另一端连接PCB板表面，所述金手指层与PCB板表面层之间设置盲槽区域；步骤二、主机控制捞针在盲槽区域进行第一次预设深度的下捞；步骤三、退回捞针，直到捞针与第一导电层脱离连接；步骤四、捞针在第一测点下捞接触到金手指层时形成导电回路，主机记录此位置导通时的深度值H1，然后主机控制捞针脱离金手指层；依同样方式测出盲槽区域其他测点的金手指层深度值并自动记录；步骤五、依据步骤四所得各个测点的金手指层深度值，控制捞针在各个测点的金手指层深度值的基础上继续下捞，最终形成内层阶梯金手指。,H05K3/00; H05K1/11,H05K3/00; H05K1/11,,,2026
184-475-639-109-253,镀槽、镀覆装置以及电镀方法,本公开的一个方式的镀槽是用于对柔性印刷线路板用的基板进行电镀的镀槽，具备：以上述基板作为阴极且上述基板沿着铅直方向插入的方式构成的容器；以与所插入的上述基板相对的方式配置在上述容器内的阳极；能够从上述容器的侧方或上方向上述容器内供给镀液的供给部；以及配置在上述容器的相较上述基板的下方、能够排出上述镀液的排出部，在与上述基板垂直的方向上，上述容器的相对的2个侧面部的外表面间的距离为100mm以下。,C25D17/00,C25D17/00; C25D17/00; C25D5/08; C25D7/00; H05K3/188,,,2026
089-176-809-623-025,一种玻璃纤维及其制备方法和应用,本发明公开了一种玻璃纤维及其制备方法和应用，属于化工新材料生产的技术领域。所述玻璃纤维由SiO2、Al2O3、MgO、CaO、SrO、ZnO、NiO和TiO2反应制备得到。所述玻璃纤维同时引入五种二价金属氧化物MgO、CaO、SrO、ZnO、NiO作为反应原料，与SiO2、Al2O3、TiO2协同反应，使得玻璃液的高温粘度显著降低，进而降低玻璃丝的成型温度至1365℃～1383℃。并且，通过控制MgO、CaO、SrO、ZnO、NiO的摩尔比为1:1:1:1:1，可以同时降低玻璃丝的成型温度和析晶温度，保证拉丝作业窗口温差不小于50℃，更有利于玻璃纤维的工业化生产和实际应用。,C03C13/02; C03B37/022; H05K1/03,C03C13/00; C03B37/022; H05K1/0366; H05K1/0353,,,2026
116-431-353-973-74X,分配单元质量减震器,一种分配系统包括框架、支撑件、分配单元组件和机架。所述机架被配置为支撑所述分配单元组件并且在x轴和y轴方向上移动所述分配单元组件。所述分配单元组件包括固定至所述机架的支撑支架和可旋转地连接至所述支撑支架的可动支架，被配置为使得所述可动支架能够相对于所述支撑支架绕第一轴线旋转，所述分配单元组件具有可旋转地连接至所述可动支架的分配单元，被配置为使得所述分配单元能够相对于所述可动支架绕大体上垂直于所述第一轴线的第二轴线旋转。质量减震器组件与所述可动支架相连接，所述质量减震器组件被配置为减少所述分配单元在操作过程中的振动。,H05K13/04,H05K13/0469; H05K13/0469; B05C5/0212; H05K2203/0126; H10P72/0448; B05C5/0212; F16F15/1485; B05D1/26; H05K13/04; H05K2203/0126; H10P72/0448,,,2026
065-638-713-457-512,具有无线通信节点和集成RF屏蔽引导层的动力总成系统,一种封闭的电气装置，例如用于电动力总成系统的电池组，包括具有托盘和盖的壳体。托盘和盖共同限定壳体腔。射频(RF)接收节点位于腔体内。印刷电路板组件(PCBA)包括RF发射节点。一个或多个PCBA在腔内彼此间隔开。RF屏蔽引导层被定位在PCBA与盖之间，使得RF屏蔽引导层覆盖PCBA而不覆盖RF发送节点。电池组和电动力总成系统包括RF屏蔽引导层。,H04B1/40; H04K3/00,H04B1/40; H04K3/20; Y02E60/10; H04B7/24; H01M10/425; B60L50/64; H01M50/284; H01Q1/521; H01Q1/526; B60K1/04; H05K1/142; H05K2201/10037; H05K2201/10098; H05K1/0216; H01M50/209; H01M50/287; H01M50/289; H01M50/249; H01M10/658; H01M50/569; H01M2010/4278; H01M2010/4271; B60L2240/549; H01M10/4257; H01M2220/20; H04B7/24; H02K7/006; H02K11/0094; H02K11/33; H05K9/006; H05K9/0084; H05K1/142; H01M50/209; H01M50/519; H01M50/569; H01M10/482; H01M50/249; B60L53/20; B60K1/04; H05K2201/10098; H05K2201/10037; H01M2010/4271; H01M2010/4278; H01Q1/526,,,2026
094-623-611-117-541,一种NiS/Ni0.96S@碳基材料复合吸波材料及其制备方法,本发明实施例公开了一种NiS/Ni0.96S@碳基材料复合吸波材料及其制备方法。所述方法包括：碳基材料与硫代乙酰胺、镍盐在溶剂存在的条件下，于不锈钢反应釜中进行水热反应。本发明采用水热法制备硫化镍及其异相与碳基材料的异质复合材料，该材料具有带宽宽、厚度薄、重量轻、吸收强和制备简单等优点，是一种具有广阔应用前景的微波吸收材料。,C01G53/11; B82Y30/00; B82Y40/00; C01B32/168; H01Q17/00; H05K9/00,H05K9/0081; H01Q17/00; C01G53/11; C01B32/168; B82Y30/00; B82Y40/00; C01P2004/80; C01B2202/06; B82Y30/00; B82Y40/00; C01B32/168; C01B2202/06,,,2026
157-167-327-239-119,线性马达及元件安装机,线性马达具备：线性定子，在预定方向上延伸，并且在表背两面设有永磁体；第一线性动子，设于线性定子的表面侧；第二线性动子，设于线性定子的背面侧；第一冷却部件，设于第一线性动子的与面向线性定子的面相反一侧的面，通过与第一线性动子之间的热交换来冷却第一线性动子；及第二冷却部件，设于第二线性动子的与面向线性定子的面相反一侧的面，通过与第二线性动子之间的热交换来冷却第二线性动子。,H02K41/02,H02K41/02; H02K41/031; H02K9/227; H02K9/04; H05K13/04,,,2026
194-392-173-298-767,电梯控制柜,本申请实施例公开了一种电梯控制柜，包括壳体、第一功能板、第二功能板、第三功能板及第四功能板，其中，第一功能板构成第一层结构，第二功能板构成第二层结构，第三功能板构成第三层结构，第四功能板构成第四层结构，第二层结构位于第一层结构背离底板的一侧，第三层结构位于第二层结构背离底板的一侧，第四层结构位于第三层结构背离底板的一侧。本申请实施例将各功能板于壳体内分层排布，有利于实现壳体内于垂直于底板方向的空间利用率更大化，进而缩减控制柜的体型。,B66B1/34; H05K5/02,B66B1/3469; H05K5/02; Y02B50/00,,,2026
116-777-142-657-905,一种单相浸没式液冷机柜,本申请公开了一种单相浸没式液冷机柜，该液冷机柜包括第一壳体和第二壳体，第一壳体形成有第一容置空间，第一容置空间沿第二方向的一端设有动力驱动装置，然后，在第一壳体沿第二方向的周向外侧，第二壳体与第一壳体之间形成有第二容置空间，其中，该第一容置空间用于承载电子设备，该第二容置空间用于承载换热器装置；并且，两个容置空间之间通过一端的动力驱动装置和另一端的开口分别联通设置；这样，冷却液在两个容置空间之间循环流动即可对第一容置空间的电子设备液冷散热；从而解决了冷却液通过管路外接冷源时导致的液冷散热效果较差的技术问题。,H05K7/20,H05K7/20272; H05K7/20236,,,2026
098-289-247-347-352,一种操作台多段式合并拼接辅助装置,本申请公开了一种操作台多段式合并拼接辅助装置，属于操作台技术领域，其包括操作台本体，相邻操作台本体之间设置有拼接件，拼接件包括设置于相邻操作台本体之间的连接板、固定连接于连接板上的支撑板，支撑板的两端均与操作台本体抵接，操作台本体靠近支撑板的两端均固定连接有导向块，连接板上开设有用于与导向块滑移配合的导向滑槽，支撑板上开设有用于与导向块插接配合的导向插槽，支撑板上设置有用于固定导向块的固定组件。本申请具有提高操作台拼接稳定性的效果。,H05K5/02; H05K5/00,H05K5/02; H05K5/00,,,2026
074-597-089-579-513,冷却装置及包含该冷却装置的印刷电路板外壳,本发明涉及冷却装置及包含该冷却装置的印刷电路板外壳。该冷却装置（11）由挤压成型铝型材构成，具有通过挤压工艺形成的多个沿纵向贯穿的通道（17）。该装置可用作印刷电路板外壳（10）的外壁/盖体。所述型材（11）包括朝向内部的凸起（18b），例如通过在相反表面上制作凹陷（18a）而形成，且凸起的位置与通道重合。该结构使得能够与电路板（14）上不同高度的电子元件接触。使用时，流经通道（17）、位于凸起（18b）后方的冷却液可将印刷电路板（14）的电子元件（19）产生的热量带走。,H05K7/20; H05K5/00,H05K7/20254; H05K7/20872; H05K7/20254,,,2026
014-754-622-696-524,一种多层线路板铜块嵌入方法,本发明公开了一种多层线路板铜块嵌入工艺；第一支撑架和第二支撑架上连接有打磨组件；工作台上连接有夹持组件；使用时，通过打磨杆在线路板本体孔槽侧壁打磨出若干竖直凹槽，胶水流入至线路板本体孔槽侧壁的竖向凹槽中，充分接触线路板本体和铜块，避免了现有技术直接向铜块与线路板本体的间隙处滴胶后，胶水只能渗透至铜块与线路板本体的间隙上部位置而导致粘接不稳固的问题，并且打磨杆为中空开口结构，使得其在打磨的同时可将粉尘刮起收集，配合外置除尘管道将打磨产生的粉尘清除干净，实现除尘效果，通过打磨块在线路板本体孔槽侧壁上打磨多个横向凹槽，并且横向凹槽与竖向凹槽相连通，用于提高线路板本体与铜块的粘接面积。,H05K3/00; H05K1/02; H05K3/38; H05K3/46,H05K3/0044; H05K3/0055; H05K3/38; H05K3/46; H05K1/0201,,,2026
037-307-417-635-888,表面安装器件的角防护件保护,在一些示例中，提供角防护件以用于保护印刷电路板（PCB）上的表面安装器件（SMD）。示例角防护件包括：刚性结构，其被构造成符合SMD的拐角区域；以及一个或更多个安装表面，其被构造成将刚性结构安装至PCB上与SMD相邻的一个或更多个焊盘。,H05K3/303; H05K1/11; H05K3/341,H05K3/3436; H05K3/303; H05K2201/10371; H05K2203/304; H05K2201/10969; H05K1/111; H05K1/181; H05K2201/10371,,,2026
119-075-021-092-365,防静电工装,一种静电放电保护工具，用于减少工件加工模组内的工件上存在的静电电荷，具有可移动的头部，并且在工具的尖端和主体之间形成至少部分导电的路径，用于将与尖端接触的带电工件接地。,B41F23/00; B41F33/00; H05F3/02,B41F23/00; B41F33/0018; H05F3/02; B41P2233/20; B41F15/14; H05F3/02; H05K13/0061; H05K13/0465; H05K1/0215; H05K2203/304; H05K3/30; H05K2203/1572; H05K2203/1509; H05K2203/1581; H05K2203/0173; H05K2203/0165; B41F15/0881; H05K9/0067; H01C10/00; H05K13/0069,,,2026
005-610-923-478-409,一种计算机系统集成主机用控制器,本发明公开了一种计算机系统集成主机用控制器，属于计算机系统技术领域。包括控制箱和放置单元，所述控制箱的内腔安装有放置单元，通过驱动电机向下驱动承接块进行推动，承接块带动传动轴向下有序冲击驱动壳，驱动壳向下给予上方的串联圆盘冲击力，按压轴进行升降移动，使滑动件在驱动壳的内腔进行升降处理，使滑动件能够上下碰撞驱动壳的内腔壁，从而产生的冲击力拉动接触横杆进行移动，在接触横杆与传动支架接触的过程中，产生静电，通过在装置中设置的多组限位机构在控制箱的内腔形成一个静电场，避免外界干扰信号和电流对装置中放置的电子元件造成影响。,G06F1/16,H05K5/0217; H05K7/2039; H05K5/0247; H05K7/02; H05K9/002; H05K7/20136; Y02D10/00,,,2026
082-180-227-038-472,一种复合电机壳体及其加工方法,本发明提供的一种复合电机壳体及其加工方法，涉及电机壳体加工技术领域，通过将铝合金、碳纤维和工程塑料相结合，复合电机壳体具有较高的强度和刚性，添加的碳纤维显著提升了材料的强度和抗冲击性能。通过在铝合金内层的内表面加工形成的绝缘层，能够有效隔离电流，预防电气短路及漏电现象，从而增强电机的安全性。通过在铝合金内层的外表面加工形成的微结构，能够改善材料的附着力，增大表面积，提高后续碳纤维和工程塑料外层的复合效果。通过在碳纤维中间层与工程塑料外层之间嵌入的不锈钢编织网，增强了壳体的整体韧性和抗张强度，抑制了电机高频电磁干扰。因此，本发明解决了现有技术中复合电机壳体缺乏电磁屏蔽功能的技术问题。,H02K15/14; B32B9/04; B32B15/02; B32B15/04; B32B15/088; B32B15/18; B32B15/20; B32B33/00; H02K5/02; H02K5/04; H02K5/06; H02K5/08; H02K5/20; H02K11/01; H02K11/02; H02K15/123; H02K15/142; H02K15/148; H05K9/00,H02K15/14; H02K15/148; H02K15/142; H02K15/123; H02K5/02; H02K5/04; H02K5/20; H02K5/06; H02K5/08; H02K11/0141; H02K11/02; B32B15/20; B32B15/14; B32B15/043; B32B15/02; B32B15/18; B32B33/00; B32B15/088; H05K9/0007; H05K9/0086; H02K2213/03; B32B2255/06; B32B2255/20; B32B2260/021; B32B2260/046; B32B2262/106; B32B2307/20; B32B2307/206; B32B2307/558; B32B2457/00,,,2026
086-376-075-264-672,制冷剂循环装置,本公开的一个方案的制冷剂循环装置具备：壳体、一次流路、二次流路、热交换器以及排出路径。一次流路容纳于壳体，且将设置于壳体的一次流入口与一次流出口连结。二次流路容纳于壳体，且将设置于壳体的二次流入口与二次流出口连结。热交换器容纳于壳体，且连接于一次流路和二次流路。排出路径容纳于壳体，且将设置于壳体的排出口与一次流路或二次流路连结。,F25B41/40; F28D21/00,H05K7/20272,,,2026
038-531-237-802-821,一种用于测井仪的内外双液冷散热装置及方法,本发明属于测井相关技术领域，其公开了一种用于测井仪的内外双液冷散热装置及方法，散热装置包括绝热瓶、液冷骨架、液冷模块、储热模块、工作模式切换阀门及主动冷却机构，液冷骨架、液冷模块、储热模块及工作模式切换阀门依次相连接且均设置在绝热瓶内，液冷骨架的骨架冷却管道、液冷模块内的流道、储热模块的储热模块螺旋通道依次相连通而形成管道系统，工作模式切换阀门连接于管道系统上，主动冷却机构可拆卸地连接于管道系统；通过开启或者关闭工作模式切换阀门来使得散热装置处于内循环工作模式或者外循环工作模式；内循环工作模式及外循环工作模式分别对应于测井仪井下工作状态及工作完成后井外状态。本发明提高了散热冷却效率。,H05K7/20; E21B47/017,H05K7/2039; E21B47/0175; H05K7/2029; H05K7/20327,,,2026
181-999-899-083-617,缓冲板及包括缓冲板的显示装置,公开了一种缓冲板和包括缓冲板的显示装置。缓冲板包括：冲击吸收层，该冲击吸收层设置在显示面板的后表面上；以及第一金属层，该第一金属层设置在冲击吸收层的上部上。冲击吸收层和第一金属层具有第一曲率区域，其中，至少一个穿孔图案被限定或布置在第一金属层的第一曲率区域中。,G09F9/30; H05K7/20,G09F9/30; H05K7/20954; G06F1/1656; G06F1/1637; G06F1/203; H05K7/20454; H05K7/20963; G06F1/1656; H05K5/0018; G06F1/1637; G06F1/203; H05K5/0217; H05K7/20963; H05K5/0017,,,2026
186-311-986-085-016,用于减少卡阻的承载带系统及链轮,一种拣取和放置系统，包括：承载带径向进料器和被配置来在所述组件切割和/或放置位置处拣取所述承载带的所述多个组件中的一个组件的拣取头。所述承载带径向进料器包括：驱动链轮，其具有多个链轮齿；组件切割和/或放置位置，其包含模具基准面；以及下拉机构，其位于所述组件切割和/或放置位置附近。所述驱动链轮被配置来旋转，所述链轮齿与承载带上的承载孔相啮合，所述承载带承载着多个组件，当所述驱动链轮旋转时，会推动所述承载带向前移动，所述下拉机构被配置来将所述承载带下拉，直到位于切割和/或放置位置的多个组件中的一个组件底部接触所述模具基准面，和所述驱动链轮被配置来在所述下拉机构将所述承载带下拉时发生弯曲。还公开了输送组件的方法。,H05K13/02; B65B15/04; B65D73/02; B65H20/20; B65H37/00; H05K13/04,H05K13/0419,,,2026
043-871-878-918-498,电子设备,本公开是关于一种电子设备，所述电子设备包括：伸缩驱动机构和柔性显示屏。伸缩驱动机构包括壳体和活动组件，所述活动组件与所述壳体滑动连接，并可受驱动靠近或远离所述壳体。柔性显示屏包括相对设置的第一端和第二端。所述第一端与所述壳体相连，并位于所述电子设备的正面；所述第二端与所述活动弹性组件相连，并经由所述电子设备的侧面绕制所述电子设备的背面；所述第二端随着所述活动组件相对所述壳体移动，靠近或远离所述第一端。,H04M1/02,H04M1/0237; H04M1/0268; H04M1/0235; H04M1/0237; G06F1/1624; H04M1/0268; G06F1/1652; G06F1/1652; G06F1/1624; G09F9/301; G06F2203/04102; H05K5/0217; G06F1/1652; H04M1/0235,,,2026
065-411-459-800-066,壳体加工方法、壳体以及电子设备,本发明涉及电子设备加工技术领域，特别是涉及一种壳体加工方法、壳体以及电子设备。其中，壳体加工方法，包括：提供冲压来料，所述冲压来料包括主体部、弧形部以及裙边部，所述裙边部包括位于所述冲压来料正面的上表面和位于所述冲压来料反面的下表面；探测所述上表面的高度，根据探测结果对所述弧形部进行切削，在所述弧形部正面切削出定位面；探测所述下表面的高度，根据探测结果对所述裙边部进行切削，削除所述裙边部，在所述弧形部周缘切削出与所述定位面连接的倾斜面；探测所述定位面的高度，根据探测结果对所述定位面进行切削，在所述弧形部周缘形成与所述定位面平行的成品面，得到所述壳体。本发明加工的良品率高。,B23D79/00; B23P15/00; B23Q17/20; H05K5/02; H05K5/04,H05K5/0217; H05K5/04; B23D79/00; B23Q17/20; B23P15/00; Y02E60/10,,,2026
039-916-087-430-99X,印制电路板及其制备方法,本发明公开了印制电路板及其制备方法，其中，印制电路板的制备方法包括：获取到待加工板件；对待加工板件进行蚀刻，制备得到多条金手指线路以及多条电金引线，其中，各电金引线分别与对应的金手指线路顶端的边角连接；对待加工板件覆盖第一保护膜，并裸露出多条金手指线路，以及对多条金手指线路进行镀金，形成多条金手指；对形成多条金手指后的待加工板件进行蚀刻，以去除多条电金引线，制备得到印制电路板。通过上述方法，本发明能够减少悬金的现象产生或减小悬金的尺寸，从而减少金手指悬金带来的品质隐患，提高印制线路板的可靠性和品质。,H05K3/40,H05K3/4038,,,2026
045-759-662-235-949,壳体和电子设备,本申请的实施例提供了一种壳体和电子设备，涉及电子设备壳体的技术领域。壳体包括金属外观件和保护叠层，保护叠层覆盖金属外观件的表面。保护叠层包括层叠设置的绝缘保护层和耐磨保护层，耐磨保护层位于绝缘保护层远离金属外观件的一侧。设置保护叠层包括绝缘保护层，能够降低金属外观件和材质与金属外观件的材质不同的其他金属部件接触时产生原电池反应、从而导致金属外观件和其他金属部件腐蚀损坏的风险。在此基础上，设置保护叠层还包括耐磨保护层，使得保护叠层不仅能够起到绝缘的作用，还能够起到耐磨防划的作用，提高保护叠层对于金属外观件的保护效果。并且，耐磨保护层能够对绝缘保护层起到保护的作用，降低绝缘保护层损坏的风险。,H05K5/02; H05K5/04,H05K5/02; H05K5/04,,,2026
099-240-215-436-448,具有混合热管理的高功率密度服务器,一种具有混合热管理的高功率密度服务器。本公开提供了一种信息技术IT机柜。该机柜可包括：容纳单相冷却剂流体的浸没箱体；一个或多个服务器，一个或多个服务器机箱浸入到所述箱体内的所述单相流体中；以及一个或多个冷凝器，每个冷凝器包括：热虹吸环路，热虹吸环路从一个或多个服务器机箱的每一个所容纳的电子器件接收并返回两相流体，以及液体冷却环路，液体冷却环路热耦接到热虹吸环路，以便将两相流体从气态冷凝为液体。,H05K7/20,H05K7/20818; H05K7/203; H05K7/20318; H05K7/20809; H05K7/20781; H05K7/20236; G06F1/20; G06F2200/201; H05K7/20218; H05K7/2079; G06F2200/201; G06F1/20; H05K7/20781,,,2026
089-323-753-781-944,充电系统的冷却系统及其控制方法,本发明提供一种充电系统的冷却系统及其控制方法，所冷却系统包括：蒸汽压缩冷却单元，包括：通过蒸汽压缩管路依次相连的压缩机、冷凝器、节流元件和蒸发器；强制对流冷却单元，包括：通过冷却管路相连的液冷板、换热器、蒸发器和水泵，液冷板紧贴充电系统的功率模块；上述系统还包括：风机，正对换热器和冷凝器设置，蒸发器包括第一流道和第二流道，蒸发器用于将冷凝器流出的制冷剂进行蒸发处理，以及将第二流道中的冷却液与第一流道制冷剂进行对流换热。本发明为强制对流和蒸汽压缩的组合形式实现充电系统冷却，冷却液通过强制对流冷却单元与蒸汽压缩冷却单元在蒸发器中对流换热降温，最大限度的利用了能量的梯级原理，成本低、环保且效率高。,H05K7/20,H05K7/20,,,2026
010-182-836-931-685,印刷电路板及电子设备,本公开实施例提供一种印刷电路板及电子设备，该印刷电路板包括至少两个焊盘区域；至少两个扇出区域，每一个扇出区域与一个焊盘区域一一对应，且扇出区域与对应的焊盘区域相邻设置；对于每一个焊盘区域，在印刷电路板第一表面的该焊盘区域内设置一排第一焊盘；其中，每一排第一焊盘与连接器的一排引脚固定连接；连接器包括至少一排引脚；每一扇出区域包括多排通孔及多个引线通道，每一排通孔的多个通孔沿第一方向排列；多排通孔包括与每一个第一焊盘一一对应的第一通孔；对于每一个第一焊盘，该第一焊盘与对应的第一通孔之间通过第一引线连接，第一引线经过该焊盘对应的目标引线通道；第一引线设置在第一表面，第一引线为曲线。,H05K1/11; H05K1/18,H05K1/112; H05K1/18,,,2026
037-457-476-564-446,"Gaine de blindage électromagnétique pour un câble électrique, procédé de fabrication et utilisation de ladite gaine.","Gaine (30) de blindage électromagnétique pour un câble (20) électrique, la gaine (30) comprenant : des éléments allongés (41) d’un premier type, réalisés dans un premier matériau, électriquement conducteur, et des éléments allongés (42) d’un deuxième type, réalisés dans un deuxième matériau, magnétiquement conducteur, et des éléments allongés (43) d’un troisième type, réalisés dans un matériau synthétique, élastique ou thermo-rétractable, les éléments allongés (41, 42, 43) étant assemblés de façon entrecroisée et/ou formant un enlacement pour former un tissu (25), ledit tissu (25) ayant une forme d’un tube (25) enroulé autour d’un axe, une section du tube (25) selon un plan transversal à l’axe formant une courbe circulaire fermée, une dimension de la section étant variable entre une dimension maximum et une dimension minimum, le tube (25) étant configuré pour envelopper le câble (20), une face interne du tube (25) étant, à l’état monté de la gaine (30), maintenue au contact, et ajustée à une dimension, d’une périphérie du câble (20) par une tension élastique des éléments allongés (43) du troisième type élastique, ou par une tension des éléments allongés (43) du troisième type thermo-rétractés. Figure 1",H01B7/17,H01B7/17; H01B7/32; H05K9/009; H02G15/1806; H02G3/0462; D03D1/0043; D03D1/0058; D03D15/567; H05K9/0098; D03D3/02; D03D15/283; D03D15/533; D10B2401/04; D10B2401/16; D10B2403/0333,,,2026
057-238-886-157-531,用于冷却电子设备的浸没槽,一种浸没槽系统，包括外部框架和设置在外部框架内的浸没槽。一种用于操作浸没槽系统的方法，包括：将有效载荷插入浸没槽；使来自外部环境的源流体通过联接到浸没槽的管道流至热交换器；使用热交换器和源流体冷却工质流体；使工质流体流经浸没槽的一个或多个端口；通过所述一个或多个端口用工质流体将包括有效载荷的浸没槽填充至预定液位；将热量从有效载荷传递至工质流体；从限定浸没槽的顶表面的一个或多个泄放口排出气体和/或液体；以及启动一个或多个变速泵以使工质流体流至热交换器。,H10W40/30; G06F1/20; H05K7/14,H05K7/20236; H05K7/20781; H05K7/20781; H05K7/1494; H05K7/20236; H05K7/1489; H05K7/20781; H05K7/1494; H05K7/1489,,,2026
191-134-759-173-530,用于在焊接设备中传送晶粒的装置以及方法、焊接设备,本发明的实施例提供用于在焊接设备中传送晶粒的装置以及方法、焊接设备。用于在半导体晶粒焊接设备中传送晶粒的装置包括：顶推器；顶推器控制部；气体流动部；气流控制部；胶带吸附部；拾取器；以及拾取器控制部。可以是，所述拾取器控制部使所述拾取器下降以使所述拾取器接触于所述晶粒的上端，在所述拾取器接触于所述晶粒的上端的状态下，所述顶推器控制部以及所述拾取器控制部使所述顶推器以及所述拾取器上升第一高度，在通过所述气流控制部向下方施加有真空压力的状态下，所述拾取器控制部使所述拾取器上升第二高度，所述气流控制部在所述拾取器从所述顶推器隔开的状态下向上方施加空气压力。,H10P72/78; H10P72/30,H10P72/7402; H10P72/78; H10P72/7416; H10P72/743; H10P72/7442; H10P72/0442; H05K13/0406; H05K13/0409; H10P72/0442; H10P72/0446; H10P72/3212; H10P72/7402; H10P72/78; H10W72/071; H10P72/7416; H10P72/7444; H10P72/0442; H10P72/0446,,,2026
013-328-056-493-344,显示装置,显示装置包括以下特征。壳体具有入风口、出风口及相连接的透光部和非透光部。显示面板设于壳体内，并具有相对的显示面和背面。显示面朝向透光部并与透光部相隔开，形成第一散热空间。挡流板设于壳体内，且挡流板、壳体设有入风口的侧壁和背面之间形成第二散热空间。挡流板和壳体设有出风口的侧壁之间形成第三散热空间。第二散热空间相通于入风口与第一散热空间，第三散热空间相通于第一散热空间与出风口。发热组件设置于第二散热空间内。第一风扇设置于出风口。,G09F9/35; H05K5/02; H05K7/20,G09F9/35; H05K7/20972; H05K7/20954; H05K5/0213; G06F1/1601; G06F1/20; G06F1/206; H05K7/20972; G06F1/203; H05K7/20972,,,2026
127-750-233-572-500,用于电子设备的两相浸没式冷却系统的热管理的图案化设计,本文提供了一种用于两相冷却的直达芯片冷却膜。该膜包括具有用于附接到冷板或电路的第一表面并且具有第二表面的介电层。金属层位于介电层的第二表面上，在与介电层相对的一侧上具有特征图案。该表面图案为两相冷却的气泡形成提供了增加的表面积和多个成核位点。该些特征还可包括金属结核以进一步增强成核。,H10W40/22; H10W40/25; H10W72/00,H10W40/259; H10W40/258; H10W40/22; H10W40/30; H10W40/255; H10W72/00; H05K1/0209; H10W40/259; H10W40/258; H10W40/22; H10W40/30; H10W40/40; H10W40/255; H10W72/00; H05K1/0209; H05K2201/064; H05K2201/066; H10W40/73,,,2026
070-299-337-760-127,用于数据中心冷却系统的接口流量控制器,公开了用于数据中心冷却系统的接口流量控制器，具体公开了用于冷却数据中心的系统和方法。在至少一个实施例中，第一接口流量控制器包括传感器，并与机架的第一服务器托盘相关联，以便第一接口流量控制器可以接收传感器输入，并可以通过其间的通信线路与第二接口流量控制器通信，其中第二接口流量控制器可与冷却剂分配单元(CDU)相关联，以部分地基于由这样的传感器输入指示的流向第一服务器托盘的冷却剂流的变化使得要从CDU提供到一个或更多个第二服务器托盘的冷却剂流平衡。,H05K7/20; G06N3/04,H05K7/20381; H05K7/20327; H05K7/20836; H05K7/208; H05K7/20309; H05K7/203; G06N3/04; H05K7/2079; H05K7/20836; H05K7/20781; H05K7/20781; H05K7/20836,,,2026
062-782-764-518-706,具有微盲孔的柔性电路板及其制作方法,本发明公开了一种具有微盲孔的柔性电路板及其制作方法，方法包括：提供柔性电路基板，对柔性电路基板依次进行激光钻孔和孔内除胶处理，在柔性电路基板上形成微盲孔；基于预设定影流量，采用镀碳膜制程，对除胶处理后的柔性电路基板进行金属化处理，得到金属化盲孔板；采用半填镀铜工艺，对金属化盲孔板进行镀铜，得到目标柔性电路板。本发明能突破现有盲孔孔径的限制，减小盲孔孔径，提高柔板的制程能力，以简化的生产工序和低成本来改善易黑孔和贯孔能力差的问题，显著提升微盲孔的镀铜效果。,H05K3/00; H05K1/11; H05K3/42,H05K3/0026; H05K3/0055; H05K3/421; H05K3/429; H05K1/115; H05K1/118,,,2026
105-211-143-988-00X,无磁性前维护模组,本发明涉及前维护模组技术领域，具体为无磁性前维护模组，包括承载座和显示模块，所述显示模块的背面固定连接有若干连接件，所述承载座的内腔中固定连接有若干固定机构，所述固定机构的数量与所述连接件的数量相对应，若干所述固定机构的位置与若干所述连接件的位置一一对应，所述固定机构包括底架，所述底架的顶部固定连接有卡接件和顶升件，所述卡接件包括两个壳体，所述壳体的中部固定连接有安装板，所述安装板将壳体内分为两个安装腔。驱动固定机构的设置，可以在承载座上安装拆卸显示模块，且拆装的效率较高，拆装的方式简单，不需要借助其它工具进行拆卸，从而可以提高维护的效率，减少维护所耗费的时间和精力。,G09F9/30; G09F9/302; G09F9/33; H05K5/02; H05K5/06,H05K5/0217; H05K5/069; G09F9/30; G09F9/33; G09F9/302,,,2026
043-405-583-903-784,一种BCM电器盒用翻转加工机构,本发明提供一种BCM电器盒用翻转加工机构，涉及工装技术领域，包括：主体，所述主体的顶部左右两侧固定安装有导向轨；所述导向轨的内部滑动安装有安装座；所述安装座的底部固定安装有连接件。仅需旋转调节柔性带的使用位置，即可切换至全新的夹持区域，单条柔性带可实现约12次的位置切换重复使用，降低了柔性部件的更换频次，相较于胶装式柔性部件，本结构仅需简单的旋转调节即可完成柔性夹持区域的切换，解决了柔性部件大多通过胶装方式与夹具连接，在长期使用导致柔性部件磨损需更换时，操作人员不仅要使用工具剥离并清理旧部件残留的胶体，还需对新柔性部件进行涂胶、定位、固化等一系列操作，整体更换工序繁琐的问题。,B65G47/248; B25B11/02; H05K5/02,B65G47/248; B25B11/02; H05K5/0217,,,2026
179-388-870-797-961,理线装置,一种理线装置，包括连接件、滑轨组和理线组件，所述滑动组包括平行相对设置的第一滑轨和第二滑轨，所述第一滑轨包括第一外轨、第一中轨和第一内轨，所述第二滑轨包括第二外轨、第二中轨和第二内轨；所述理线组件包括首尾枢接的第一滑臂、第二滑臂、第三滑臂和第四滑臂，和与所述第二滑臂和所述第三滑臂枢接处转动连接的支撑横杆，所述第一滑臂通过所述连接件活动连接于所述第二外轨，所述第四滑动臂通过所述连接件活动连接于所述第一内轨，所述支撑横杆一端通过所述连接件连接于所述第一中轨上，另一端通过所述连接件连接于所述第二中轨上。上述理线装置通过设置连接件、滑轨组和理线组件，以提升理线装置的延伸长度，满足更多的生产需求。,H02G3/04; H02G11/00,H05K7/1491; H05K7/1489; H05K7/1491,,,2026
066-104-155-133-002,具有感应器功能的布线基板及其制造方法,本发明提供一种内置有感应器结构的布线基板及其制造方法，该布线基板由于平面方向的绝缘性优异，不仅在导体线圈内侧存在磁性体，在导体线圈外侧也存在磁性体，因而带来优异的感应特性。一种具有感应器功能的布线基板，其包含：内层基板，该内层基板具有第一主面及第二主面，且形成有贯通该第一主面及第二主面间的开口；磁性体层，该磁性体层是设置于该开口的内部的磁性体层，且形成有贯通其第一主面及第二主面的第一通孔；绝缘体，该绝缘体是设置于该第一通孔的内部的绝缘体，且形成有贯通该绝缘体的第二通孔；以及感应器，该感应器由形成于所述磁性体层的第一主面上的第一导体图案、形成于所述磁性体层的第二主面上的第二导体图案、及设置于所述第二通孔的内部且将第一导体图案与第二导体图案连接的通孔导体所形成。,H05K1/16; H05K1/02; H05K3/00,H05K1/165; H05K1/0256; H05K3/00; H01F17/0033; H01F2017/002; H01F2017/067; H05K1/165; H01F41/046; H05K2201/086; H05K2201/09063; H05K1/116; H05K1/165; H05K1/115; H01F17/0013; H05K3/4038,,,2026
152-772-767-572-517,服务器工作环境调节装置、方法、存储介质及电子设备,本申请实施例提供了一种服务器工作环境调节装置、方法、存储介质及电子设备，其中，该装置包括：机箱，机箱内具有容置腔；电子单元，电子单元设置在容置腔内，电子单元包括相互信号连接的供电模块、检测模块、控制模块以及调节组件，其中，控制模块用于通过检测模块获取的机箱内的环境信息，并用于根据环境信息控制调节组件的调节模式，调节组件用于在调节模式下调节服务器的工作环境，服务器设置在容置腔内。通过本申请，解决了不能有效调整服务器的工作环境的问题，有效提高了机箱环境的调节效率。,H05K7/20; F25B21/02; H05K5/02,H05K7/20836; H05K7/20509; H05K7/20136; H05K7/20209; H05K7/20718; H05K5/0214; H05K5/0217; F25B21/02; Y02D10/00,,,2026
152-668-817-322-314,一种能够主动除尘的智能刷板机,本发明涉及电路板加工领域，尤其涉及一种能够主动除尘的智能刷板机，包括有控制箱和离子风机等；控制箱上侧安装有离子风机；离子风机下侧开设有若干个出气口。本发明实现了通过调节板往复使电路板在传输带上前后移动，进而完全露出电路板与传输带的接触区域，避免电路板底部清理不完全，提高装置对电路板的清理效果；通过转动部与电路板转动接触，减少电路板侧边受到的摩擦，保证电路板的正常清理工作；通过梳板对刷毛先进行预梳理，使刷轮上易脱落的刷毛被提前梳下，同时当电路板经过气槽后，梳理脱落的刷毛受到离子风机吹出的气流后被吹离刷轮，提高对易脱落刷毛的清理效果。,B08B1/52; B08B1/12; B08B1/20; B08B1/34; B08B1/54; B08B13/00; B08B15/04; H05F3/04; H05K3/26,B08B1/52; B08B1/54; B08B1/12; B08B1/20; B08B1/34; B08B13/00; B08B15/04; H05K3/26; H05F3/04,,,2026
097-031-755-795-851,厚铜绕线线圈电路板制造方法,本发明提供了一种厚铜绕线线圈电路板制造方法，包括先采一张内层芯板钻通孔金属化制作，内层芯板内光蚀刻后，通过压合配方进行高温压合，压合后根据导通需求进行控深钻孔，然后进行金属化制作进行控深孔导通，在经过内光蚀刻后，通过压合配方进行高温压合填充控深孔与电镀板层数增加。本发明不受电镀板层数与铜厚厚度限制，且可改善涨缩偏位等品质不良，同时可实现量产化制作。,H05K3/46; H05K3/00; H05K3/06; H05K3/42,H05K3/4611; H05K3/0047; H05K3/06; H05K3/424; H05K2203/0207; H05K2203/06,,,2026
193-445-214-677-545,具有来自储液器的可变电离流体流动控制的热接地平面,本公开涉及具有来自储液器的可变电离流体流动控制的热接地平面。一种热接地平面(TGP)，包括：蒸汽室，容纳电离流体；储液器，与蒸汽室流体连接，该储液器被配置为储存过量电离流体；以及电磁源，被配置为基于蒸汽室中电离流体的热阻或TGP在靠近热源的位置处的温度，来动态地将可变数量的过量电离流体从储液器引导至蒸汽室。,H05K7/20,G06F1/20; H05K7/20327; H05K7/20309; G06F1/203; G06F2200/201; F28D15/046; F28F3/12; F28D2021/0029; H10W40/73; H05K7/20327; H05K7/20381; H05K7/20318; H05K7/20309,,,2026
052-117-832-085-584,具有蒸发器的显示器,本发明提供一种显示器。所述显示器(1)包含显示模块(11)、支撑板(12c)及蒸发器(15)。所述显示模块(11)具有前表面(111)及与所述显示模块(11)的所述前表面(111)相对的后表面(112)。所述支撑板(12c)附接到所述显示模块(11)的所述后表面(112)。所述蒸发器(15)附接到所述支撑板(12c)且经由所述支撑板(12c)热连接到所述显示模块(11)的所述后表面(112)。,G09G3/00; G02F1/133; H05K7/20,H05K7/2099; G02F1/133382; G02F1/133385; G02F2201/36; H10K59/8794; H05K7/2099; G02F1/133385; G02F1/13332; H05K7/20136; H05K7/20309; H10K59/8794,,,2026
071-559-657-016-983,线性马达及元件安装机,线性马达包括：线性定子，在预定方向上延伸，并且在表背两面设有永磁体；第一线性动子，靠近线性定子的表面侧地配置；第二线性动子，靠近线性定子的背面侧地配置；支撑部件，安装于第一线性动子的与预定方向平行的一个侧面和第二线性动子的与预定方向平行的一个侧面，以悬臂状态支撑第一线性动子和第二线性动子；及块，以与第一线性动子的面向线性定子的面和第二线性动子的面向线性定子的面接触的方式设于第一线性动子与第二线性动子之间的避开线性定子的位置。,H02K41/02,H02K41/02; H02K41/031; H02K9/227; H02K9/04; H05K13/04,,,2026
160-575-042-057-689,用于可释放地固定至冷却单元的散热器以及具有可释放地可固定的散热器的冷却单元,本发明涉及散热器，该散热器用于冷却待冷却单元、特别是电子单元、优选是半导体组件。散热器具有冷却通道和第一冷却壁，该第一冷却壁布置在面向待冷却单元的冷却通道面上。散热器附加地包括冷却剂供给部和冷却剂排出部，冷却剂供给部和冷却剂排出部两者与冷却通道流体连接，以供应和排出冷却剂、特别是冷却液、优选是冷却水。散热器被设计成使得待冷却单元可以与冷却壁机械连接和热连接。附加地，散热器被设计成使得散热器可以可释放地固定至包括第一流体端口和第二流体端口的冷却单元，并且当散热器被固定至冷却单元时，在散热器的冷却剂供给部与冷却单元的第一流体端口之间可以产生第一流体连接，以及在散热器的冷却剂排出部与冷却单元的第二流体端口之间产生第二流体连接。散热器被设计成使得当散热器被固定至冷却单元时，同时产生第一流体连接的流体紧密密封和第二流体连接的流体紧密密封。,H05K7/20,H05K7/20927,,,2026
153-767-365-261-193,制冷剂排空和充注调整机构,公开了制冷剂排空和充注调整机构以及用于充注和排出流体的冷却系统。该冷却系统包括主流体回路和次级流体回路。次级流体回路包括：接收器，该接收器被配置成接收和排出流过主流体回路和次级流体回路的流体；泵，该泵被配置成与接收器连通；接收阀，该接收阀选择性地打开以将流体引导至接收器；以及回流阀，该回流阀选择性地打开以将流体从接收器排出。该系统还包括与主流体回路和次级流体回路通信的控制器以及检测冷却系统内的感测值的传感器。,H05K7/20; F25B41/20; F25B41/40; F25B49/02; F25D17/02; F25D29/00,F25B41/24; F25B45/00; F25B49/005; F25B49/02; F25B2400/16; F25B2400/19; F25B2500/222; F25B2700/1933; H05K7/20827; F25B45/00; F25B49/02; F25B2400/19; F25B2500/221; F25B2500/222,,,2026
078-780-574-821-167,パワーモジュール用基板および当該基板を備えるパワーモジュール,【課題】高い耐食性を有するパワーモジュール用基板を提供する。【解決手段】パワーモジュール用基板１０は、セラミック層１２と、少なくとも第１の金属層１４ａおよび第２の金属層１４ｂとを備え、セラミック層は、第１の金属層と第２の金属層との間に配置され、第１の金属層の場合、第１の金属層の側端部１６ａと、第１の金属層の、セラミック層の反対側の表面２０ａ上において、側端部に隣接する領域１８とが、被膜２２で被覆されており、第２の金属層の場合、第２の金属層の側端部１６ｂが被膜で被覆され、第２の金属層の、セラミック層の反対側の表面２０ｂには被膜がない。【選択図】図２,H10W70/652; H10W70/68,H05K1/0306; H05K1/0271; H05K3/24; H05K2201/098,,,2026
060-160-631-893-60X,壳体的制备方法、壳体和电子设备,本申请提供一种壳体的制备方法、壳体和电子设备，壳体的制备方法包括：提供一金属铸件，金属铸件包括金属基体和金属外表层，金属外表层位于金属基体的外侧，且与金属基体邻接，金属外表层中形成有孔洞；对金属外表层背离金属基体的部分进行热变形锻压，得到金属致密层。利用该制备方法得到的壳体不需要填补材料，壳体的表面一致性较好。,H05K5/02,H05K5/0217; H05K5/04; B21J5/00; H05K5/02; H05K5/04; B21J5/00,,,2026
120-932-838-929-86X,一种多层拓扑非连续空心隙构钴基磁性粒子的制备方法,本发明公开了一种多层拓扑非连续空心隙构钴基磁性粒子的制备方法，包括以下步骤：S1，制备初始骨架颗粒；S2，用Co对初始骨架颗粒进行包覆；S3，在S2颗粒上进行骨架的再次沉积；S4，再次包覆Co；S5，多层含纳米骨架颗粒的金属Co包覆层；S6，去除骨架金属，得到空心空隙结构Co粒子。本发明通过多层拓扑非连续空心隙构使得电磁波在材料空洞中发生多次反射吸收，有效提高了钴的微波吸收性能。,B22F9/24; B22F1/054; B22F1/145; B22F1/17; C23C18/34; C23C18/52; H05K9/00,B22F9/24; B22F1/17; B22F1/145; B22F1/0549; C23C18/1651; C23C18/1648; C23C18/1657; C23C18/34; C23C18/52; H05K9/0081,,,2026
168-582-415-011-234,一种含电极的智能指环、灌胶治具及其封装工艺,本发明公开了一种含电极的智能指环、灌胶治具及其封装工艺，包括：指环外壳，指环外壳是具有内侧开口的圆环；指环内壳，指环内壳置于所述指环外壳的内部；指环外壳空腔，指环外壳空腔置于所述指环外壳与所述指环内壳之间；柔性印刷电路板，柔性印刷电路板安装在所述指环外壳空腔的内部；本发明的有益效果是：通过指环外壳空腔填充高透的生物兼容胶水形成指环内壳的方法，将指环外壳、内部电子元件、指环内壳集成为一个完整结构体，从而提高智能指环的防水能力。同时借助特制的治具，可控的阻断部分胶水流动通路，解决了灌胶工艺中电子元器件必须低于指环外壳空腔腔体高度的问题，更适用于含有电极的智能指环的制造加工。,H05K5/00; A44C25/00; B29C39/10; B29C39/26; H05K1/00; H05K5/02; H05K5/06; H05K7/02,A44C25/00; H05K5/0217; H05K5/06; H05K1/00; H05K7/02; B29C39/10; B29C39/26; H05K5/0091; Y02E60/10; H05K1/0277; A61B5/256; A61B5/6826; H02J7/70; A61B5/256; A61B5/6826; A61B2560/0214; A61B2560/0468; A61B2562/125; A61B2562/166; H05K1/0277; H05K7/1427; H02J7/70,,,2026
050-456-872-056-626,片、其制造方法、覆金属层叠板、电路用基板及天线,提供由温度变化引起的相对介电常数的变化小的片。一种片，其‑50℃～150℃的温度范围的相对介电常数的变化率为0.020以下。,C08J5/18; B32B15/082; H05K1/03,B32B15/08; B32B15/082; B32B27/20; B32B27/30; C08J5/18; C08K3/013; C08K7/18; C08K9/06; C08L27/12; C08L101/12; H05K1/03,,,2026
004-848-567-904-603,通气构造,通气构造（3a）具备壳体（2a）及通气部件（1a）。壳体（2a）具有至少一个止动部（22），该止动部（22）位于使壳体（2a）的内部空间（2u）与外部空间（2v）连通的通气口（21）的周向上，并从壳体（2a）的外表面（2s）突出。通气部件（1a）具备：筒状的内部构件（10a），安装于通气口（21），并具有贯通孔作为内部空间（2u）与外部空间（2v）之间的通气路径；及外部构件（30a），安装于内部构件（10a）的外周部（12b），并覆盖贯通孔的开口。在以壳体（2a）的外表面（2s）为基准的俯视观察下，止动部（22）的基端部（22a）不与通气部件（1a）重叠，止动部（22）的至少一部分与通气部件（1a）重叠。,H05K5/06; F16K24/00,F16K24/00; H05K5/06,,,2026
006-859-648-881-411,不间断电源装置和不间断电源系统,风扇单元(60)配置在框体(50)的上表面，包括风扇、框部件(66)和支承部件。框部件(66)以包围形成于框体(50)的上表面(50A)的开口部的外周的方式配置。支承部件在固定于框部件(66)的状态下，在开口部的上方支承风扇。在框构件(66)的第一面(66A)的下端与框体(50)的上表面(50A)之间形成有空隙。第一封堵部件(70)可相对于框部件(66)的第一面(66A)在上下方向上滑动地连接。第一堵塞部件(70)构成为在与壳体(50)的上表面(50A)抵接的状态下堵塞空隙。至少1个第二堵塞部件(90)构成为，在空隙露出的状态下，穿过空隙而插入框部件的内部，封堵壳体(50)的上表面(50A)的开口部。,H05K5/02; H02J9/06; H02M7/48; H05K5/06; H05K7/14,H02J9/06; H05K7/20909; H05K7/20172; H02M5/45; H05K7/20172; H05K7/1432; H02J9/06; H02J9/06; H02M7/797; H05K7/20172; H05K7/20909,,,2026
064-876-359-189-486,一种轴向元器件成型切脚装置,本发明属于机电设计领域，特别涉及一种轴向元器件成型切脚装置。包括定位机构、间距调整机构、支撑机构、成型机构和切脚机构；左右两个定位机构固定设置在间距调整机构的上端，用于将轴向元器件定位；所述间距调整机构设置在底座的两侧，用于调整两个定位调整机构之间的间距；支撑机构设置在间距调整机构之间，用于对轴向元器件进行支撑；成型机构用于将轴向元器件的引脚折弯成型；切脚机构用于将成型后的引脚切断。本发明可以替代繁琐的人工使用成型钳或者成型工装来进行简单方便高效的成型切脚工作，克服了人工进行轴向元器件成型切脚时繁琐更换工装，或者是手动调整成型尺寸不精准的问题。,B21F1/00; B21F11/00; H05K13/00,B21F1/004; B21F11/00; H05K13/0092,,,2026
081-008-992-675-312,显示模组和电子设备,本申请提供一种显示模组和电子设备，显示模组包括：第一显示屏和柔性电路板，柔性电路板可以是显示屏的功能器件；第一显示屏包括层叠设置的显示层和导电层，导电层设置于该显示层背离出光面的一侧，显示层包括：显示面板，以及与该显示面板连接的连接部；该柔性电路板包括：相连接的第一部分和第二部分，连接部与该第二部分连接，可以将柔性电路板的第一部分作为电连接导通区域，第一部分用于在接地组件的弹力作用下与该导电层相抵接，以电连接该接地组件与该导电层，使得第一显示屏实现接地。如此，柔性电路板不仅可以作为显示屏的功能器件，还可以用于对显示屏接地，实现了对该柔性电路板的复用，简化了电连接的设计方案，降低了生产成本。,G09F9/00; H05K9/00,G09F9/00; H05K9/0064,,,2026
088-737-133-506-435,热传导构件,本发明提供一种兼具高热传导率及低硬度的热传导构件。热传导构件是设有多个层的积层体，多个层包含积层于互相接触的位置的第一层及第二层。第一层以第一热传导性组成物构成，第一热传导性组成物至少含有第一丙烯酸系黏合剂、第一热传导性填充物及分散剂。分散剂含有重量平均分子量为1000～2500且末端具有磷酸的直链状聚酯以及重量平均分子量为1000～2500且末端具有磷酸的聚酯－聚醚共聚物中的至少一个。,B32B7/027; B32B27/18; B32B27/30; H05K7/20; H10W40/10; H10W40/25,Y02E60/10; B32B2250/44; B32B27/20; B32B2457/04; B32B2264/104; B32B2264/303; B32B27/22; B32B2264/202; B32B2307/302; B32B2307/536; B32B27/308; B32B2264/102; B32B2307/7376; B32B2264/1023; B32B7/022; B32B7/027; B32B27/08; B32B2250/02; B32B2250/03; B32B2250/246; B32B2264/12; B32B2250/05; H10W40/251; H10W40/70; H10W40/255; B32B7/022; B32B7/027; B32B2264/1023; B32B2264/303; B32B2307/7376; B32B27/08; B32B27/20; B32B27/22; B32B27/308; B32B2250/24; B32B2264/104; B32B2264/12; B32B2307/302; B32B2307/536; B32B2457/00; C08K3/34; C08K7/18; C08K13/04; C08K2003/2224; C08K2003/2227; C08K2201/001; C08K2201/005; C08L33/04; C08L2203/16; C08L2205/06; C09K5/14; H05K7/2039,,,2026
080-037-930-983-105,一种无人飞行器的多层线路板加工用电镀装置,本发明公开了一种无人飞行器的多层线路板加工用电镀装置，包括电镀槽、输送线、滑套、滑板、活动板、电动推杆、活塞杆、导杆、底板和多层线路板，所述输送线位于电镀槽的上方，所述输送线上滑动设置有滑套，所述滑板固定在滑套的底部表面，所述滑板的底部活动设置有活动板；通过设置的底板、侧滑杆、侧滑块、导向柱、弹簧、底挡块、U形座和侧挡块等结构，使得操作人员可快速的将多层线路板夹持在底板和活动板之间，从而完成多层线路板电镀时的快速放置，提高了电镀装置整体的使用便捷性，也方便后续完成电镀后对多层线路板的快速取出，同时两个侧挡块之间的距离可根据不同宽度的多层线路板做相应的调整，使用灵活性高。,H05K3/18; H05K3/46,H05K3/188; H05K3/46; H05K3/0008,,,2026
000-855-721-284-546,一种笔记本电脑印制电路板的制造方法,本申请公开了笔记本电脑印制电路板的制造方法，包括：将树脂与纳米陶瓷填料混合并搅拌形成树脂溶液，将树脂溶液涂覆于基材表面并加热为半固化状态，得到复合基材；根据预设布局对复合基材进行蚀刻处理，将双面内层电路基材与含玻璃纤维材料的半固化片交替堆叠并进行真空热压处理，得到叠层结构，其中，双面内层电路基材与半固化片的数量相等；对叠层结构进行化学电镀处理后，根据预设电路图案在叠层结构的外层表面进行蚀刻处理，形成外层电路结构；在外层电路结构上涂布阻焊油墨形成阻焊层，得到笔记本电脑印制电路板。本申请能够显著提升多层印制电路板的层间结合强度，从而系统性地解决高密度电路板在制造过程中性能稳定性不足的技术问题。,H05K3/00; H05K3/12,H05K3/0026; H05K3/0058; H05K3/12,,,2026
051-934-595-961-096,Ensemble Comprenant un Boitier de Protection et un Calculateur Central d’un Véhicule Automobile et formant Repose-Pied de ce Véhicule,"L’invention concerne un ensemble (100) comprenant un boitier (20) de protection, dans lequel au moins une face du boitier (20) de protection s’étend au contact direct ou indirect d’une première face, dite face (45) du boitier, principale d’une zone (44) inclinée de tapis (41) d’un véhicule (22) automobile, une deuxième face principale du tapis (41), opposée à ladite face (45) du boitier formant une surface (24,46) repose pied pour un passager en place avant du véhicule (22) automobile, caractérisé en ce que l’ensemble (100) comprend un calculateur (21) central du véhicule (22) automobile, le calculateur (21) central étant maintenu dans un espace (28) interne du boitier (20) de protection. Figure pour l’abrégé : Fig.2",B60N3/06; B60R16/02,B60N3/06; B60R16/0239; H05K7/20845; H05K7/20127; H05K5/0026,,,2026
144-510-656-773-72X,一种具有过温保护的电涌保护器,本发明公开了一种具有过温保护的电涌保护器，涉及电涌保护器技术领域。该具有过温保护的电涌保护器，包括底座，所述底座的内部可拆卸安装有第一电涌保护器模块，通过在第一电涌保护器模块的底部设置第一固定块，从底座的侧面安装第一电涌保护器模块，此时卡块被底座挤压，随后卡块卡入底座内部的侧槽内，且设置按压杆，拆卸时按压按压杆通过连杆传动机构使卡块脱落侧槽，拆卸更方便，且调节更简易、结构轻便紧凑，且设置第七固定块，第七固定块进一步限制第一固定块滑动，进一步提高第一电涌保护器模块的稳定性，避免因晃动或位移导致散热路径受阻，从而间接保障过温保护系统的有效性，减少因安装不稳引发的过热风险。,H02H9/04; H01H37/44; H01H37/46; H02H1/00; H02H5/04; H05K5/02; H05K7/14; H05K7/20,H05K7/14; H05K7/2039; H05K7/20136; H05K5/0213; H01H37/46; H01H37/44; H02H9/041; H02H5/04; H02H1/00,,,2026
187-830-244-056-102,分支耦合器,一种分支耦合器，包括：包括：第一分支，设置于基板的第一面，包括输入端、隔离端、第一传输线及第一分支线及第二分支线，输入端与隔离端通过第一传输线相连，第一分支线电连接于输入端，第二分支线电连接于隔离端；第二分支，设置于基板的第二面，包括第一输出端、第二输出端、第二传输线、第三分支线及第四分支线，第一输出端与第二输出端通过第二传输线相连，第三分支线电连接于第一输出端，第四分支线电连接于第二输出端；其中，第一分支线通过第一过孔与第三分支线电性连接，第二分支线通过第二过孔与第四分支线电性连接，从而减小了分支耦合器的面积，在保证性能的前提下满足通信产品小型化要求。,H01P5/18,H01P5/184; Y02D30/70; H01P5/227; H05K1/0251; H05K2201/09254; H01R12/7082,,,2026
067-975-632-071-343,功率转换模块,本公开涉及一种功率转换模块，包含多层印刷电路板、至少一开关装置、至少一磁芯组件以及至少一绕组过孔。多层印刷电路板具有第一面、第二面及内层，第一面及第二面相对，且多层印刷电路板具有多个铜层。开关装置设置于多层印刷电路板的第一面上。磁芯组件设置于多层印刷电路板的内层中，其中磁芯组件具有至少一孔洞。绕组过孔的一端电连接于开关装置，绕组过孔的另一端电连接于多层印刷电路板的第二面，且绕组过孔穿过磁芯组件的孔洞，并与磁芯组件形成磁性组件。位于磁芯组件靠近多层印刷电路板第一面的一侧的铜层的层数多于位于磁芯组件另一侧的铜层的层数至少两层。,H05K1/02; H01F27/28; H02M1/00; H02M3/155; H05K1/16; H05K1/18; H05K1/185,H02M3/158; H02M3/003; H01F17/06; H01F2017/067; H05K1/165; H05K1/0298; H05K2201/086; H05K1/181; H05K1/185; H05K1/115; H05K1/09; H02M3/158; H01F27/24; H05K2201/1003; H05K2201/10166; H01F2027/2809; H01F27/2804,,,2026
151-835-136-856-854,用于设计磁屏蔽装置的方法和装置以及磁屏蔽装置,本发明提供了一种用于设计磁屏蔽装置的方法和装置以及磁屏蔽装置，该方法包括：确定磁屏蔽装置内部的感兴趣区域，感兴趣区域为预期实现磁场屏蔽效果的区域，磁屏蔽装置包括嵌套设置的N层壳体；确定完备参数集，完备参数集用于描述N层壳体中的至少一层壳体的几何结构以及感兴趣区域与至少一层壳体中的每层壳体的相对位置关系；基于完备参数集获取描述几何结构的一组结果参数，其中，结果参数能够使感兴趣区域内的磁感应强度满足预设阈值。该方法更加科学且效率高，不仅使优化后的磁屏蔽性能与等间距方案相比有大幅度提升，还解决了解析法不能对非同心结构磁屏蔽装置进行优化的问题。,G06F30/17; G06F111/04; H05K9/00,G01R1/18; G06F30/20; H05K9/0088; H05K9/0075,,,2026
054-573-348-882-081,数据中心制冷系统及液冷设备,本发明公开了一种数据中心制冷系统及液冷设备，所述数据中心制冷系统包括冷却结构、换热结构、制冷结构、第一阀门和第二阀门。所述第一阀门设置于所述换热结构的回水端的管路上，并用于控制所述换热结构的回水端与服务器之间的连通；所述第二阀门设置于所述制冷结构的回水端的管路上，并用于控制所述制冷结构的回水端与服务器之间的连通。本发明的一个技术效果在于，能够利用第一阀门和第二阀门对和服务器相连通的回水端管路进行切换选择，以调整该数据中心制冷系统的制冷模式和制冷能力，从而适应不同的外界环境和制冷需求。,H05K7/20,H05K7/20818; H05K7/20327; H05K7/2029; H05K7/20309; H05K7/20354; H05K7/20318; Y02D10/00,,,2026
017-110-381-866-654,散热机构及其制造方法,本发明涉及一种散热机构及其制造方法，根据本发明的散热机构包括：导热板主体，在内部形成有预定厚度的制冷剂流动空间，以通过一表面和另一表面释放热量，其中，所述导热板主体包括：真空化部，设置为相对于所述一表面和所述另一表面中的一个与所述制冷剂流动空间垂直连通，并且用于对所述制冷剂流动空间填充制冷剂之前或填充制冷剂之后使所述制冷剂流动空间真空化，从而具有能够防止散热机构的制冷剂泄漏（leak）现象并提高散热性能的优点。,H05K7/20,H05K7/20,,,2026
020-368-333-504-487,具有安装孔中的电感器的印刷电路板,公开了具有安装孔中的电感器的印刷电路板。公开了构建到印刷电路板的安装孔中和/或周围的电压调节器的电感器的系统、装置、制品和方法。示例装置包括印刷电路板，印刷电路板包括多个层和延伸穿过多个层的安装孔，以及至少部分地在多个层中的两个或更多个层之间的安装孔中的电感器。,H05K1/18; H05K1/14,H05K2201/1003; H05K2201/09227; H05K2201/10265; H05K1/183; H05K1/185; H01F17/00; H01F2017/048; H05K1/183; H05K1/185; H05K2201/09227; H05K2201/10265; H05K2201/1003,,,2026
187-820-991-191-421,一种基于母线槽提高芯片制程中无尘室安全性的方法和装置,本申请提供了一种基于母线槽提高芯片制程中无尘室安全性的方法和装置，在本申请中使用的母线槽中设置有冷却装置，冷却装置中的冷却管路中填充有冷却剂，冷却管路使用导热金属材料制成，且冷却管路和母线之间设置有导热硅胶绝缘片，在绝限的同时还具有良好的热交换效果，从而有利于母线降低温度，同时，第一母线槽和第二母线槽使用凹凸结构和定位结构连接，便于母线槽的安装，以及通过对第一电流噪声信号进行处理得到第二电流噪声信号后与标准电弧信号进行比对，从而可以判断出母线槽当前是否存在电弧现象，并在有电弧现象时发出提示信息，以便安检人员对母线槽进行检查，通过上述结构和方法，有利于提高无尘室的安全性。,H02G5/10; G06F18/10; G06F18/213; H02G5/06; H05K7/20,H05K7/20218; H05K7/2039; G06F18/10; G06F18/213; H02G5/10; H02G5/06,,,2026
149-500-116-886-742,主轴及其制作方法、转轴机构、电子设备,本申请提供一种主轴及其制作方法、转轴机构、电子设备，涉及电子产品技术领域。主轴包括相互连接的上轴板和下轴板。上轴板包括多个上支架和多个支撑部，各上支架沿上轴板的长度方向间隔设置、各支撑部连接在相邻上支架之间。下轴板包括主板体和多个下支架，各下支架沿主板体的长度方向间隔设置、并与各上支架一一对应。通过将该多个上支架和该多个支撑部一体成型，并通过将该多个下支架和主板体一体成型或一体连接，主轴的结构简单、整体性好，可以提升主轴的结构强度和可靠性，有利于主轴的轻薄化。并且，主轴的组装精度高，可提升转轴机构的运动精度，改善折叠屏拱起问题。另外，主轴的平面度高，可提升折叠屏的光影效果。,F16C11/04; G09F9/30; G09F9/302,F16C11/045; G09F9/301; G09F9/3023; F16C11/04; G06F1/16; G09F9/30; G09F9/302; H04M1/02; H05K5/03,,,2026
034-318-469-112-362,柔性混合覆盖窗及其制造方法,提出了混合柔性覆盖窗及其制造方法。混合柔性覆盖窗包括形成在柔性显示器的平坦区域上的平坦部分，和与平坦部分相连地形成并且形成在柔性显示器的折叠区域中的折叠部分。混合柔性覆盖窗包括基底、形成在玻璃基底上的透明聚酰亚胺层和形成在玻璃基底与TPI层之间的粘合缓冲层，其中TPI层的UV截止波长小于380nm。,G09F9/30,G09F9/301; B32B17/10; B32B17/06; B32B2457/20; B32B2571/00; B32B27/281; B32B2307/42; B32B7/12; B32B2307/558; B32B2255/10; B32B7/023; B32B17/1055; B32B7/12; G09F9/301; B32B2457/20; H05K5/03; B32B27/281; B32B17/1055; B32B7/12; B32B27/08; B32B2250/40; B32B2255/10; B32B27/36; B32B2307/732; B32B17/10027,,,2026
053-218-625-148-692,用于蓄电池的电气连接盒、蓄电池以及机动车辆,本发明涉及一种用于蓄电池（2）的电气连接盒，该电气连接盒包括：‑ 平台（4），该平台适用于接纳电气部件（5，6，7），在该平台中设置有用于传热流体的至少一个循环管道（18）；‑ 汇流条（8，9，10，11），该汇流条提供至少两个电气部件之间的电气连接；以及 ‑ 至少一个热管（14），该至少一个热管的第一部分（20）具有与平台接触的第一区域，并且该至少一个热管的第二部分（21）具有与汇流条和/或与电气部件中的至少一个电气部件接触的第二区域。本发明还涉及一种配备有这种盒的蓄电池并且涉及一种配备有这种电池的机动车辆。,H05K7/02; B60R16/023; H05K7/14; H05K7/20,H05K7/14329; H05K7/20936; H05K7/026; B60R16/0238; B60R16/033; Y02E60/10,,,2026
094-604-577-617-556,用封闭循环高压冷气对GPU芯片等降温的节能方法,本发明用封闭循环高压冷气对GPU芯片降温的节能方法，在循环的气体密封回路中，对GPU芯片和散热器散热的冷却气体变成已吸热气体，已吸热气体用热泵分为高低温两种气体排出，该高温气体被降温装置降温后与低温气体混合成散热用的冷却气体被重复使用于散热。优点：冷却气体可以能量回收，降低冷却气体的温度而不增加耗能，GPU能工作在更佳温度环境：惰性气体密封循环解决污染和氧化问题，提高温差节约水淋降温能源消耗、GPU工作在更佳状态，保护GPU芯片等不受雾露影响，节能降噪又运算效率提高。,G06F1/20,G06F1/20; G06F1/3234; H05K7/2039; F04B49/06; F04B49/22; G05D27/02; Y02D10/00,,,2026
139-955-140-345-151,经由低压空气增流器的膝上型电脑冷却,本申请公开了经由低压空气增流器的膝上型电脑冷却。本文中讨论的技术解决方案包括用于电子设备的冷却系统，包括低压离子鼓风机和电磁空气增流器，以改善膝上型电脑的热管理。冷却系统可以包括以并联或串联配置来布置的多个鼓风机模块。热解决方案可以是蒸汽室或热管，或者可以包括被集成到气隙中的薄膜空气移动设备。冷却系统可以基于冷却需求在低压鼓风机模块与离心式鼓风机之间选择性地操作。鼓风机模块可以包括具有单个暴露电极的电极配置。冷却系统还可以结合使用鼓风机单元之间的相移信号的主动噪声消除系统。,G06F1/20; G06F1/16,H05K7/20145,,,2026
141-458-448-388-267,包括显示模块的显示装置及其制造方法,根据本发明的一方面，一种显示模块包括：基板，具有侧表面和其上形成有薄膜型晶体管(TFT)层的安装表面；多个无机发光器件，安装在安装表面上；前盖，将TFT层和多个无机发光器件电连接，并且覆盖设置在TFT层的上表面上的各向异性导电层以及安装表面；以及侧盖，覆盖侧表面，其中，前盖的侧端延伸到安装表面之外的区域，侧盖设置为粘合到与安装表面之外的区域相对应的前盖的下表面和基板的侧表面，并且各向异性导电层的侧端设置在前盖的侧端内部。,G09F9/302; G09F9/33; H05K5/10; H10D84/01; H10D84/40,G09F9/302; G09F9/33; H05K5/00; H10H20/855; H10H20/857; H10D86/00; H10W90/00; G09F9/3023; G09F9/33; H05K5/0017; H10H29/142; H10D86/40; H10D86/60; H10H20/857; H10H29/142; H10W90/00,,,2026
040-562-376-318-312,一种电子模块,本发明公开一种电子模块，其包括：一电路板；多个电子元件，设置于该电路板上并电性连接至该电路板；一封装体，设置于该电路板以封装该多个电子元件，其中一第一凹槽形成于该封装体中；一第一电极，其中一外部元件的一电极的至少一部分设置在该第一凹槽中且电性连接至该电子模块的该第一电极。,H05K1/11,H01F27/255; H01F27/306; H01F27/34; Y02E60/10; H01F17/04; H01F17/0006; H01F3/10; H01F2003/106; H01F3/08; H01F27/255; H01F27/263; H01F27/255; H01F27/29; H01F41/04; H01F41/0233; H01F27/306; H05K1/18; H05K3/284; H05K2201/10037; H01F27/022; H01F27/245; H01F27/2804; H01F27/323; H01F41/041; H01F41/122; H01F2027/2809,,,2026
170-026-157-920-623,接合头,提供了一种接合头，所述接合头包括：第一框架、第二框架、第一线性传输单元、第三框架、第二线性传输单元和头部单元。第一线性传输单元可以使第二框架相对于第一框架在第三方向上移动。第二线性传输单元可以使第三框架相对于第二框架在第二方向上移动。头部单元可以结合到第三框架。在第一方向上从第一线性传输单元的第一中心线到第二框架的第一端的第一距离可以比在第一方向上从第一线性传输单元的第一中心线到第二框架的第二端的第二距离大。,H05K13/04; G02F1/133; H05K3/321; H05K3/36; H10K59/10,H05K3/305; B30B15/064; H05K2203/1105; H05K2203/0195; B30B15/0052,,,2026
159-173-597-115-953,一种印制电路板单面POFV工艺的制作方法,本发明涉及印刷电路技术领域，尤其涉及一种印制电路板单面POFV工艺的制作方法，包括如下步骤：钻孔；第一次沉铜，铜层厚度0.3‑0.8um；第一次电镀：镀层厚度25‑30um；树脂油墨填塞；第一次打磨；第二次沉铜：铜层厚度0.3‑0.8um；第二次电镀：闪镀，镀层厚度3‑5um；外层覆膜；外层曝光：不需要第三次电镀的一面贴透明胶片，需要第三次电镀的一面贴黑色胶片曝光；外层显影：显影后将需要第三次电镀的一面的感光干膜去掉；第三次电镀：单面电镀加厚，镀层厚度≥15um；去膜；第二次打磨：将不需要第三次电镀的一面的闪镀层及第二次沉铜层打磨掉。本发明提供的方法提升了研磨效率，降低了印制电路板单面POFV产品的报废率，杜绝了焊接污染及短路等问题。,H05K3/42; H05K3/00; H05K3/02; H05K3/06; H05K3/24; H05K3/40,H05K3/42; H05K3/423; H05K3/427; H05K3/4007; H05K3/0094; H05K3/061; H05K3/022; H05K3/241; H05K2201/0959,,,2026
099-743-670-523-425,元件安装管理系统、元件安装机及方法,元件安装管理系统具备元件安装机和管理元件安装机的管理装置。元件安装机具备：元件安装部，能够执行将元件安装于基板的安装处理；存储部，存储与用于执行安装处理的该元件安装机的性能相关的信息；及发送部，将存储于存储部的信息向管理装置发送。管理装置具备：接收部，接收从发送部发送的信息；及计算部，基于由接收部接收到的信息，计算元件安装机中进行安装处理所需的安装时间。,H05K13/00,H05K13/00,,,2026
167-631-557-113-852,一种用于多芯片组件的温度控制补偿系统及其制备方法,本发明公开一种用于多芯片组件的温度控制补偿系统及其制备方法，涉及微电子散热技术领域。温度控制补偿系统包括：散热组件、温度传感组件、加热组件和外围电路控制单元，通过多芯片组件与散热组件进行系统集成后，通过散热组件实现热源热量的输运，并通过在多芯片组件的正面设置温度传感组件，在散热组件中的第一散热组件的正面以及多新芯片组件的下面设置加热组件，根据温度传感组件所反馈的多芯片组件中每个芯片单元的温度对加热组件中相应加热单元的加热状态进行通断控制，提高低温度芯片单元处的温度，减小由于微流散热组件以及贴装工艺差异所引起的多个芯片单元之间的温度差异，从而提升多芯片组件散热的温度均匀性。,H05K7/20,H05K7/20; H05K7/20254; H05K7/20281; H05K7/2039; H05K7/20518; H05K7/20509,,,2026
029-786-147-379-87X,电磁波吸收片,实现在从数百GHz到太赫兹频带的高频带中具有多个电磁波吸收频带且各自的电磁波吸收频带的带宽大的电磁波吸收片。电磁波吸收片是从电磁波入射面侧起依次层叠有第一电介质层、电阻层、第二电介质层和反射层的电磁波吸收片，在将所述第一电介质层的介电常数设为ε1、厚度设为D1、所述第二电介质层的介电常数设为ε2、厚度设为D2时，相对于电磁波的中心波长λ，以下的(式1)和(式2)成立。D1＝5λ/4ε1±20%(式1)，D2＝5λ/4ε2±20%(式2)。,H05K9/00; B32B7/025; H01Q17/00,H05K9/00; B32B7/025; H01Q17/00,,,2026
122-218-075-969-883,一种构建VR沉浸式空间的多面体LED显示屏拼接装置,本发明涉及多面体LED技术领域，公开了一种构建VR沉浸式空间的多面体LED显示屏拼接装置，包括：除锈池，用于盛放除锈剂的所述除锈池的内部中间位置固定有隔板，所述隔板将所述除锈池分割形成除锈区和干燥区，所述除锈区盛放有所述除锈剂；打磨机构，用于对所述铜片上下表面同时打磨的所述打磨机构设置在所述除锈区中。本发明通过铜片拉出经过除锈池中的除锈剂除锈，在除锈剂除锈的同时，能够对铜片上下表面进行打磨操作，进而能够同时去除铜片上下表面的铜绿，能够快速实现铜卷上铜绿的去除，且设备体积小。,G09F9/302; H05K5/02; H05K7/20,G09F9/3026; H05K5/0217; H05K5/0213; H05K7/20972,,,2026
068-122-699-071-42X,一种双层通道主动流动控制液冷装置及方法,本发明属于半导体器件散热器领域，具体涉及到一种双层通道主动流动控制液冷装置及方法，其中双层通道主动流动控制液冷装置包括散热通道和射流装置；所述散热通道包括相互隔绝的通道Ⅰ和通道Ⅱ，所述通道Ⅰ和通道Ⅱ具有共同的介质入口和介质出口；所述通道Ⅰ内设置有若干个绕流柱，所述绕流柱内部中空，且中空一端贯穿至所述通道Ⅱ，中空另一端引出至所述散热通道外；所述射流装置连通散热通道外的绕流柱中空。本发明通过双层通道与射流装置的耦合，兼具高换热效率、低流阻、优良均温性和结构紧凑性，特别适用于高功率电子设备的热管理。,H10W40/47; H05K7/20,H05K7/20272,,,2026
166-272-322-489-152,用于层压电路组装件的滤波器,提供了一种用于在例如量子计算系统中对一条或多条信号线中的信号进行滤波的层压电路组装件。在一个示例中，层压电路组装件包括在第一方向上设置在基底内的一条或多条信号线。层压电路组装件包括基底的电介质部分。层压电路组装件包括基底的滤波器部分，滤波器部分在第一方向上延伸，并且包含对第一频率的第一信号比对更高的第二频率的第二信号提供更小衰减的频率吸收材料。滤波器部分被配置为使穿过一条或多条信号线的红外信号衰减。,H01P1/22; B82Y10/00; G06N10/00; H01P1/203; H01P3/08; H01P11/00; H05K1/02,H01P1/227; H05K1/024; B82Y10/00; H01P3/085; H01P11/007; H01P1/2039; G06N10/40; G06N10/80; H05K1/0393; H05K2201/09327; H05K2201/0154; H05K1/117; H05K2203/0723; H05K3/429; H05K1/0221; H10D48/3835; G06N10/00; G02B5/207; G02B5/208,,,2026
041-081-976-459-61X,转轴机构及电子设备,本申请提供一种转轴机构及电子设备。包括中梁、同步齿轮及第一摆臂和第二摆臂；同步齿轮包括相啮合且安装于中梁的第一齿轮和第二齿轮，其分别与第一摆臂和第二摆臂连接；第一齿轮包括第一齿，第一齿包括在第一齿的齿宽方向上相对设置的第一端和第二端；第二齿轮包括第二齿，第二齿包括在第二齿的齿宽方向上相对设置的第三端和第四端，第三端与第一端位于同步齿轮的一侧，第四端与第二端位于同步齿轮的另一侧；第一齿的齿顶厚自第一端向第二端逐渐变化，第二齿的齿顶厚自第三端向第四端逐渐变化，且第二齿的齿顶厚的变化趋势与第一齿的齿顶厚的变化趋势相反。本申请的技术方案的同步结构的同步效果较好，易使转轴两侧结构实现同步转动。,F16C11/04; F16H1/06; F16H1/22; F16H55/08; F16H57/12; G06F1/16; G09F9/30; H04M1/02; H05K5/02,H04M1/0214; H04M1/0268; F16C11/04; F16H1/06; F16H1/22; F16H55/088; F16H57/0006; G09F9/301; H05K5/0226; G06F1/1681; G06F1/1652; F16H2055/0893; F16H2055/0866; F16H2057/127; F16C2380/00; F16C2370/00,,,2026
119-704-472-634-126,Procédé de fabrication d’un dispositif électronique et dispositif électronique,"L’invention concerne un procédé de fabrication d’un dispositif électronique comprenant les étapes successives suivantes:- le dépôt (52) d’au moins un premier motif sur un substrat, le au moins un premier motif étant réalisé dans un premier matériau, le premier matériau comprenant des micro et/ou nano particules, - le dépôt (55) d’une couche d’un deuxième matériau sur le premier motif et sur le substrat, le deuxième matériau comprenant un monomère et un durcisseur ou un polymère non polymérisé, - l’imbibition (56) du premier matériau par le deuxième matériau,- la polymérisation (58) du deuxième matériau de manière à former un micro et/ou nano composite solide et un support intégrant ledit micro et/ou nano composite, - la désolidarisation (60) du dispositif électronique du substrat. Figure à publier avec l’abrégé : Figure 1",H10P14/00; B81C1/00,H05K3/007; H05K2203/0156; H05K2203/016; H05K1/097; H05K1/0326; H05K2201/10151; H05K2201/0323; H05K2201/0257; H05K3/125; H05K3/1216,,,2026
162-027-909-673-122,冷却器,本发明提供一种能够抑制冷却性能降低的冷却器。冷却器具有壳体构件，该壳体构件具备：制冷剂的流入口；所述制冷剂的流出口；第一构件，其包括接受来自被冷却体的热的第一面和所述第一面的相反侧的第二面；第二构件，其具有与所述第二面相对的第三面；多个突起，其从所述第三面朝向所述第二面突出；以及至少一个壁部，其与所述多个突起中的至少一个突起对应地配置，从所述第三面朝向所述第二面突出，所述至少一个壁部的突出高度比所述至少一个突起的突出高度低，所述至少一个壁部与所述至少一个突起分开，配置于所述至少一个突起的与所述流入口相反的一侧。,H10W40/47,H05K7/20927,,,2026
152-355-344-197-21X,EMC壳体,本公开提供EMC壳体。一种电磁兼容(EMC)壳体，具有用于在装配在一起时形成壳体的第一部分(2)和第二部分(3)。第一部分(2)和第二部分(3)分别包括第一接口表面(4)和第二接口表面(5)，用于当第一部分和第二部分装配在一起时压缩插入接口表面(4、5)之间的衬垫(9)。第一接口表面(4)和第二接口表面(5)中的至少一个包括多个底切区域(7)，底切区域用于当第一部分(2)和第二部分(3)装配在一起时减小衬垫(9)在该区域中的压缩。,H05K9/00,H05K5/0052; H05K5/061; H05K5/006; H05K9/0009; H05K9/0015; H05K9/0015,,,2026
057-866-234-462-327,柔性可拉伸电路及其制备方法、电子设备,本申请涉及一种柔性可拉伸电路及其制备方法、电子设备，柔性可拉伸电路包括柔性可拉伸衬底、导线单元、多个元器件和封装体；导线单元包括中间导线、均与中间导线连接的正极导线和负极导线，中间导线包括多个均呈蛇形设置的第一导线和第二导线，第一导线和第二导线交叉且连接围合成多个阵列分布的空白区域，多个第一导线间断形成连接区域；元器件与连接区域一一对应，与第一导线连接；封装体设置于柔性可拉伸衬底上，导线单元和各元器件包覆于封装体内。电路在拉伸时，第一导线和/或第二导线拉伸变形以具备较长的走线长度，但横截面积不发生变化，使得电路电阻阻值可保持稳定，能够实现小尺寸电路在弯曲拉伸时元器件的正常工作。,H05K1/02; A61N5/06; H05K1/18; H05K3/20; H05K3/34,H05K1/0283; H05K1/0296; H05K1/181; H05K3/20; H05K3/341; A61N5/06; A61N2005/0651,,,2026
193-661-446-719-931,扬声器装置,本申请提供了一种扬声器装置，其包括：壳体、扬声器组件、散热器和导流部。扬声器组件设置于壳体。散热器设置于壳体，散热器邻近于扬声器组件。导流部设置于壳体，导流部绕扬声器组件和散热器设置，扬声器组件振动发声时所产生的气流经导流部导流至散热器。本申请解决了现有的扬声器装置存在散热速度低的问题。,H04R9/06; H04R9/02; H05K7/20,H04R1/02; H04R1/021; H04R2201/02; H04R1/025; H05K7/20145; H05K7/20154; H05K7/20409,,,2026
101-070-018-282-129,电子设备、分色结构件及其制备方法,本申请涉及电子设备技术领域，提供了一种电子设备、分色结构件及其制备方法。所述电子设备至少包括TP装饰件和后盖，TP装饰件和后盖的至少一个为分色结构件，分色结构件包括结构件基材，以及结合在结构件基材上的涂层叠层，且涂层叠层至少包括设置在结构件基材不同区域表面的第一涂层叠层和第二涂层叠层，第一涂层叠层呈现第一颜色，第二涂层叠层呈现第二颜色或第二涂层叠层为透明叠层。本申请提供的电子设备，TP装饰件和后盖的至少一个为分色结构件。通过在电子设备的TP装饰件和/或后盖的不同区域设置呈现不同颜色的涂层叠层，实现TP装饰件和/或后盖的分色，使电子设备在外观上呈现视觉效果更好的颜色分布，提高电子设备的精致度要求。,H05K5/02; B23K26/362; B23K26/402,H05K5/0217; H05K5/0017; B23K26/362; B23K26/402,,,2026
166-335-298-847-276,用于用电负载的控制设备、操作方法和控制柜,本公开涉及一种用于用电负载的控制设备，包括：固定地布置的固定模块，其中，所述固定模块中布置有备份单元；能够替换的活动模块，所述活动模块被配置为基于存储在所述活动模块中的第一运行数据执行对所述用电负载的控制，以及周期性地将所述第一运行数据备份到所述备份单元以作为第二运行数据。本公开还涉及一种用于用电负载的控制设备的操作方法和一种用于用电负载的控制柜。,G05B19/042,G06F11/1456; G05B19/048; G05B19/042; G06F2201/84; H02H7/0833; H02H7/085; H05K5/0017; H05K5/0256,,,2026
133-792-833-739-418,布线电路基板以及布线电路基板集合体片,在布线电路基板安装有电气元件。布线电路基板具有支承体。支承体具有上表面和下表面。在支承体形成有沿厚度方向延伸的第一贯通孔。另外，布线电路基板具有对支承体的外表面进行覆盖的绝缘层。绝缘层中的对第一贯通孔的内周面进行覆盖的部分形成在第一贯通孔的内部沿厚度方向延伸的第二贯通孔。第二贯通孔形成为能够收容电气元件的至少一部分。以从第二贯通孔的内周面向绝缘层的上表面以及下表面延伸的方式，以给定图案形成有第一导体层以及第二导体层。,H05K1/18; H05K1/11; H05K3/40; H05K3/46,H05K1/18; H05K1/11; H05K3/46; H05K3/40,,,2026
197-857-734-941-895,一种连接机构、安装组件及机柜,本发明公开了一种连接机构、安装组件及机柜，连接机构用于连接柜体和安装模块，连接机构包括连接件和弹性件，每个连接件设有固定部和连接部，各固定部固接于安装模块，连接部设有拉手并适于绕垂直于第二方向的第一轴线转动于第一位置和第二位置之间；在第一位置，连接部适于抵接柜体的前表面并与其固接；在第二位置，拉手适于牵引安装模块；弹性件适于使拉手保持在第二位置。安装组件包括安装模块和上述连接机构。机柜包括柜体和上述安装组件。本发明的连接机构、安装组件及机柜，可充分利用柜体内部空间并减小柜体的占地面积，安装模块的维护便捷且其正面可预留出更多的器件摆放空间，整体更为美观，尤其适用于结构紧凑的安装模块和柜体。,H05K7/14,H05K7/1401; H05K7/1415; H05K7/14,,,2026
116-224-562-501-595,一种大功率且高效的循环液冷却器,本发明公开了一种大功率且高效的循环液冷却器，属于循环液冷却器技术领域，该大功率且高效的循环液冷却器，包括外壳，所述外壳内部为空心结构设置，所述外壳内部设置有流体优化组件，用于提升散热效果、减少局部过热和积尘，还能优化流体动力学、提高系统的稳定性，且外壳顶部的液体存放腔内设置有双向扰流组件，用于减小热边界层，增强流体混合，优化冷却系统的动态响应。本发明通过采用双向扰流组件和流体优化组件，使得散热器的上下左右运动和双向扰动冷却液，能显著提升冷却系统的热交换效率、冷却液流动性、系统响应速度和整体稳定性，不仅减少热边界层、提高热交换效率，还能减少能耗，延长设备寿命，降低维护频率。,F28D1/047; F28F9/00; F28F9/24; F28F13/02; F28F17/00; H05K7/20,F28D1/047; F28F9/24; F28F9/001; F28F17/00; F28F13/02; H05K7/20254,,,2026
010-620-490-679-220,SEMICONDUCTOR CORE LAYER INCLUDING GLASS SHEET HAVING EDGE SEALANT STRUCTURE AND METHOD OF MAKING SAME,"A package substrate includes: a sheet including glass; build-up layers respectively on a top surface and on a bottom surface of the sheet; structures defining electrically conductive pathways within the sheet and within the build-up layers; and a ribbon-shaped edge structure in recesses defined at lateral edges of the sheet and defined with respect to lateral edges of the build-up layers, the ribbon-shaped edge structure extending in a direction along a thickness of the sheet, having a lateral edge surface facing away from the sheet, and comprising an edge structure material not including glass and not including metal.",H05K1/18,H05K1/181; H10D84/038; H10W70/68; H10W70/692; H10W90/401; H10W90/00; H10W90/724; H10P50/613; H10P70/23,,,2026
156-446-927-136-880,LED LAMP BEAD AND PHOTOGRAPHIC AND VIDEOGRAPHIC LAMP,"An LED lamp bead includes a substrate, a chip, and signal pin groups. The chip is arranged on the substrate. Each signal pin group includes, electrically connected to the chip, signal input ends and signal output ends. The signal pin groups are arranged on peripheral side edges of the substrate, and at least two side edges of the substrate are both provided with the signal pin groups.",G03B15/02,H10H20/857; Y02B20/30; H10H20/857; H10W90/00; H10W90/753; H05K1/181; H05K2201/10106; H05K2201/09227; H05K1/111; G03B15/02,,,2026
192-023-252-521-529,ELECTRONIC DEVICE COMPRISING HEAT DISSIPATION STRUCTURE,"An electronic device is provided. The electronic device includes a first support member partially including a thermally conductive material, a printed circuit board arranged to face the first support member, an integrated circuit chip arranged between the first support member and the printed circuit board, arranged on one surface of the printed circuit board, a solid-state thermal interface material (TIM) with compressibility, of which a portion of one surface is in contact with the integrated circuit chip and a portion of the other surface is in contact with the first support member, to transfer heat between the integrated circuit chip and the first support member, and a shielding film which is arranged between the TIM and the first support member and partially attached to the TIM and provides a first opening allowing a portion of the other surface of the TIM to be attached to the first support member.",H05K9/00; H05K7/20,H05K7/20; H05K9/00; G06F1/20; G06F1/203; H05K7/2039; H05K7/20963; H05K9/0024; H05K2201/064; H05K2201/10128,,,2026
199-070-137-259-322,KÜHLSYSTEM,"Ein Kühlsystem umfasst eine Kühleinheit, die so konfiguriert ist, dass sie eine Vielzahl von Kühleinrichtungen aufweist, die einen wärmeerzeugenden Körper kühlen, einen einlassseitigen Verteiler, der ein Kältemittel an die Kühleinrichtungen verteilt, und einen auslassseitigen Verteiler, aus dem das Kältemittel von jeder der Kühleinrichtungen abgegeben wird, einen natürliche Zirkulationsabschnitt, der so konfiguriert ist, dass er eine Naturzirkulationsleitung aufweist, die den auslassseitigen Verteiler und den einlassseitigen Verteiler verbindet, und einen ersten Wärmetauscher, der in einer Mitte der Naturzirkulationsleitung und oberhalb der Kühleinheit installiert ist, und einen Zwangszirkulationsabschnitt, der so konfiguriert ist, dass er eine Zwangszirkulationsleitung aufweist, die den auslassseitigen Verteiler und den einlassseitigen Verteiler verbindet, einen zweiten Wärmetauscher, der in einer Mitte der Zwangszirkulationsleitung vorgesehen ist und eine größere Kapazität als der erste Wärmetauscher aufweist, und eine Pumpe, die in der Zwangszirkulationsleitung vorgesehen ist, um das Kältemittel von dem auslassseitigen Verteiler zu dem einlassseitigen Verteiler zu pumpen.",H05K7/20; G06F1/20,H05K7/20; G06F1/20,094-746-971-787-346,,2026
141-888-818-688-655,KÜHLER,"Ein Kühler beinhaltet ein Gehäuse, beinhaltend: einen Einlass für ein Kältemittel; einen Auslass für das Kältemittel; ein erstes Element mit einer ersten Oberfläche, die Wärme von einem gekühlten Körper absorbiert, und einer zweiten Oberfläche entgegengesetzt zu der ersten Oberfläche; ein zweites Element mit einer dritten Oberfläche, die der zweiten Oberfläche zugewandt ist; Erhebungen, die sich von der dritten Oberfläche zu der zweiten Oberfläche erstrecken; und mindestens eine Ablenkplatte bzw. ein Leitblech, das für mindestens eine Erhebung von den Erhebungen angeordnet ist und sich von der dritten Oberfläche zu der zweiten Oberfläche erstreckt. Das mindestens eine Leitblech weist eine vorstehende Höhe auf, die kleiner als eine vorstehende Höhe der mindestens einen Erhebung ist. Das mindestens eine Leitblech ist von der mindestens einen Erhebung beabstandet und ist an einer Seite entgegengesetzt zu dem Einlass relativ zu der mindestens einen Erhebung angeordnet.",F28F13/06; F28F3/02; F28F13/08; F28F13/12; H05K7/20; H10W40/47,H05K7/20927,014-257-033-813-22X,,2026
107-296-412-321-085,Kühlmittelsystem,"In einer beispielhaften Ausführungsform wird ein Kühlmittelsystem bereitgestellt, das einen oder mehrere Verbindungsstücke und eine Vielzahl von eingesetzten Vorrichtungen umfasst. Das eine oder die mehreren Verbindungsstücke sind jeweils konfiguriert, den Fluss von Kühlmittelfluid des Kühlmittelsystems zu ermöglichen, und jedes umfasst eine Basis und eine Vielzahl von Anschlüssen. Die Basis definiert Fluid-Durchgänge darin. Die Vielzahl von Anschlüssen sind mit den Fluid-Durchgängen gekoppelt, und konfiguriert, den Fluss des Kühlmittelfluids dorthindurch zu erlauben. Jeder der Anschlüsse umfasst einen drehbaren Kopf und eine Vielzahl von Anschlägen. Die Vielzahl von eingesetzten Vorrichtungen weisen jeweils entsprechende Gegenstücke auf und werden jeweils innerhalb eines entsprechenden der Anschlüsse in einem Winkel eingesetzt, der basierend auf einem Eingriff der entsprechenden Gegenstücke mit einem oder mehreren der Vielzahl von Anschlägen des drehbaren Kopfes des entsprechenden Anschlusses bestimmt wird.",B60K11/04; F25B41/00,B60K11/02; F25B41/42; F25B43/006; H05K7/20272; Y02E60/10; B60K11/02; H01M10/6568; H01M2220/20; H01M10/625; H01M10/613; F16L27/0849; H01M10/613; H01M10/625; H01M10/6568; B60K11/02; F16L27/0849; H01M2220/20,015-819-402-589-71X; 015-819-402-589-71X,,2026
091-787-517-531-908,Stromrichter,"Stromrichter (100), umfassend:eine Platte (1);ein Heizelement (2), das mit der Platte (1) verbunden ist, und Stromumwandlung durchführt;ein Gehäuse (3), das einen konvexen Radiator (35) enthält, der Wärme von dem Heizelement (2) abstrahlt und zu der Platte (1) vorsteht, und in dem die Platte (1) und das Heizelement (2) angeordnet sind; undein Presselement (6), das zwischen der Platte (1) und einer Bodenfläche (32) des Gehäuses (3) angeordnet ist und das Heizelement (2) zu einer ersten Seitenfläche (35a) des konvexen Radiators (35) des Gehäuses (3) presst;wobei das Presselement (6) an dem Gehäuse (3) durch Befestigen eines ersten Befestigungselements (12) in einer Befestigungsrichtung entlang einer Richtung entgegen einer Vorstehrichtung des konvexen Radiators (35) fixiert wird;wobei das Gehäuse (3) eine Innenseitenfläche (3a) aufweist, die der ersten Seitenfläche (35a) zugewandt ist; undwobei die Innenseitenfläche (3a) eine Führung (8) enthält, die so konfiguriert ist, dass sie das Presselement (6) entlang der Richtung entgegen der Vorstehrichtung des konvexen Radiators (35) führt.",H02M1/00; H02M7/48; H05K7/14; H05K7/20; H10W40/60,H02M7/003; H05K7/20927; H10W40/611; H10W40/641; H10W40/47; H05K1/0212; H05K7/20927; H05K2201/10227; H10W40/60,144-335-282-132-446; 023-325-198-622-577; 035-321-658-751-036; 035-321-658-751-036; 023-325-198-622-577; 144-335-282-132-446,,2026
061-309-641-357-180,GUIDE COMPONENT,"A guide component has a base formed with an accommodation portion. The accommodation portion has two first sides each extending along a first horizontal direction and two second sides each extending along a second horizontal direction. The accommodation portion is provided with a first press-fit projection projecting inward in the horizontal plane from the first side and a second press-fit projection projecting inward in the horizontal plane from the second side. Under an attached state where the guide component is attached to a connector, the connector is located in the accommodation portion, is pressed against the first press-fit projection in the second horizontal direction and is pressed against the second press-fit projection in the first horizontal direction.",H01R13/629; H01R12/72; H01R12/73,H01R12/78; H01R13/631; H01R12/7064; H01R12/716; H01R12/79; H05K1/189; H05K1/182; H01R12/7005; H01R12/722; H01R12/732; H01R13/629,,,2026
114-634-031-364-551,PRINTED CIRCUIT BOARD AND METHOD OF MANUFACTURING THE SAME,"A printed circuit board includes a first build-up insulating layer; an interconnect structure buried in an upper side of the first build-up insulating layer and including one or more insulating layers, one or more wiring layers, and one or more via layers; an adhesive disposed between an upper surface of the first build-up insulating layer and an upper surface of the interconnect structure, and having an upper surface exposed from the upper surface of the first build-up insulating layer; and a metal bump including a via portion penetrating the adhesive and a protrusion protruding to the upper surface of the adhesive.",H05K3/46; H05K1/03; H05K3/12; H05K3/40,H05K1/0296; H05K1/0298; H05K1/115; H05K3/42; H05K3/429; H05K3/46; H05K3/20; H05K3/4682; H05K3/4694; H05K2201/09472; H10W70/685; H05K3/4644; H05K3/4697; H05K1/115; H05K3/4007; H05K1/0207; H05K3/4626; H05K1/036; H05K3/4007; H05K2201/10204; H05K2203/049; H05K2203/176; H05K3/1258,,,2026
122-577-305-454-688,電力変換装置、部品間接続システム及び部品間接続方法,,H01R13/631; H01R12/73; H02M3/00; H02M7/48; H05K1/02; H05K1/14; H05K3/36,H05K1/0269; H05K3/368; H05K2201/10318; H05K2201/10325; H05K1/144; H01R12/718; H01R13/631; H01R43/26; H05K1/0269; H05K2201/09063; H05K2201/10318; H05K2201/10325,,,2026
075-865-714-131-074,ADDITIVE MANUFACTURING TECHNIQUES FOR PRODUCING A NETWORK OF CONDUCTIVE PATHWAYS ON A SUBSTRATE,"The disclosed embodiments include an automobile panel that can include a polymer substrate, a network of conductive pathways, and connectors coupled to ends of the network of conductive pathways. The network of conductive pathways can include conductive material disposed in cavities forming a network of channels in the polymer substrate. The conductive material at least partially encapsulates by the polymer substrate. The connectors are connectable to automotive electronic devices thereby forming electrical circuits that include the network of conductive pathways and the automotive electronics.",H05K3/10; B60R16/027; B60R16/033; B60R16/037; H01B1/22; H05K3/14,B60R16/0207; B60R16/0215; H01B1/02; B60R16/027; B60R16/033; B60R16/037; H01B1/22; H05K3/10; H05K2203/107; H05K3/14,,,2026
062-022-678-397-483,METHOD AND SYSTEM OF MANUFACTURING PRINTED WIRING BOARD,"A method of manufacturing a printed wiring board according to one aspect of the present disclosure is a method of manufacturing a printed wiring board from a printed wiring board sheet having a plurality of printed wiring board pieces. The method includes: determining, by an electrical inspection, whether each of the plurality of printed wiring board pieces is a non-defective product or a defective product; after the determining, selectively cutting out the non-defective product from the printed wiring board sheet; and inspecting an appearance of the non-defective product cut out in the cutting out. The method further includes passing on data about a non-defective product or a defective product to the cutting out, the data about a non-defective product or a defective product being obtained in the determining. In the cutting out, the non-defective product is cut out based on the data passed on in the passing on.",H05K3/22,G01N21/956; H05K3/00; H05K3/22; H05K2203/108; H05K2203/176,,,2026
139-194-135-283-845,PROTECTIVE BOOT FOR AN ELECTRONIC DEVICE,"A protective boot for an electronic device is disclosed. The electronic device comprises a guide rail on the side of the electronic device. The protective boot comprises a rim that is configured to extend around a periphery of the electronic device, a strap portion that comprises a first portion that extends from the rim, and a bottom portion that defines a cut-out relative to the first portion of the strap portion. Further, the cut-out is configured to allow the guide rail of the electronic device to mate with a corresponding feature of a charging base when the rim of the protective boot extends around the periphery of the electronic device.",H05K5/02; G06F1/16,H04M1/04; H04M1/0203; H04M1/72409; G06F1/1629; G06F1/1635; G06F1/1658; H05K5/0234; H05K5/0247,,,2026
109-564-467-712-017,BAFFLE FOR AN INFORMATION PROCESSING DEVICE,"A baffle to restrain a flow of fluid to a fluid flow path defined in an information processing device is disclosed. The baffle includes a fixed end, a free end opposite to the fixed end, the attachment portion, and a finger portion. The attachment portion is at the fixed end and includes a mechanical mounting member. The mechanical mounting member is configured to detachably couple to a support structure of the information processing device so as to mount the attachment portion to the information processing device. The finger portion includes a plurality of flaps extending from the attachment portion to the free end and configured to restrain the flow of the fluid to the fluid flow path. The finger portion includes a compliant material such as one of a rubber material or a silicon material.",H05K7/20,H05K7/20727; H05K7/20145,,,2026
144-408-415-240-921,REPLACEABLE PUMP UNIT FOR COOLING SYSTEMS,"Systems and methods are provided for a high density liquid cooling unit to cool electrical components. A replaceable pump unit (RPU) can include a pump configured to provide fluid flow to cool the electrical components (e.g., via direct liquid cooling of the electrical components by the pumped fluid and air-to-liquid cooling of the pumped fluid via a heat exchanger in fluid communication with the RPU). The RPU can be configured to be operated with or satisfy one or more RPU performance characteristics.",H05K7/20,H05K7/20272; H05K7/2079; H05K7/20272; H05K7/20781,,,2026
170-986-691-020-148,車両,,B60L9/18; B60K6/22; B60K11/04; B60W10/06; B60W10/30; B60W20/00,B60L50/60; B60L50/61; H05K7/20845; B60K2001/006; B60K2001/003; B60K1/00; B60K11/02; B60W30/18027; B60K6/46; B60W10/30; F01P7/164; F01P7/16; F01P2050/24; B60W30/18027; B60W20/00; B60K11/02; B60W2710/06; B60W2510/087; B60W2540/10; B60W2540/12; B60W2710/088; B60L2240/525; B60W10/30,,,2026
039-623-916-766-003,A POWER CONVERTER ASSEMBLY WITH THERMAL GUIDE LAYER,"The present disclosure relates to a power converter assembly comprising: an integrated power stage comprising one or more power management integrated circuits and one or more switches; a thermal guide layer arranged on top of the integrated power stage, the thermal guide layer comprising a silicon substrate portion; a layer of an electrically isolative portion deposited on a top side and a bottom side of the silicon substrate portion; bottom layer connector portions made of an electrically conductive material deposited on the electrically isolative portion; top layer connector portions made of an electrically conductive material deposited on the electrically isolative portion; through-silicon vias connecting the bottom layer connector portions and the top layer connector portions; one or more passive components arranged on the thermal guide layer, wherein the one or more passive components are connected to the top layer connector portions of the thermal guide layer, wherein the one or more power management integrated circuits, the one or more switches and the one or more passive components are configured to perform a power conversion of an input voltage and/or current to an output voltage and/or current.",H05K1/02; H02M3/00; H02M3/158; H02M7/00; H05K1/03; H05K1/11; H05K1/14; H05K1/18; H05K3/34,H05K2201/10969; H05K2201/09781; H05K1/111; H05K1/0209; H05K1/181; H05K3/3442; H02M3/003; H05K1/144; H05K2201/10378; H02M7/003; H05K1/0206; H05K1/0306; H10W40/22; H10W40/259; H10W40/253; H10W40/255; H10W90/00,,,2026
008-019-686-388-653,Foldable Electronic Device,"A foldable electronic device includes a hinge structure, a first middle frame, and a second middle frame. An end portion of the hinge structure includes a blocking member, and along an axial direction of the hinge structure, the blocking member includes a first side surface and a second side surface that face away from each other. The first side surface faces the display, and the second side surface faces away from the display.",H05K5/02,G06F1/1652; G06F1/1681; H04M1/022; H04M1/0268; H04M1/185; G09F9/301; H05K5/0226,,,2026
106-408-305-378-390,COOLING APPARATUS FOR POWER MODULES,"The cooling of power modules used in high-power systems, such as three-phase inverters, may require a cooling apparatus that is heavier than desired for some applications, such as electric vehicles. A cooling apparatus is disclosed that can provide sufficient cooling in a weight-reduced package. Additionally, assembly methods are disclosed that make the cooling apparatus more robust to shocks and vibrations, which may be experienced by electric vehicles.",H05K7/20,H05K7/20927,,,2026
112-581-928-449-577,PRECISE AND EFFICIENT COOLING SYSTEM CONTROL,"A cooling system can include a first loop disposed at least partially within a space, such as a data center, a second loop disposed at least partially outside the space, and a heat exchanger for transferring heat from the first loop to the second loop. The first loop can include an evaporator for transferring heat from within the space to a first cooling fluid, and a prime mover for circulating the first cooling fluid within the first loop. The heat exchanger can transfer heat from the first cooling fluid to a second cooling fluid. The second loop can include a condenser for transferring heat from the second cooling fluid to an environment outside the space. The condenser can be disposed at a higher elevation than the heat exchanger and the second loop can operate as a thermosiphon.",H05K7/20,H05K7/20827; H05K7/20827; H05K7/20836,,,2026
106-157-664-034-318,Power Module Having Features for Minimizing Baseplate Movement,A power module includes a baseplate and an enclosure. The baseplate includes a first surface with a plurality of openings. The enclosure includes a first surface that faces the first surface of the baseplate and a plurality of posts jutting out from the first surface. Each of the posts of the enclosure is inserted into a respective opening of the baseplate. A first post of the enclosure is inserted into a first opening of the baseplate and is configured to minimize lateral movement of the baseplate relative to the enclosure. A second post of the enclosure is inserted into a second opening of the baseplate and is configured to minimize rotational movement of the baseplate about the first post.,H05K5/02,H05K5/0217,,,2026
019-733-639-979-386,CERAMIC SUBSTRATE AND ELECTRONIC COMPONENT,"A ceramic substrate that includes: a base body including a ceramic layer; at least one inner conductor in the base body; a terminal electrode including a first electrode in contact with an outer surface of the base body and a second electrode covering a surface of the first electrode; and an insulating layer covering at least a portion of an outer periphery of the first electrode, the ceramic substrate including a section where the first electrode, the insulating layer, and the second electrode overlap in a thickness direction, the first electrode having a non-conductive component content of from 3% by weight to 40% by weight, the second electrode having a non-conductive component content of from 0% by weight to 10% by weight, and the non-conductive component content of the first electrode being equal to or greater than the non-conductive component content of the second electrode.",H05K1/03; H05K1/16,H05K3/46; H05K1/09; H05K1/0306; H05K1/162; H05K1/165,,,2026
006-380-450-488-281,ELECTRONIC DEVICE AND NOISE CONTROL METHOD,"An electronic device is provided. The electronic device includes a slidable housing including a first housing and a second housing, a first substrate included in the first housing and including a processor, a second substrate included in the second housing, a flexible printed circuit board (FPCB) which includes a ground line, electrically connects the first substrate and the second substrate to each other, and has a shape changed according to the movement of the slidable housing, and a matching circuit electrically connecting the first substrate and at least a portion of the ground line of the FPCB, and changing impedance under the control of the at least one processor according to the shape of the FPCB.",H03H7/38; H01Q1/24; H04M1/02,H05K1/14; H05K1/02; H03H7/38; H04M1/0237; H04M1/72454; H01Q1/243; H03H7/38; H04M1/0237; H04M1/0274; H04M1/0277,,,2026
157-434-278-943-911,Anzeigevorrichtung und elektronisches Gerät,"Anzeigevorrichtung, die ein erstes Anzeigefeld (100a) und ein zweites Anzeigefeld (100b) umfasst,wobei das erste Anzeigefeld (100a) einen ersten Anzeigebereich (101a) umfasst,wobei das zweite Anzeigefeld (100b) einen zweiten Anzeigebereich (101b) und einen Bereich (110b) umfasst, der sichtbares Licht durchlässt,wobei der zweite Anzeigebereich (101b) dem Bereich (110b) benachbart ist, der das sichtbare Licht durchlässt,wobei der erste Anzeigebereich (101a) einen Abschnitt umfasst, der sich mit dem Bereich (110b) überlappt, der das sichtbare Licht durchlässt,wobei das erste Anzeigefeld (100a) ein erstes Licht emittierendes Element (1105R), ein zweites Licht emittierendes Element (1105G) und ein drittes Licht emittierendes Element (1105B) umfasst,wobei das erste Licht emittierende Element (1105R), das zweite Licht emittierende Element (1105G) und das dritte Licht emittierende Element (1105B) eine Elektronentransportschicht zwischen einem Elektrodenpaar (1101, 1102) umfassen und jeweils eine Licht emittierende Schicht zwischen dem Elektrodenpaar (1101, 1102) umfassen,wobei die Licht emittierende Schicht in dem ersten Licht emittierenden Element (1105R), die Licht emittierende Schicht in dem zweiten Licht emittierenden Element (1105G) und die Licht emittierende Schicht in dem dritten Licht emittierenden Element (1105B) voneinander getrennt sind, undwobei das erste Licht emittierende Element (1105R), das zweite Licht emittierende Element (1105G) und das dritte Licht emittierende Element (1105B) die gleiche Elektronentransportschicht gemeinsam verwenden.wobei Licht, das von dem ersten Licht emittierenden Element (1105R) emittiert wird, eine CIE-1931-Chromatizitätskoordinate x von größer als 0,680 und kleiner als oder gleich 0,720 und eine CIE-1931-Chromatizitätskoordinate y von größer als oder gleich 0,260 und kleiner als oder gleich 0,320 aufweist,wobei Licht, das von dem zweiten Licht emittierenden Element (1105G) emittiert wird, eine CIE-1931-Chromatizitätskoordinate x von größer als oder gleich 0,130 und kleiner als oder gleich 0,250 und eine CIE-1931-Chromatizitätskoordinate y von größer als 0,710 und kleiner als oder gleich 0,810 aufweist, undwobei Licht, das von dem dritten Licht emittierenden Element (1105B) emittiert wird, eine CIE-1931-Chromatizitätskoordinate x von größer als oder gleich 0,120 und kleiner als oder gleich 0,170 und eine CIE-1931-Chromatizitätskoordinate y von größer als oder gleich 0,020 und kleiner als 0,060 aufweist.",H05B33/12; G06F3/041; G09F9/30; G09F9/40; H05B33/02; H05B33/06; H10K50/00; H10K59/00,H10K59/35; H10K59/18; H10K59/128; H10K77/111; H10K2102/311; H10K59/18; H10K59/35; H10K59/38; H10W90/00; H05K1/147; H10K59/131; H10K59/82; H10K59/87; H10K59/88; H10K59/18; H10K59/30; H10K59/35; H10K59/128; H10W90/00,189-726-180-173-547; 188-219-320-617-718; 057-535-534-389-022; 057-535-534-389-022; 189-726-180-173-547; 088-443-156-232-656; 033-957-305-670-135,,2026
178-015-048-181-902,DYNAMIC CONTROL OF LIQUID-ASSISTED AIR COOLING SYSTEMS,"An apparatus comprises a processing device configured to monitor status information for electronic equipment of an information technology asset, at least a portion of the electronic equipment being at least partially cooled by at least one pump of a liquid-assisted air cooling system. The at least one processing device is also configured to determine configuration information for at least one motor of the at least one pump of the liquid-assisted air cooling system based at least in part on the monitored status information. The at least one processing device is further configured to control operation of the at least one motor of the at least one pump of the liquid-assisted air cooling system based at least in part on the determined configuration information.",G06F1/20; H05K7/20,H05K7/20154; G06F1/20,,,2026
107-549-414-783-745,"CABLE, DISPLAY DEVICE INCLUDING THE SAME AND METHOD FOR MANUFACTURING THE SAME","A display device may include: a chassis assembly; a display panel on the chassis assembly; a circuit board assembly electrically connected to the display panel; and at least one cable configured to electrically connect the display panel or the circuit board assembly, wherein the at least one cable includes: a cable body including a connection terminal; and a pair of fixing portions respectively connected to two opposite ends of the cable body and configured to be at least partially separated from the corresponding end of the cable body by cutting, and wherein each of the fixing portions includes: a fixing portion body connected to the cable body and configured to be at least partially separated from the cable body by cutting, the fixing portion body including a fixing recess; and a cutting portion including at least one perforation line extending by a predetermined distance along a connecting portion between the fixing portion body and the cable body.",H05K5/02,H05K5/0247,,,2026
016-139-228-495-896,"AUTOMATIC CLEANING DEVICE, AND SYSTEM","An automatic cleaning device, includes: a mobile platform; a circuit board, which is arranged in the mobile platform and comprises a circuit board body provided with a middle area and an edge area surrounding the middle area; interface devices arranged on the circuit board body and located in the edge area; electronic devices arranged on the circuit board body and located in the middle area; and a blocking rib arranged between the interface devices and the electronic devices and configured to block liquid and/or moisture from coming into contact with the electronic devices.",A47L11/40; H05K1/02,A47L11/40; A47L11/28; A47L11/24; A47L11/4091; A47L11/4083; A47L11/4077; A47L11/4002; A47L11/4011; A47L11/4008; A47L9/28; A47L9/2805; A47L2201/04; A47L2201/00; A47L11/4077; A47L11/4002; A47L11/4083; A47L11/4091; A47L2201/02; A47L11/4002; A47L11/4077; A47L11/4091; H05K1/0272,,,2026
025-559-378-204-393,COOLER,A cooler includes a case including: an inlet for a refrigerant; an outlet for the refrigerant; a first member with a first surface that absorbs heat from a cooled body and a second surface opposite to the first surface; a second member with a third surface facing the second surface; protrusions that extend from the third surface toward the second surface; and at least one baffle that is disposed for at least one protrusion from among the protrusions and extends from the third surface toward the second surface. The at least one baffle has a protruding height that is less than a protruding height of the at least one protrusion. The at least one baffle is spaced apart from the at least one protrusion and is disposed on a side opposite the inlet relative to the at least one protrusion.,H05K7/20,H05K7/20927,,,2026
053-060-297-333-137,MAGNETIC SNAP-ON INTELLIGENT QUICK CONNECTION SYSTEM,"The present disclosure belongs to the field of mobile device mount technology, in particular to a magnetic snap-on intelligent quick connection system, comprising a device connection module including a circular base, an annular magnet array, and a quick-release fastener; the base being provided with a circular mounting slot. The present disclosure achieves great convenience by using a complete circular docking system formed by the circular base, the circular mounting slot, and the circular central hole of the device connection module, and the circular device and the frustum of the mount connection module, eliminating the need for precise angle matching during magnetic alignment. The annular magnet array and corresponding magnet groups generate uniform attraction at any angle, allowing the frustum to automatically align and insert into the central hole. Then the latches accurately dock with the snap-fit locating slots to lock in place by 360-degree arbitrary rotation.",H01F7/08; B62J50/21; H05K7/02,H01F7/081; B62J50/225; H05K7/02,,,2026
124-755-486-205-155,SYSTEMS AND METHODS FOR THERMAL CONTROL IN AN INFORMATION HANDLING SYSTEM,"A method may include controlling a cooling subsystem, the cooling subsystem comprising at least one air mover configured to generate a cooling airflow in a system, based at least in part on an inlet temperature to the system when an inlet temperature sensor for sensing the inlet temperature is available and in response to a failure of the inlet temperature sensor, executing an energy balance calculation to estimate a virtual inlet temperature based on one or more temperature values from one or more temperature sensors of a plurality of temperature sensors of the system other than the inlet temperature sensor and controlling the cooling subsystem based at least in part on the virtual inlet temperature when the inlet temperature sensor is unavailable.",H05K7/20,H05K7/20136; H05K7/20209,,,2026
106-292-262-974-536,HEAT DISSIPATION DEVICE AND POWER MODULE ADAPTED THERETO,"A heat dissipation device adapted to a power module includes a first plate body and a second plate body. The first plate body includes a first plate element having a first surface and a second surface opposite to each other, wherein the first surface faces toward a heat source in the power module, and the first plate element includes plural holes penetrating the first surface and the second surface. The second plate body is stacked with the first plate body and includes a second plate element and plural protruding elements. The second plate element includes a third surface and a fourth surface opposite each other, wherein the third surface is adjacent to the second surface, and the plural protruding elements are disposed on the third surface. At least a portion of the plural protruding elements penetrate in the plural holes and contact with the heat source.",H05K1/02,H10W40/228; H10W40/255; H10W40/47; H05K1/021; H05K2201/064; H05K2201/066,,,2026
175-063-433-604-665,SUSTAINABLE COATINGS ON CONDUCTIVE PARTS SUCH AS A MAGNESIUM-BASED LAPTOP CHASSIS,"Disclosed herein is method for finishing a conductive part with a sustainable coating, where the part may be a magnesium-based chassis/housing for electronic equipment. The method includes depositing electrochemically a coating material onto the conductive surface of the component, placing a thin film over the coating material, and attaching the thin film onto the component by way of a vacuum transfer process. A graphite-based coating (e.g., graphene) may also be placed between the conductive surface and the thin film. The thin film may be decorative/cosmetic thin film to provide an attractive aesthetic.",C25D13/04; C09D5/44; C25D13/20; H01Q1/22; H05K5/02,C25D13/04; H01Q1/2266; C25D13/20; C09D5/4488; H05K5/0243,,,2026
188-101-277-532-730,"FUNCTIONAL BOX ASSEMBLY, HEADPHONE, AND HEADPHONE SYSTEM","Provided is a functional box assembly, including a box body and a button. The box body has a control region configured for installing the button. The control region is provided with at least two button regions. The button includes at least two trigger portions corresponding to the at least two button regions. The box body and the button are connected through a spacing portion, such that the at least two trigger portions and the at least two button regions are spaced apart from each other. The spacing portion is located between two adjacent button regions of the at least two button regions. The button is rotatable around the spacing portion to bring one of the at least two trigger portions into contact with a corresponding button region of the at least two button regions.",H04R1/10; H05K5/00; H05K5/02; H05K5/06,H02J7/00; H04R1/10; H04R1/1025; H04R1/1041; H04R2460/13; H05K5/0017; H05K5/0086; H05K5/0247; H05K5/061,,,2026
135-872-946-227-091,HOCHLEISTUNGS-DRAHTVERBINDUNG MIT LEITERPLATTE,"Eine Leiterplattenbaugruppe für ein Fahrzeuglenksystem schließt eine Leiterplatte ein. Die Leiterplattenbaugruppe schließt außerdem eine Anschlussklemme ein, die funktionell an einer Fläche der Leiterplatte angebracht ist, wobei die Anschlussklemme aus einem elastisch verformbaren Material ausgebildet ist, wobei die Anschlussklemme ein erstes Federsegment und ein zweites Federsegment einschließt. Die Leiterplattenbaugruppe schließt ferner einen Draht ein, der zwischen dem ersten Federsegment und dem zweiten Federsegment angeordnet ist und mit diesen in Kontakt steht.",H01R12/55,H01R12/57; H05K1/0263; H05K1/181; H01R2201/26; H05K2201/10265; H05K2201/10287; H01R12/53,,,2026
181-871-238-772-56X,SEMICONDUCTOR DEVICE,"A semiconductor device includes a first case, a second case coupled to the first case to form an inner space, a memory module disposed within the inner space, and including a module substrate and a plurality of electronic components mounted on the module substrate, and a heat dissipation chamber assembly provided in at least a portion of the first case, and including a heat diffusion chamber in thermal contact with at least one of the electronic components and a sidewall structure extending vertically toward the module substrate to surround the electronic component in thermal contact with the heat diffusion chamber.",H05K7/20; G06F1/18; H05K1/02; H05K5/02,H10W76/10; H10W40/22; H10W42/20; H05K7/20336; H05K9/0037; G06F1/20; G06F1/182; G11B23/0305; H05K7/20336; G06F1/181; H05K1/0213; H05K5/0217; H05K7/20336,,,2026
002-248-340-796-597,PLATE HEAT EXCHANGER WITH LIQUID BACKFLUSH CIRCUIT,"In a present embodiment, a thermal cooling system can include a liquid-cooling circuit, a heat exchanger, and a liquid flush circuit. The liquid-cooling circuit can be configured to convey a cooling fluid therethrough. The heat exchanger can be fluidly coupled with the liquid-cooling circuit. The liquid flush circuit can be fluidly coupled with the liquid-cooling circuit, and the liquid flush circuit can include a filter. The liquid flush circuit can be configured to selectively operate in a normal cooling operation mode or in a flushing mode. The flushing mode can be configured to cause the cooling fluid to divert through the liquid flush circuit and the heat exchanger to cause the cooling fluid to flow through the filter after passing through the heat exchanger.",H05K7/20,H05K7/2079; H05K7/20263; H05K7/20272; H05K7/20309; H05K7/20318; H05K7/20327; H05K7/20354; H05K7/2079; H05K7/20827,,,2026
166-385-275-385-246,VOLTAGE SOURCE,"A voltage source, comprising a chassis (10), and a power supply module (20) and N PCB assemblies (30) that are provided in the chassis (10). Each PCB assembly (30) comprises a control module (31), a first isolation module (32), a second isolation module (33), a third-stage filtering module (34), and a DAC and amplifier module (35), wherein the power supply module (20) is sequentially connected to the first isolation module (32), the third-stage filtering module (34) and the DAC and amplifier module (35), the power supply module (20) receives an externally input mains voltage and converts same into a direct-current power source required by the PCB assembly (30), and the third-stage filtering module (34) filters the power resource on the PCB assembly (30); and the control module (31) is sequentially connected to the second isolation module (33) and the DAC and amplifier module (35), the control module (31) communicates with the outside and transmits a control signal to the DAC and amplifier module (35) by means of the second isolation module (33), and the DAC and amplifier module (35) outputs a voltage value on the basis of the control signal. Thus, both an output voltage range and precision stability meet the requirements of superconducting quantum computing, and large-scale deployment costs are reduced.",H02M1/12; H02M1/14; H02M1/44; H05K7/20,H02M1/12; H02M1/126; H02M1/14; H02M1/44; H05K7/2039; H05K7/20136,,,2026
046-128-450-077-403,ロール状ガラスクロス,,B65H75/10; C08J5/24,B29B11/16; B29K2105/10; B65H75/10; D03D1/00; D03D15/267; H05K1/03,,,2026
076-140-843-816-676,Leistungselektronische Anlage,"Leistungselektronische Anlage (10), gekennzeichnet durch folgende Merkmale:- die Anlage (10) umfasst einen Kühlmittelverteiler (11), einen Kühlmittelanschluss (12), elektrisch aktive Teile (13, 14), nämlich Leistungselektronik (13) und einen Anschlusskasten (14), einen gemäß der Norm für 19""-Komponenten EIA 310-D, IEC 60297 und DIN 41494 SC48D gefertigten, die aktiven Teile (13, 14) tragenden Baugruppenträger und mindestens einen am Baugruppenträger befestigten, unterhalb der Leistungselektronik (13) und des Anschlusskastens angeordneten Messfühler (15) zum Messen eines Wasserstandes innerhalb der Anlage (10),- der Kühlmittelanschluss (12) verbindet den Kühlmittelverteiler (11) fluidtechnisch mit der Leistungselektronik (13) und- die Anlage (10) ist derart konfiguriert, dass die Anlage (10) selbsttätig abschaltet und ein Backend von einem möglichen Hochwasser in Kenntnis setzt, wenn der Messfühler (15) den Wasserstand erfasst.",H02H5/08; B60L53/30; B60L53/302; B60L53/60; H02J7/00; H02M1/00; H05K7/18; H05K7/20,H02H5/086; H05K7/18; H05K7/20927; H02B1/52; H02H5/083; B60L53/11; H01H35/18; B60L53/302; Y02T10/70; Y02T10/7072; Y02T90/14; Y02T90/12; H02H5/08; H02B1/015; H02B1/46; H01H35/18; G01F23/0007; H02B1/56; H02B1/52; B60L53/11; H02H5/083; B60L53/302; H02J7/50,139-742-920-010-628; 091-199-172-593-095; 022-259-249-055-076; 113-482-958-066-318; 135-429-261-875-137; 034-524-355-724-19X; 089-032-280-152-055; 039-180-579-860-313; 071-232-621-825-696; 173-668-390-515-345; 022-259-249-055-076; 138-092-962-595-638; 039-180-579-860-313; 135-429-261-875-137; 034-524-355-724-19X,,2026
011-660-328-709-13X,"HEAT SINK UNIT, HEAT SINK ASSEMBLY AND ELECTRONIC DEVICE","A heat sink unit includes a first plate portion and a second plate portion. The first plate portion is integrally formed and includes an outer surface, an inner surface and at least one protrusion. The second plate portion is connected to the first plate portion. A first angle between the first plate portion and the second plate portion is between 5 degrees and 175 degrees. The outer surface of the first plate portion is farther from the second plate portion than the inner surface therefrom, and the protrusion is located on the outer surface.",H05K7/20; H05K1/02,H05K7/20409; H05K1/0203; H05K2201/066; H05K7/20509; H05K7/20436,,,2026
126-588-030-363-056,フレキシブル回路基板及びそれを含むフォルダブル電子装置,,G06F1/18; G06F1/16; H04M1/02; H05K1/14,H04M1/0216; H04M1/0268; H04M1/0277; H04M1/0274; H05K1/147; G06F1/1652; G06F1/1683; G06F1/1681; H05K1/147; H05K1/0218; H05K1/025; H05K3/281; H04M1/0277; H04M1/0216; G06F1/1681; H04M1/0269; G06F1/1652; H05K1/028; H05K1/118; H05K1/147,,,2026
167-773-556-251-341,SELF-EXTENDABLE INTERCONNECT STRUCTURES FOR SURFACE MOUNT SEMICONDUCTOR DEVICES,"In an embodiment, a semiconductor device includes a wiring substrate. A chip, such as microchip, integrated circuit device, a semiconductor die, or the like is on a first surface of the wiring substrate. A plurality of protruding portions are on a second surface of the wiring substrate. Each protruding portion includes a solder reservoir space therein that can contain or be filled with solder so as to permit solder from the reservoir space to flow outward in a solder reflow process for bonding the semiconductor device to a circuit board or the like. The solder from the reservoir is available to compensate for differences in gap distances between the semiconductor device and a circuit board or the like that arise in the manufacturing of electronic devices when attempting to bond a semiconductor device to a circuit board. The protruding portions may comprise tubes, posts, pairs of plates, or the like.",H01L23/498,H05K3/3436; H05K1/111; H10W70/093; H10W74/117; H10W90/701; H10W72/072; H10W72/234; H10W72/07236; H10W72/232; H10W90/701; H10W70/65; H10W70/66,,,2026
191-622-260-330-907,BASE MATERIAL FOR MOUNTING ELECTRONIC DEVICE,"A base material for mounting an electronic device, the base material including a metal foil, a hygroscopic layer, and a barrier sheet laminated in this order, in which the metal foil has a thickness of from 5 to 20 μm.",H05K1/03; H05K1/02,B32B15/08; B32B15/20; B32B15/04; B32B27/18; B32B15/08; B32B15/085; B32B27/32; B32B15/20; B32B7/12; B32B27/08; H05K1/0277; H05K1/036; H05K2201/0104; H05K2201/0145; H05K2201/0154; H05K2201/0158; H05K2201/0195,,,2026
091-214-244-080-866,HYBRID-DIELEKTRIKUM-SCHEMA IN PACKAGES,"Verfahren mit den folgenden Schritten:Herstellen einer ersten Umverteilungsleitung (RDL1);Herstellen einer ersten Polymerschicht (DL1) mit einem ersten Teil, der die erste Umverteilungsleitung (RDL1) umschließt, und einem zweiten Teil, der die erste Umverteilungsleitung (RDL1) überdeckt;Herstellen eines Paars Differential-Übertragungsleitungen (SL1, SL2) über und in Kontakt mit der ersten Polymerschicht (DL1);Herstellen einer zweiten Umverteilungsleitung (RDL2) zeitgleich mit dem Herstellen des Paars Differential-Übertragungsleitungen (SL1, SL2);Herstellen einer Durchkontaktierung (V3) über und in Kontakt mit der zweiten Umverteilungsleitung (RDL2);Umspritzen des Paars Differential-Übertragungsleitungen (SL1, SL2) und der Durchkontaktierung (V3) mit einer ersten Formmasse (DL2), wobei die erste Formmasse einen ersten Teil, der das Paar Differential-Übertragungsleitungen (SL1, SL2) umschließt, und einen zweiten Teil aufweist, der das Paar Differential-Übertragungsleitungen (SL1, SL2) überdeckt und die Durchkontaktierung (V3) umschließt; undDurchführen eines Planarisierungsprozesses, um Oberseiten der Durchkontaktierung (V3) und der ersten Formmasse (DL2) auf gleiche Höhe zu bringen;Herstellen eines elektrischen Verbindungselements (62) über und in elektrischer Verbindung mit dem Paar Differential-Übertragungsleitungen (SL1, SL2).",H10W70/01; H10W70/60; H10W72/00,H05K2203/061; H05K3/4614; H05K3/4682; H05K1/0245; H05K1/0218; H10P72/743; H10P72/7424; H10P72/74; H10W70/05; H10W70/695; H10W90/401; H10W70/685; H10W90/701; H10W44/20; H10W90/734; H10W72/241; H10W90/724; H10W72/07207; H10W72/072; H10W44/223; H10W72/9413; H10W74/15; H10W72/0198; H10W74/47; H10W74/121; H10W20/20; H10W20/49; H10W20/43; H10W72/30; H05K3/4038; H05K1/0218; H05K1/0245; H05K1/115; H10W70/685; H10W20/20; H10W44/20; H10W70/05; H10W70/65; H10W70/69; H10W70/093; H10W90/401; H10W99/00; H10W44/223,120-150-807-275-596; 020-301-480-883-61X; 020-301-480-883-61X,,2026
062-571-738-393-399,FAN CONTROL FOR HEADSET COMPUTING DEVICE,"Circuits, methods, and apparatus that can control components of headset computing devices and other devices. An example can determine whether a headset computing device is being worn. If the headset computing device is not being worn, a fan can be stopped. If the headset computing device is being worn, a determination can be made as to whether a temperature of the headset computing device is above a first temperature. If it is, the fan can be turned on. If the temperature of the headset computing device is below the first temperature, the fan can be turned off.",H05K7/20,G06F1/203; G06F1/206; G06F1/163; G06F1/163; G06F1/203; H05K7/20209; H05K7/20972,,,2026
013-191-777-827-59X,SOCKET ASSEMBLIES FOR SEMICONDUCTOR DEVICES,Assemblies and methods of manufacturing assemblies that include sockets and packaged semiconductor chips are provided. The package substrates for the semiconductor chips can include cores that are formed from a solid amorphous glass layer. The package substrates can have gaps around sides and alignment pins in the assemblies.,G01R1/04; H05K7/10,H05K7/1061; G01R1/0483,,,2026
132-143-135-217-00X,ELECTRONIC DEVICE,"An electronic device includes a first housing; a second housing including a fitting portion, and an elastic body. The first housing includes at least one fitted portion configured to be fitted to the fitting portion by being slid along a first direction, and a first housing side peripheral edge portion provided on a peripheral edge of the first housing, and the elastic body is positioned between the fitted portion and the first housing side peripheral edge portion during the fitting.",H05K5/02; B64D11/00,H05K5/02; G06F1/16; B64D11/00153; H05K5/0204,,,2026
148-865-842-044-158,COMPUTER POWER CONNECTION DEVICE,"A computer power connection device comprises: a 3-way connection; a DC source cable extending from a DC input plug to the 3-way connection; a DC output cable extending from the 3-way connection to a DC supply plug; a verification cable extending from the 3-way connection to a verification connector for connection to the power output of an unpowered power supply unit; a verification signal wire extending from the verification connector through the verification cable, through the DC output cable to the DC supply plug; a DC power wire extending from the DC input plug through the DC source cable, and through the DC output cable to the DC supply plug; and a ground wire through the cables connecting the DC input plug and the DC supply plug.",G06F1/18; G06F1/20; H01R11/32; H01R31/06,G06F1/20; G06F1/181; H05K5/0213; H01R13/665; H05K5/0217; H05K5/0234; H05K7/20127; H01R13/70,,,2026
021-740-067-068-567,"DEVICE, IN PARTICULAR SENSOR DEVICE COMPRISING A SENSOR UNIT, AND METHOD FOR PRODUCING SUCH A DEVICE","The invention relates to a device (10, 11), in particular a sensor device comprising a sensor unit (100), the device (10, 11) having a printed circuit board (20) and an electrical energy storage element (30), and a first metal welding plate (21, 23) and a second metal welding plate (22, 24) being arranged on the printed circuit board (20) and each being mechanically fixedly and electrically connected to the printed circuit board (20), and the energy storage element (30) having a first electrical connection (31) comprising a first metal connection lug (32) and having a second electrical connection (33) comprising a second metal connection lug (34), the first connection lug (32) and the second connection lug (34) being arranged and configured in such a way that the first connection lug (32) rests at least partially on the first welding plate (21, 23) and the second connection lug (34) rests at least partially on the second welding plate (22, 24) and each connection lug is cohesively connected, in particular welded, to the respective welding plate. The invention also relates to a method for producing a device (10, 11) according to the invention.",H05K3/34; H05K3/32,H05K3/328; H05K2201/1028; H05K3/3405; H05K2201/1034; H05K2201/10386; H05K2201/10446; H05K2201/10037; H05K2203/107; H05K2201/0367,,,2026
173-592-988-422-962,吸着ノズル検査装置および吸着ノズル管理装置,,H05K13/04; G01N21/95,H05K13/0812; H05K13/0419; G01N21/94; G01N21/95; H05K13/0895; H05K13/081; G06T7/0004; G06T2207/30164; G06T2207/20224; G01N21/954; B08B5/04; G01N21/8806; G01N21/8851; G01N21/94; B08B3/02; B08B5/02; G01N2021/8854; G01N2021/888; G01N2021/8887,,,2026
015-656-790-183-661,SECURED CONTROL UNIT FOR A SYSTEM IN A VEHICLE,"The invention relates to a secured control unit (100) for a system in a vehicle, wherein the control unit (100) comprises control electronics (110) and a housing (120) enclosing the control electronics (110), and the control electronics (110) are designed to ascertain an opening of the housing (120) and to carry out a securing function on the basis thereof.",G06F21/86; G06F21/87; H05K5/00; H05K5/02; H05K5/06,G06F21/86; H05K5/0208; H05K3/284; H05K1/0275; G06F21/87; H05K5/0047; G06F21/554,,,2026
125-528-607-161-029,CONNECTOR ASSEMBLY FOR ELECTRIC CABLES AND ELECTRIC CONNECTOR,A connector assembly for electric cables having a predetermined wire gauge to be mated with a mating connector along a mating direction includes a plurality of terminals arranged on a common terminal plane. The common terminal plane extends parallel to the mating direction. Each of the terminals is configured to be connected to at least one wire. The distances between each of the plurality of terminals in a pitch direction is smaller than the predetermined wire gauge. An electric connector including the connector assembly further includes a mating connector having a plurality of mating contacts with a mating pitch that is equal to the distance of the terminals of the connector assembly.,H01R9/22; H01R13/02; H01R13/436; H05K7/20,H01R9/226; H01R9/223; H05K7/20127; H01R13/436; H01R13/025,,,2026
070-885-980-599-848,Direct Connectorization for High-Frequency Signals,"Improved electrical connections to a probe head are provided by making electrical connections to a flexible circuit connected to the probes. Preferably these connections are solderless and made with a single ganged unit. Many advantages result compared to conventional approaches of making soldered connections to a flexible circuit, or coupling the flexible circuit to a printed circuit board (PCB) and making the connections from the PCB using semi-rigid coaxial cables.",G01R1/073; H05K1/02,H05K1/0246; G01R1/07307,,,2026
186-888-917-957-390,SINGULATION INCORPORATING AN ETCHED METAL CHANNEL,"Embodiments disclosed herein may include an apparatus that includes a substrate with a first edge surface. In an embodiment, the substrate may comprise a glass layer. In an embodiment, a via is formed through a thickness of the substrate. In an embodiment, an organic dielectric layer is provided over the substrate, and the organic dielectric layer has a second edge surface. In an embodiment, a recess is formed into the second edge surface of the organic dielectric layer.",H05K1/18,H05K1/181; H10W70/68; H10W70/695; H10W90/401; H10W72/0198; H10W72/252; H10W74/10; H10W90/00; H10W90/724,,,2026
069-323-809-899-795,SYSTEM AND METHOD FOR COOLING VEHICLE AUTONOMY COMPUTING SYSTEM,A system includes a heat exchanger coupled to a fluid line in thermal communication with an autonomy computing system of a vehicle. The heat exchanger is configured to facilitate heat transfer from fluid in the fluid line to an ambient environment. The system also includes a chiller coupled to the fluid line and configured to remove heat from the fluid when the fluid is directed to the chiller and a bypass connected to the fluid line and extending downstream of the chiller. The system further includes a controller configured to operate a valve to direct the fluid in the fluid passageway to the chiller or to the bypass.,H05K7/20; G06F1/20,G06F1/206; H05K7/20872; H05K7/20281; H05K7/20263; G06F1/206; H05K7/20272; H05K7/20281,,,2026
199-865-596-938-569,ＢＧＡ高周波モジュール、ＢＧＡ高周波モジュール用基板、および光通信モジュール,,H10W70/00,H05K2201/10734; H05K1/112; H05K1/024; H05K1/115; H10W72/071; H10W70/60; H05K1/024; H05K1/112; H05K1/115; H05K2201/10734,,,2026
017-747-407-206-653,METHOD OF DIMM COOLING WITH GAS AND INFLATABLE COLD PLATE,An apparatus for DIMM cooling includes an inflatable cold plate configured for placement in a slot between two memory cards connected to a motherboard of a computing device. The inflatable cold plate expands to contact the two memory cards in response to pressure from a cooling fluid and the inflatable cold plate is configured to transfer heat from the two memory cards to the cooling fluid. The inflatable cold plate is in fluid communication with a fluid pump configured to pump the cooling fluid through the inflatable cold plate at a sufficient pressure to pressurize the inflatable cold plate against the two memory cards and to circulate the cooling fluid through the inflatable cold plate to transfer heat from the inflatable cold plate.,H05K7/20,H05K7/20727; H05K7/20163,,,2026
070-962-821-727-538,SEALABLE COVERS FOR ELECTRICAL DEVICES,"A cover assembly for an electrical device having a housing, a lid, a hinge assembly that pivotably couples the lid to the housing, and a cover seal assembly. The cover seal assembly includes a first sealing tab that extends from the lid and a second sealing tab that extends from the housing. The first and second sealing tabs define apertures that align when the lid is in a closed position and are configured to interact with the cover seal assembly such that the lid is sealed in the closed position.",H05K5/02; H05K5/03,H05K5/0221; H05K5/0226; H05K5/03,,,2026
104-807-717-827-581,DIRECTLY COOLED INVERTER,"The invention relates to a directly cooled inverter (1) comprising: a cooling circuit (5) for cooling components (2A, 2B, 2C) of the inverter (1); a cooling fluid (7) which at least in part flows through and/or around the components (2A, 2B, 2C) of the inverter (1) and is in direct contact therewith; and at least one sensor (8) which is arranged in the cooling circuit (5), wherein the sensor (8) is designed to detect properties of the cooling fluid (7).",H05K7/20; G01N33/28,H05K7/20927; G01N33/2847; G01N33/2876,,,2026
103-095-485-307-376,積層体の製造方法、回路配線の製造方法,,G03F7/032; G03F7/004; G03F7/038; G03F7/11; H05K3/18,G03F7/004; G03F7/032; G03F7/033; G03F7/027; G03F7/20; G03F7/11; G03F7/40; G06F3/041; H05K3/00; H05K3/06; H05K3/18,,,2026
134-465-313-845-311,EnerJet Pro,"The present invention relates to a portable Level 2 electric vehicle charging system that integrates an inverter, a modular lithium-ion battery pack and renewable energy compatibility into a compact, weather-resistant housing. The system is configured to operate with an AC 240-volt supply and to deliver selectable power outputs up to 30 kW for rapid charging. The modular battery design allows scalable storage capacities ranging from 10 kWh to 40 kWh enabling both grid-connected and off-grid charging modes. A control system manages power delivery from the grid, the battery pack or renewable energy sources such as solar or wind through integrated charge controllers. The invention further provides hybrid charging capability, communication interfaces for monitoring and control and optional cooling systems to ensure safe operation. The portable design allows flexibility for residential, commercial and emergency use offering a reliable and scalable solution for electric vehicle charging.",B60L53/30; B60L53/50; B60L53/66; H02J3/00; H02J3/32; H02J3/38; H05K7/20,H05K7/2089; B60L53/30; B60L53/50; B60L53/66; H02J3/007; H02J3/38; B60L2210/22; H02J3/32; H02J2101/24; H02J2101/28; H02J2105/12,,,2026
118-822-944-640-913,MULTILAYER SUBSTRATE,A multilayer substrate includes: a substrate body formed of resin or ceramic; a hollow portion provided inside the substrate body; a magnet provided inside the hollow portion; and a coil provided around the hollow portion in the substrate body.,H01F27/28; H01P3/08; H01P7/06,H05K3/46; H01F27/2804; H01F2027/2809; H01P3/08; H01P7/065,,,2026
156-217-477-965-980,ストレッチャブルデバイス,,H05K1/02; H05K1/03,H05K1/0283; H05K2201/10151; H05K1/0283,,,2026
153-788-061-584-287,DUAL MODE HEATSINK,"A dual mode heatsink includes a base comprising a first surface arranged to receive heat energy from a heat source and a second surface; and cooling fins attached to and extending from the second surface; wherein the base further comprises at least one liquid channel arranged between the first surface and the second surface, the at least one liquid channel being defined by one or more walls forming a heat conducting connection between the first surface and the second surface.",F28F3/12; F28D21/00; F28F3/04; F28F21/08,H10W40/47; H05K7/20409; H05K7/20254; F28D2021/0029; F28F3/04; F28F3/12; F28F21/08; F28F2215/00,,,2026
001-033-824-424-138,ROLL FORMED LIQUID COOLED BUSBAR,"A liquid-cooled roll-formed busbar assembly comprises a sheet of copper or similarly conductive metal roll-formed into at least one arcuate region. One or more cooling pipes of a fluid network (e.g., a coolant supply pipe and a coolant return pipe) circulate a cooling fluid through the busbar such that the arcuate region/s conform to a portion of the external circumference of the cooling pipe/s. A thermal interface is disposed between the cooling pipes and the liquid-cooled roll-formed busbar, such that the circulating fluid absorbs heat from the busbar via the thermal interface and transfers the absorbed heat to a primary fluid network.",H05K7/20; H05K7/14,H05K7/20781; H05K7/1492; H05K7/1492; H05K7/20781,,,2026
083-643-666-304-909,SEALABLE COVERS FOR ELECTRICAL DEVICES,"A cover assembly for an electrical device having a housing, a lid, a hinge assembly that pivotably couples the lid to the housing, and a cover seal assembly. The cover seal assembly includes a first sealing tab that extends from the lid and a second sealing tab that extends from the housing. The first and second sealing tabs define apertures that align when the lid is in a closed position and are configured to interact with the cover seal assembly such that the lid is sealed in the closed position.",H02B1/06; E05B9/00; F16L5/02; F16L57/00; H02B1/38; H02G1/14; H02G3/08; H02G3/14,H05K5/0221; H05K5/0226; H05K5/03,,,2026
047-021-189-761-901,EYEWEAR HAVING A PROJECTOR WITH HEAT SINK SHIELDS,"A projector, such as for eyewear, having a first and second shield that individually sink heat from a light source and provide electromagnetic (EM) shielding for the projector, and a processor controlling the projector. The shields sink heat evenly and efficiently, to different portions of the eyewear. In one example, the heat is directed in different directions. The shields encompass the light source and the processor, and they may be parallel to one another. The thickness of the shield coupled to the light source is thicker proximate the light source. The shields may be separated from each other by a thermal insulating material.",G02B27/01; G03B21/16; G06F1/16,G02B7/008; G02B27/0176; G02B7/008; G02B27/0176; G02B27/18; G06F1/1656; H05K7/20963; G02B2027/0178; G02B27/0176; G02B2027/0178; G06F1/1656; G03B21/16,,,2026
076-244-445-498-277,FLIP APPARATUS AND ELECTRONIC DEVICE,"A flip apparatus includes a first friction component and a second friction component. The first friction component is arranged between a first moving component and a second moving component that move relative to each other. The second friction component is arranged between the second moving component and a third moving component that move relative to each other. The first friction component is different from the second friction component. When the flip apparatus moves from a first status to a second status, and the first friction component and the second friction component jointly provide a damping force.",H05K5/02,H05K5/0217; H05K5/0018; G06F1/1681; H04M1/022; H05K5/0226; G06F1/16; G06F1/1616; H04M1/02; G06F1/1652; H05K5/0226,,,2026
078-322-069-613-086,UNGLEICHMÄSSIGE KÜHLRIPPENGEOMETRIE FÜR ERHÖHTE THERMISCHE LEISTUNG,"Gemäß verschiedenen Ausführungsformen beinhaltet eine Wärmesenke: eine Vielzahl von Kühlrippen, wobei eine erste Kühlrippe, die in der Vielzahl von Kühlrippen enthalten ist, einen ersten Abschnitt mit einer ersten Höhe aufweist und einen zweiten Abschnitt mit einer zweiten Höhe aufweist, die geringer als die erste Höhe ist, und wobei die erste Höhe und die zweite Höhe in einer Richtung definiert sind, die parallel zu einer Richtung von Kühlluft ist, die über die Vielzahl von Kühlrippen strömt.",H05K7/20; G06F1/20; H10W40/00,G06F1/20; H05K7/20154,,,2026
140-464-801-773-049,SYSTEMS AND METHODS FOR ADJUSTING PRESSURE IN IMMERSION-COOLED DATACENTERS,"A thermal management system includes a high-pressure (HP) container, a low-pressure (LP) container in fluid communication with the HP container and having a fluid pressure less than the HP container, and a two-phase working fluid partially in the HP container and partially in the LP container. The two-phase working fluid has a vapor phase and a liquid phase. A pump is configured to move the working fluid through the system, and a condenser is configured to condense the vapor phase of the working fluid into the liquid phase.",H05K7/20; H01M10/44; H01M10/613; H01M10/63; H01M10/6567,H05K7/20818; H05K7/203; H05K7/20836; H01M10/613; H01M10/63; H01M10/6567; H01M10/44; H01M2220/10; H05K7/203; H05K7/20318; H05K7/20327; H05K7/20818; H05K7/20836,,,2026
092-393-402-211-909,OXYGEN CONCENTRATION DETECTION SYSTEM AND REFLOW OVEN USING THE SAME,"The present application discloses an oxygen concentration detection system for detecting the oxygen concentration in a furnace chamber of a reflow oven, comprising: a cooling device, a filter device, and a detection device. The oxygen concentration detection system of the present application utilizes a semiconductor cooler to condense sample gas within the furnace chamber, thereby removing most of the VOC contaminants in the sample gas. Subsequently, by employing activated carbon adsorption filtration, all contaminants in the gas are basically eliminated, resulting in a more accurate detection result from the detection device. Furthermore, due to the rapid cooling capabilities of the semiconductor cooler and the relatively short sample gas flow distance, the oxygen concentration detection system of the present application is also capable of reducing the required detection time, enabling more timely detection from the detection device. Therefore, the oxygen concentration detection system of the present application is capable of timely and accurately detecting the oxygen concentration in a gas within a reflow oven furnace chamber and adjusting the oxygen content therein according to the detection result, thereby enhancing the soldering quality.",F27B9/40; B23K1/008; F27B9/02; F27B9/30; F27D19/00; G01N1/22; H05K3/34,B23K3/08; B23K3/00; H05K3/34; H05K3/3494; G01N33/0016; B23K1/008; G01N2001/2282; G01N1/2205; B23K3/08; B23K3/085; B23K1/008; G01N33/0016; G01N1/2205; H05K3/3494; G01N2001/2282; B23K1/008; F27B9/028; F27B9/3005; F27B9/40; F27D19/00; F27D2019/0012; G01N1/2205; G01N2001/2282; H05K3/3494,,,2026
097-112-399-851-101,Gehäuse für ein Feldgerät der Prozessautomatisierung und Feldgerät,"Die Erfindung bezieht sich auf ein Gehäuse für ein Feldgerät der Prozessautomatisierung. Ein Befestigungshals (1) weist eine Befestigungsstruktur (11) und ein Deckel eine korrespondierte Befestigungsstruktur (21) auf. Der Deckel (2) weist einen Boden (22), eine Wandung (23), die die Befestigungsstruktur (21) trägt, und ein Einlegeteil (3) auf. Das Einlegeteil (3) verfügt über eine Sicherungsstruktur (31), die mit der Befestigungsstruktur (21) des Deckels (2) ein Herausfallen des Einlegeteils (3) aus dem Deckel (2) verhindert.",G01D11/24; H05K5/02,G01D11/245; H05K7/1462,143-262-503-761-801; 174-301-089-754-676; 143-262-503-761-801,,2026
147-816-975-042-79X,CIRCUIT STRUCTURE AND MANUFACTURING METHOD THEREOF,"A circuit structure and a manufacturing method thereof are provided, in which a seed layer composed of a plurality of discontinuous metal blocks is formed on a dielectric layer, and a circuit layer is formed on the seed layer by electroplating. By roughening the overall surface of the plurality of discontinuous metal blocks and creating a relatively concave-convex structure, the bonding effect between the seed layer and the circuit layer formed thereon is strengthened, thereby preventing the problem of delamination and improving the process yield.",H05K1/02; H05K3/06; H05K3/18,H05K1/0298; H05K2201/0347; H05K3/06; H05K3/188,,,2026
146-065-219-261-558,Verfahren und Systeme für Transpositionskanal-Routing,"Vorrichtung, die Folgendes umfasst:eine Leiterplatte (PCB) mit einer Anordnung von Kontaktpads;eine Mehrzahl von Signalleitungen, die auf der Leiterplatte angeordnet sind, wobei ein Teil der Mehrzahl von Signalleitungen eine Escape-Route auf der Leiterplatte umfasst;eine Mehrzahl von Routing-Kanälen, wobei jeder Routing-Kanal zwischen einer ersten Reihe Kontaktpads und einer zweiten Reihe Kontaktpads angeordnet ist, wobei jeder Routing-Kanal einen ersten Kanal auf einer ersten Leiterplattenschicht und einen zweiten Transpositionskanal auf einer zweiten Leiterplattenschicht aufweist und wobei ein Paar von Signalleitungen in dem Routing-Kanal geroutet ist; undeine oder mehrere Transpositionsverzweigungen, die innerhalb der Escape-Route angeordnet sind, wobei eine jeweilige Transpositionsverzweigung eine Mehrzahl von Paaren von Vias aufweist, die jeweils in der Mehrzahl von Routing-Kanälen angeordnet sind, und wobei ein jeweiliges Paar von Vias dazu konfiguriert ist, den ersten Kanal auf der ersten Leiterplattenschicht auf solche Weise mit dem entsprechenden zweiten Transpositionskanal auf der zweiten Leiterplattenschicht zu verbinden, dass das entsprechende Paar der Signalleitungen mit vertauschten relativen Positionen von der ersten Leiterplattenschicht zu der zweiten Leiterplattenschicht geführt ist, so dass ein Übersprechen zwischen dem entsprechenden Paar der Signalleitungen reduziert wird.",H05K1/02; H05K1/11; H05K3/42,H05K1/0228; G06F30/394; G06F2115/12; H05K1/0245; H05K1/0228; H05K1/112; H05K1/0298; G06F30/392; G06F30/394; H10W20/063; H10P74/273; H10P74/277,,,2026
143-158-518-126-886,Baustein für Stromrichter,"Die Erfindung betrifft einen Baustein für einen Stromrichter, welcher zumindest umfasst einen quaderförmigen Kühlkörper mit Stirnseiten, Längsseiten sowie Ober- und Unterseiten, eine Mehrzahl an der Oberseite des Kühlkörpers nebeneinander angeordnete Leistungshalbleitermodule, welche jeweils als eine Halbbrücke ausgestaltet sind oder zu zumindest einer Halbbrücke verschaltet sind, wobei Modulgehäuse der Leistungshalbleitermodule mit der Oberseite des Kühlkörpers mechanisch und thermisch verbunden sind, und wobei die Modulgehäuse an deren Oberseite jeweils Gleichspannungsanschlüsse und Wechselspannungsanschlüsse aufweisen, eine im Bereich einer ersten Stirnseite des Kühlkörpers angeordnete Mehrzahl Kondensatoren, wobei die Kondensatoren jeweils Teil eines verteilt angeordneten Zwischenkreiskondensators eines Gleichspannungszwischenkreises des Stromrichters sind, erste Stromschienen, welche jeweils Anschlüsse eines der Kondensatoren mit den Gleichspannungsanschlüssen eines der Leistungshalbleitermodule verbinden, wobei eine Ebene für die Verbindung mit den Anschlüssen des Kondensators jeweils senkrecht zu einer Ebene für die Verbindung mit den Gleichspannungsanschlüssen des Leistungshalbleitermoduls und/oder senkrecht zu einer Ebene der Oberseite des Kühlkörpers ausgerichtet ist, und zweite Stromschienen, welche die Gleichspannungsanschlüsse der Leistungshalbleitermodule miteinander verbinden und Gleichspannungsanschlüsse des Bausteins ausbilden, wobei die Gleichspannungsanschlüsse des Bausteins einer Verbindung mit dem Gleichspannungszwischenkreis des Stromrichters dienen, wobei die Gleichspannungsanschlüsse des Bausteins in einem Bereich zumindest einer der Längsseiten des Kühlkörpers angeordnet sind und wobei eine Ebene für die Verbindung mit dem Gleichspannungszwischenkreis senkrecht zu der Ebene der Oberseite und/oder der Längsseite des Kühlkörpers ausgerichtet ist.",H02M1/00,H05K7/14329; H05K7/14325; H05K7/20927; H02M7/003,,,2026
018-981-640-132-402,Wärmeableitungsvorrichtung und Kommunikationsgerät,"Das vorliegende Document betrifft eine Wärmeableitungsvorrichtung und ein Kommunikationsgerät, betriftt das technische Gebiet von Wärmeableitungstechnologie für Gerät. Die Wärmeableitungsvorrichtung darin umfasst eine erste Flüssigkeitskühlungsplatte, eine zweite Flüssigkeitskühlungsplatte, einen ersten Flüssigkeitsverteiler und einen zweiten Flüssigkeitsverteiler. Die erste Flüssigkeitskühlungsplatte ist dazu vorgesehen, an dem Chip anzuliegen, und die erste Flüssigkeitskühlungsplatte umfasst einen ersten inneren Kanal für Strömen von Kühlmedium, um Oberflächenwärme zu entziehen, sowie eine erste Flüssigkeitseintrittsöffnung und eine erste Flüssigkeitsaustrittsöffnung, die mit dem ersten inneren Kanal in Verbindung stehen. Die zweite Flüssigkeitskühlungsplatte ist dazu vorgesehen, an dem optischen Modul anzuliegen und die zweite Flüssigkeitskühlungsplatte umfasst einen zweiten inneren Kanal für Strömen von dem Kühlmedium, um Oberflächenwärme zu entziehen, sowie eine zweite Flüssigkeitseintrittsöffnung und eine zweite Flüssigkeitsaustrittsöffnung, die jeweils mit dem zweiten inneren Kanal in Verbindung stehen. Ein Ende des ersten Flüssigkeitsverteilers steht mit der ersten Flüssigkeitseintrittsöffnung und der zweiten Flüssigkeitseintrittsöffnung in Verbindung, um den ersten inneren Kanal und den zweiten inneren Kanal mit dem Kühlmedium zu versorgen. Die Wärmeableitungsvorrichtung und das Kommunikationsgerät, die durch die Ausführungsbeispiele der vorliegenden Anmeldung bereitgestellt sind, können Wärmeableitungsskapazität für wärmeerzeugende Komponenten erhöhen.",H05K7/20; H02B1/56,H05K7/20272,,,2026
079-797-956-021-912,ガラスフィラー除去のための水性アルカリ洗浄剤溶液及び方法,,C11D17/08; C11D1/04; C11D1/14; C11D1/68; C11D1/722; C11D3/04; C11D3/20; C11D3/30; C11D3/33; H05K3/18; H05K3/26,H05K3/381; H05K3/0055; H05K3/187; H05K2203/0793; H05K2203/143; H05K2203/1438; H05K2203/1518; H05K2201/0209; H05K1/0373; C23C18/2086; C23C18/1653; C23C18/30; C25D3/38; C23C18/38; C11D1/04; C11D1/345; C11D1/10; C11D1/14; C11D1/22; C11D1/83; C11D1/72; C11D1/662; C11D3/044; C11D2111/22; C11D3/044; C11D3/2068; C11D3/2096; C11D1/83; C11D1/04; C11D1/345; C11D1/10; C11D1/14; C11D1/22; C11D1/72; C11D1/662; H05K3/0055; H05K3/381; H05K1/0373; H05K3/187; C23C18/2086; C23C18/1653; C23C18/30; C23C18/38; C25D3/38; H05K2201/0209; H05K2203/0793; H05K2203/143; H05K2203/1438; H05K2203/1518; C11D2111/22; C11D3/2096; C11D3/2068; C11D17/0008; C11D1/143; C11D1/345; C11D2111/22; C11D3/044; C11D1/04; C11D1/14; C11D1/72; C11D1/722; B08B3/08; C11D3/2075,,,2026
021-003-325-554-518,ELECTRONIC DEVICE AND MULTI-CONTACT CONNECTOR FOR USE THEREWITH,"A multi-contact connector and an electronic device incorporating same include a base member, first and second sets of electrical contacts, and electrical conduits. The base member defines apertures and includes a first side, a second side, and at least one sidewall. The apertures in the base member are distal from the one or more sidewalls. Electrical contacts of the first set are positioned in the base member apertures such that at least a portion of each electrical contact is exposed on the second side of the base member. Electrical contacts in the second set are positioned on the second side of the base member proximate to the sidewall(s) of the base member. Each electrical conduit couples an electrical contact of the first set to a corresponding electrical contact of the second set to form a pair of coupled contacts. Use of the connector permits a lower profile electronic device.",H01R12/71; H01R12/70; H01R13/04; H01R13/52; H05K5/00,H01R12/712; H01R12/7047; H01R12/7052; H05K5/0069; H01R13/5202; H01R13/04; H01R13/5216,,,2026
195-059-066-748-037,COOLANT DISTRIBUTION UNIT,"A coolant distribution unit includes a housing, a primary flow path, a secondary flow path, a heat exchanger, and an emission path. The primary flow path is housed in the housing and connects a primary inlet and a primary outlet provided in the housing. The secondary flow path is housed in the housing and connects a secondary inlet and a secondary outlet provided in the housing. The heat exchanger is housed in the housing and connected to the primary flow path and the secondary flow path. The emission path is housed in the housing and connects an emission port provided in the housing and the primary flow path or the secondary flow path.",H05K7/20,H05K7/20272,,,2026
010-544-371-851-321,HIGH POWER WIRE CONNECTION TO PRINTED CIRCUIT BOARD,"A printed circuit board assembly for a vehicle steering system includes a printed circuit board. The printed circuit board assembly also includes a terminal operatively mounted to a surface of the printed circuit board, wherein the terminal is formed of an elastically deformable material, wherein the terminal includes a first spring segment and a second spring segment. The printed circuit board assembly further includes a wire disposed between, and in contact with, the first spring segment and the second spring segment.",H01R12/57; H01R12/53; H05K1/02; H05K1/18,H01R12/57; H05K1/0263; H05K1/181; H01R2201/26; H05K2201/10265; H05K2201/10287; H01R12/53,,,2026
176-911-866-422-803,INVERTED INFORMATION HANDLING SYSTEM,"An information handling system includes a system board and a cooling apparatus. The system board includes an electronic component. The cooling apparatus is to cool the electronic component with a liquid coolant circulated by a cooling distribution unit. The information handling system defines a dry plane, wherein the system board is located above the dry plane, and the cooling apparatus is located below the dry plane adjacent the system board.",G06F1/16; G06F1/20; H05K7/20,G06F1/1656; G06F2200/201; H05K7/20272; G06F1/203,,,2026
097-599-530-397-053,SLIDE RAIL DEVICE FOR A SERVER RACK,"A slide rail device for connecting with a server case includes a middle rail unit and an inner rail unit. The middle rail unit includes a middle rail and a return abutting member disposed on the middle rail. The inner rail unit includes an inner rail slidable along the middle rail and having an engaging slot, a lock member engageable with an engaging member of the server case inserted into the engaging slot, and a releasing member operably moved to press the lock member away from an inner rail surface of the inner rail so as to release engagement of the lock member from the engaging member. During sliding movement of the inner rail unit relative to the middle rail in a retreating direction, the releasing member is moved to be pressed by the return abutting member to return to an original position thereof.",H05K7/14,H05K7/1489,,,2026
064-212-279-851-909,ELECTRONIC CONTROL DEVICE,"An electronic control unit includes a first circuit board, a second circuit, a first connector, a second connector, and a flat cable. The first circuit board and the second circuit board face each other. The first connector is arranged on the first circuit board. The second connector is arranged on the second circuit board. The flat cable electrically connects the first connector and the second connector. At least one circuit element and an auxiliary component are arranged on the second circuit board and positioned directly beneath the flat cable. A height of the auxiliary component is greater than a height of the at least one circuit element. The flat cable is configured to contact the auxiliary component without contacting the at least one circuit element.",H05K1/14,H05K1/144; H05K2201/09063; H05K2201/042,,,2026
176-443-070-880-206,Multisensor interface für maritime Fahrzeuge,"Um ein Gehäusesystem aufweisend mindestens zwei öffenbare, umschlossene Gehäuse (1, 1') zur Aufnahme elektronischer Komponenten (7), wobei die Gehäuse (1, 1') jeweils eine erste Verbindungsseite (A) mit einer an dieser angeordneten Kupplung (12), wobei die Kupplung (12) mindestens einen abgedichteten Steckverbinder (2) aufweist, und eine zweite Verbindungsseite (B) mit mindestens einem an diesem angeordnetem weiteren Steckverbinder (3) aufweist, wobei zwischen jeweils zwei Gehäusen (1, 1') eine wasserdichte, elektrische Verbindung mittels mechanischer Verbindung der Kupplung (12) des einen Gehäuses (1) mit der zweiten Verbindungsseite (B) des anderen Gehäuses (1') und ein Ineinanderstecken der Steckverbinder (2) des einen Gehäuses (1) und der weiteren Steckverbinder (3) des anderen Gehäuses (1') herstellbar ist, anzugeben, mit dessen Hilfe sämtliche notwendige elektronische Komponenten auf derartigen Fahrzeugen verwendeter externer Geräte, insbesondere Messgeräte und Sonden, modular, einfach, wasserdicht und robust aufbaubar und integrierbar sind, sodass ein einfacher Tausch externer Geräte, aber auch elektronischer Komponenten oder ein einfaches Hinzufügen eines weiteren Gerätes ermöglicht ist, wird vorgeschlagen, dass über die elektrische Verbindung eine Weiterleitung eines Stromsignals (4) und eines Datensignals (5) ermöglicht ist.",H05K5/02; B63B3/00; B63G8/00; H01R24/54; H01R31/06; H05K5/00,H05K5/30; H05K7/1478,059-775-441-866-366; 104-560-672-164-195; 163-786-044-806-240,,2026
168-268-438-335-498,LAPTOP COOLING VIA LOW-PRESSURE AIR MOVER,"Technical solutions discussed herein include cooling systems for electronic devices, including low-pressure ionic blowers and electromagnetic air movers to improve thermal management in laptops. The cooling system may include multiple blower modules arranged in parallel or series configurations. The thermal solution may be a vapor chamber or a heat pipe, or may include a thin-film air-moving device integrated into an air gap. The cooling system may selectively operate between low pressure blower modules and centrifugal blowers based on cooling demands. The blower module may include an electrode configuration with a single exposed electrode. The cooling system may also incorporate an active noise cancellation system using phase-shifted signals between blower units.",H05K7/20,H05K7/20145,,,2026
011-310-873-322-352,CONDUCTIVE FILM AND ELECTROMAGNETIC WAVE SHIELDING MATERIAL USING SAME,"One aspect of the present invention relates to a conductive film including: a thermosetting resin layer; and a conductive layer on at least a part of at least one surface of the thermosetting resin layer, in which the thermosetting resin layer has an elongation at break at 20° C. of 50% or more, a tensile modulus at 20° C. of 1.0 MPa or more and 200 MPa or less, and a storage modulus at 250° C. of 0.1 MPa or more and 200 MPa or less, a film thickness of the conductive layer is 0.1 μm or more and 3.0 μm or less, the conductive layer contains a metal complex, and the conductive layer has a surface resistivity of 1×10−2Ω/□ or more and 10 Ω/□ or less.",H05K9/00; A61N1/16; G06F1/16,H05K9/00; A61N1/16; G06F1/163; H05K9/0084,,,2026
104-798-685-326-974,MODULAR RADIATOR ASSEMBLY AND AIR-TO-LIQUID COOLING CABINET USING SAME,"MODULAR RADIATOR ASSEMBLY AND AIR-TO-LIQUID COOLING CABINET USING SAME A modular radiator assembly and an air-to-liquid cooling cabinet using the same are disclosed. The radiator assembly includes a housing, a heat exchanger module, two fan sets. The housing includes an air inlet, an air outlet, an upper wall, a lower wall and two lateral walls, and an accommodation space is in communication between the air inlet and the air outlet. The heat exchanger module is connected to the upper wall, the lower wall and the two lateral walls. The heat exchanger module is accommodated in the accommodation space obliquely relative to the lower wall. The two fan sets are connected between the two lateral walls, and disposed adjacent to the air inlet or the air outlet. An airflow generated by the two fan sets is inhaled through the air inlet, flows through the heat exchanger module, and is discharged from the air outlet. MODULAR RADIATOR ASSEMBLY AND AIR-TO-LIQUID COOLING CABINET USING SAME A modular radiator assembly and an air-to-liquid cooling cabinet using the same are disclosed. The radiator assembly includes a housing, a heat exchanger module, two fan sets. The housing includes an air inlet, an air outlet, an upper wall, a lower wall and two lateral walls, and an accommodation space is in communication between the air inlet and the air outlet. The heat exchanger module is connected to the upper wall, the lower wall and the two lateral walls. The heat exchanger module is accommodated in the accommodation space obliquely relative to the lower wall. The two fan sets are connected between the two lateral walls, and disposed adjacent to the air inlet or the air outlet. An airflow generated by the two fan sets is inhaled through the air inlet, flows through the heat exchanger module, and is discharged from the air outlet. ug u g ? Dl El Ox Sl << ug u g",F28D1/02; F28F13/12; H02K9/00; H05K7/20,H05K7/20263; H05K7/20272; H05K7/20172,,,2026
147-325-951-075-275,LIQUID COOLED PROCESSING SYSTEM WITH REPLACEABLE MODULES,"Modular processing systems are provided. In one aspect, a modular processing system includes a first electronics module including a first printed circuit board (PCB) and a first electronic component on the first PCB, a second electronics module including a second PCB and a second electronic component on the second PCB, and a cold plate arranged between the first electronics module and the second electronics module. The cold plate is configured to circulate a coolant to cool the first PCB and the second PCB. At least a portion of the cold plate is included in the first electronics module. The first electronics module is removably secured to the second electronics module.",H05K7/20; G06F1/20,H05K7/20254; H05K7/20872; H05K5/0065; G06F1/20; H05K7/20254; H05K7/20872,,,2026
189-473-247-869-766,"ELECTROMAGNETIC WAVE SHIELDING MATERIAL, ELECTRONIC COMPONENT, AND ELECTRONIC APPARATUS","Provided are an electromagnetic wave shielding material having a magnetic layer provided between two metal layers, and an electronic component and an electronic apparatus which include the electromagnetic wave shielding material. A void volume of the electromagnetic wave shielding material is 0.240 mL/mm2 or less as a value per 1 mm2 of a unit cross-sectional area of the magnetic layer.",H05K9/00,B32B15/08; H05K9/00; H05K9/0088,,,2026
041-607-973-846-706,COOLING COMPONENT AND METHOD FOR PRODUCING SAME,"A cooling component for cooling objects includes a metal profile, forming a heat sink. The profile has multiple parallel medium channels for the flow of cooling medium therethrough, each of which is delimited by a circumferential medium channel wall formed by the profile. The cooling component includes a first connection part made of plastic, which is connected to the profile in a fluid-tight manner, with inlet or outlet opening, via which cooling medium is able to be fed to the cooling component or via which cooling medium is able to be discharged from the cooling component. In the region of the first connection part, the circumferential medium channel wall of at least one of the parallel medium channels has at least one through opening, via which the medium channel is fluidically connected to the inlet or to the outlet opening of the first connection part.",F28D1/03; F28D21/00,F28D1/0308; F28D2021/0029; F28F3/12; F28F9/0248; H05K7/20254; H01M10/613; H01M10/6554; H01M10/6556; H01M10/6567; F28D1/0316; F28D2021/0029,,,2026
151-313-282-809-708,FLEXIBLE PROTECTED ELECTRONIC TAG FOR APPLICATION ON A PRODUCT AND PRODUCT COMPRISING THE FLEXIBLE PROTECTED ELECTRONIC TAG,"The disclosure relates to a flexible protected electronic tag for application on a product, and to a product and/or a packaging comprising the flexible protected electronic tag, which comprises a radio frequency identification circuit with an antenna, wherein the flexible protected electronic tag further comprises a flexible circuit layer, having a product side configured to be attached to the product and a top side, wherein the flexible circuit layer comprises the radio frequency identification circuit. The flexible protected electronic tag further comprises a spacer element arranged laterally next to the radio frequency identification circuit and extending from the top side of the flexible circuit layer vertically beyond the radio frequency identification circuit, thereby forming an air gap between the top of the spacer element and the top of the radio frequency identification circuit.",G06K19/077; H05K1/02,G08B13/2434; G06K19/0776; G06K19/07728; B32B2519/02; B32B3/266; G06K19/07749; H05K1/0277; H05K2201/09027; H05K2201/2036,,,2026
199-606-253-076-841,TWO-PHASE DOUBLE-LAYER STAGGERED ENHANCED MICROCHANNEL HEAT SINK,"A two-phase double-layer staggered enhanced microchannel heat sink, which includes a stacked upper cold plate and a lower cold plate. The upper cold plate is provided with a plurality of first fins arranged in an array and the lower cold plate is provided with a plurality of second fins arranged in an array, so as to form a first microchannel group in the upper cold plate and a second microchannel group in the lower cold plate. The first microchannel group and the second microchannel group are respectively configured to accommodate and guide a cooling working medium to flow through the upper cold plate and the lower cold plate; an extension direction of the first fins is perpendicular to an extension direction of the second fins, so that flow directions of the first microchannel group and the second microchannel group are vertically staggered.",H05K7/20,H05K7/20436; H05K7/20327,,,2026
049-747-364-272-976,HEAT DISSIPATION POWER GENERATION MODULE,"A heat dissipation power generation module adapted for a server is provided. The heat dissipation power generation module includes a first heat dissipation component, a thermoelectric component and a second heat dissipation component. The first heat dissipation component is thermally coupled to at least one heat source of the server. The thermoelectric component is disposed on the first heat dissipation component. The thermoelectric component is located between the first heat dissipation component and the second heat dissipation component. The first heat dissipation component and the second heat dissipation component form a temperature difference at two opposite sides of the thermoelectric component, and the thermoelectric component generates an electrical energy through the temperature difference.",H10N10/13; H05K7/14; H05K7/20,H10N10/13; H05K7/1492; H05K7/2039; H05K7/20336; H05K7/20145; H05K7/208,,,2026
011-604-371-702-746,"CONTROL DEVICE FOR AN ELECTRICAL LOAD, OPERATING METHOD AND CONTROL CABINET","Disclosed is a control device for an electrical load including a fixedly arranged stationary module, wherein a backup unit is arranged in the stationary module; a replaceable movable module configured to perform control of the electrical load based on first operation data stored in the movable module, and periodically backup the first operation data to the backup unit as second operation data. Furthermore, disclosed is an operating method for a control device of an electrical load and a control cabinet for an electrical load.",H05K5/02; H02H7/08; H02H7/085; H05K5/00,G06F11/1456; G05B19/048; G05B19/042; G06F2201/84; H02H7/0833; H02H7/085; H05K5/0017; H05K5/0256,,,2026
085-005-200-514-564,LENS MOVING APPARATUS AND CAMERA MODULE INCLUDING THE SAME,"A lens moving apparatus is disclosed. The lens moving apparatus includes a bobbin equipped with at least one lens, a coil and a driving magnet arranged opposite to each other for moving the bobbin in an optical axis direction of the lens through interaction therebetween, a first circuit board for supplying electric current required by the coil, and a cover can and a base coupled to, contacted to, supported at, fixed to, or temporarily fixed to each other for forming a space in which the bobbin, the driving magnet, and the first circuit board are received, wherein the cover can is connected to a second circuit board having an image sensor mounted thereon.",G02B7/09; G02B7/08; G02B7/10; H05K9/00,G02B7/08; G02B7/08; G02B7/09; G02B7/102; H05K9/0058,,,2026
173-671-504-335-21X,MOUNTING HOLDER FOR FASTENERS,Systems and methods are disclosed for fastening systems used to fasten components to a printed circuit board (PCB). The fastening system includes a mounting holder and a fastener held within a metal case of the mounting holder by a retaining washer prior to fastening. The metal case is soldered or welded to the PCB to pre-position the fastener prior to fastening. The metal case guides a fastening tool used to fasten the fastener.,F16B41/00; H05K1/02,F16B41/002; F16B2200/93; H05K2201/1031; H05K1/02,,,2026
168-378-974-505-611,CONNECTOR,"A connector suitable for connecting a wire is provided. The connector includes a connector body, an unlocking mechanism, and an extended pull handle. The connector body includes a first side surface, a second side surface, a third side surface, a fourth side surface, and a port, wherein the port is formed on the fourth side surface. The unlocking mechanism includes a first arm, a second arm, and a pull handle, with the first arm connected to one side of the pull handle and the second arm connected to another side of the pull handle. The first arm is disposed on the first side surface, the second arm is disposed on the second side surface, and the pull handle extends only along a first plane parallel to the third side surface. The extended pull handle is connected to the pull handle.",H01R13/633; H01R13/627; H01R13/631; H05K7/20,H01R13/6335; H05K7/20409; H01R13/631; H01R13/6275,,,2026
189-710-081-848-565,MODULAR DEVICE WITH INTERCHANGEABLE PARTS,"A device is described that is modular and involves interchangeable parts. The device may include a base module electrically linked to an interchangeable attachment module. In one example of the device of the present invention, the base module includes a port for receiving the attachment module and transmitting power directly to the attachment module. The port may additionally or alternatively be capable of receiving an intermediate module and transmitting power to the intermediate module. In this particular example, the intermediate module may receive an attachment module and transmit power to the attachment module. The attachment module may involve electronic features, such as, for example, lights, fans, sound emitting features, scent emitting features, or a combination of these.",H05K5/00; F04D25/06; F04D25/08; F21V23/02; F24C15/08,H05K5/0086; F21V23/02; F04D25/08; F04D25/06; F24C15/08,,,2026
197-474-251-528-07X,Actively Cooled Heat-Dissipation Lids for Computer Processors and Processor Assemblies,"Actively cooled heat-dissipation lid for removing excess heat from heat-generating devices attached to printed circuit boards, processor assemblies and other electronic devices, the actively cooled heat-dissipation lid comprising a first plate configured to be placed in thermal communication with a heat-generating device, a raised sidewall to facilitate fastening the actively cooled heat-dissipation lid to the printed circuit board or processor assembly, and thereby defining a device chamber for the heat-generating devices on the printed circuit board to reside. A second raised sidewall extends from the opposite surface of the first plate to join with a second plate in a spaced relation to the first plate, wherein the opposite surface of the first plate, the second raised sidewall and the second plate together define a fluid chamber that is adjacent to the device chamber, the fluid chamber being configured to prevent any cooling fluid flowing therethrough to enter the adjacent device chamber. An inlet conduit in fluid communication with the fluid chamber is configured to admit coolant fluid from a pressurized source to pass into the fluid chamber to absorb heat from the second surface of the first plate in thermal communication with the heat-generating device. An outlet conduit in fluid communication with the fluid chamber is configured to let warmed coolant fluid flow out of the fluid chamber and into a closed loop fluid-cooling system, where the coolant fluid is then re-cooled before being pumped back into the fluid chamber via the inlet conduit.",H05K7/20,G06F1/20; G06F2200/201; G06F1/20; G06F2200/201; H10W40/22; H10W40/475; H10W40/47; H05K7/20254; H05K7/20272; H10W40/475,,,2026
180-525-460-274-74X,Control Module for High-Power Electric Motor,"A control module for a high-power electric motor may include a metal base, an insulating wall fastened to the metal base, and a circuit board disposed within the insulating wall. The circuit board may include a first surface that faces the metal base and a second surface opposite the first surface. A plurality of power switches may be mounted on the first surface of the circuit board and configured as an inverter circuit. A thermally conductive electrically insulating layer may be between the circuit board and the metal base. Power output terminals may be mounted on the second surface of the circuit board. An insulating frame may extend between at least one pair of the power output terminals. One or more fasteners may be received through the insulating frame, the circuit board, and the thermally conductive electrically insulating layer and fastened to the metal base.",H02K11/33; H05K1/02; H05K1/18,H02M7/5387; H02M7/003; H02K11/33; H05K7/209; H02K11/33; H02K2211/03; H05K1/0203; H05K1/18; H05K2201/10015; H05K2201/10053; H05K2201/10166; H05K2201/10212,062-877-872-433-031; 013-857-754-956-821; 062-107-706-353-043; 104-707-175-364-528; 134-551-431-959-628; 170-518-997-071-880; 124-957-480-047-219; 150-706-140-224-991; 173-947-289-198-068; 194-920-380-809-159; 139-082-353-527-530,,2026
067-298-162-426-924,Leistungsmodul mit Merkmalen zum Minimieren der Grundplattenbewegung,"Ein Leistungsmodul beinhaltet eine Grundplatte und ein Gehäuse. Die Grundplatte beinhaltet eine erste Oberfläche mit einer Vielzahl von Öffnungen. Das Gehäuse beinhaltet eine erste Oberfläche, die der ersten Oberfläche der Grundplatte zugewandt ist, und eine Vielzahl von Stiften, die aus der ersten Oberfläche herausragen. Jeder der Stifte des Gehäuses ist in eine jeweilige Öffnung der Grundplatte eingesetzt. Ein erster Stift des Gehäuses ist in eine erste Öffnung der Grundplatte eingesetzt und ist konfiguriert, um eine seitliche Bewegung der Grundplatte relativ zu dem Gehäuse zu minimieren. Ein zweiter Stift des Gehäuses ist in eine zweite Öffnung der Grundplatte eingesetzt und ist konfiguriert, um eine Drehbewegung der Grundplatte um den ersten Stift zu minimieren.",H10W76/12; H05K5/02; H10W40/00; H10W76/15,H05K5/0217,,,2026
188-649-527-716-748,WIRELESS CHARGING DEVICE WITH HEAT DISSIPATION STRUCTURE,"A wireless charging device with a heat dissipation structure comprises a first housing and a second housing that are mutually combined. The first housing includes at least one charging pad, at least one intake grille, and at least one exhaust assembly. The at least one charging pad protrudes from an outer surface of the first housing and incorporates a heat sink for dissipating thermal energy generated during operation. A fan is positioned between the first housing and the second housing and generates an airflow into the interior of the housing. The airflow is then directed through an airflow channel toward the exhaust assembly of the first housing and an air discharge zone of the second housing. This configuration enables simultaneous cooling of the heat sink and a mobile device, achieving efficient heat dissipation.",H02J50/10; H02J50/90; H05K7/20,H02J50/10; H05K7/20909; H02J50/90,,,2026
103-533-319-736-391,"CURRENT CONVERTER, ELECTRIC DRIVE DEVICE AND METHOD FOR MANUFACTURING A CURRENT CONVERTER","The invention relates to a current converter (IV), having: a plurality of functional base modules (FB), which each form a sub-half-bridge with a positive-voltage-side semiconductor switch (T1) and a negative-voltage-side semiconductor switch (T2) and which each have a plurality of external current terminals (H+, H−, P);a number of power base modules (LB2, LB3), which each have a plurality of the functional base modules (FB) and an enclosure unit (MM), wherein the enclosure unit (MM) of the respective power base modules (LB2, LB3) mechanically connects together the respective corresponding functional base modules (FB) and encloses them apart from their respective current terminals (H+, H−, P), wherein the functional base modules (FB) of the respective power base modules (LB2, LB3) are electrically insulated from one another within the respective corresponding enclosure unit (MM);a current converter power module (LM), which has the power base modules (LB2, LB3) and a plurality of current connections (GV, PV), wherein the current connections (GV, PV) electrically connect together the respective corresponding current terminals (H+, H−, P) of the respective functional base modules (FB) of the respective power base modules (LB2, LB3).The invention also relates to an electric drive device having a said current converter, and to a method for manufacturing a current converter.",H02M7/00; H05K7/20,H05K7/14324; H02M7/003; H10W74/111; H10W40/255; H10W40/778; H10W90/00; H02M7/003; H05K7/209,,,2026
127-195-074-013-989,SLIDE RAIL DEVICE FOR A SERVER RACK,"A slide rail device for connecting with a server case includes a middle rail and an inner rail unit. The inner rail unit includes an inner rail disposed on and longitudinally slidable along the middle rail and having an engaging slot for the engaging member to be transversely inserted thereinto, a lock member disposed on the inner rail to be engageable with the engaging member, and a releasing member operably moved longitudinally to abut and press the lock member to bring deflection of the lock member away from an inner rail surface of the inner rail so as to release engagement of the lock member from the engaging member.",H05K7/14,H05K7/1489,,,2026
026-124-518-858-393,SIDE-MOUNTED PERFORATED HANDLE ASSEMBLIES FOR INCREASING INLET AIRFLOW IN SERVER CHASSIS,"An enclosure for standalone computing devices integrates a pair of side intake handle assemblies to increase cooling airflow while providing lift capability. Each assembly mounts to an opposing sidewall upstream of internal fans and includes a multi-surface intake housing with exterior air-admitting surfaces (e.g., perforations, slots, louvers, mesh) that communicate through a sidewall opening with an interior intake region. Solid edge rims and a partially non-perforated handle-mount area provide structural strength for lifting. In preferred layouts, the assemblies are located in lower sidewall regions aligned with a fan line to create a more direct intake path and reduce required fan speed for a given thermal load.",H05K5/02,H05K5/0213; H05K5/023,,,2026
154-441-116-043-482,Interposer Accessory for Two Way Radios Providing External Regulated Power Output,"An interposer accessory fits between a two-way radio and its removable battery and maintains pass-through power connections between them, with any auxiliary communication contact passed through without termination. Power-conversion circuitry provides at least one regulated external output, for example a 5 V USB output accessible from the housing. In some embodiments the interposer further includes a USB input interface configured to accept external power and charge the attached battery through a unidirectional and/or OR-ing arrangement. The accessory can retain the radio's form factor using tabs and a spring latch with a thumb release, and may include indicators that convey charge state at the housing. The interfaces can be dimensioned for different radio families while preserving the pass-through connections and external output. USB Power Delivery capability is optional.",H01M10/46; G06F13/38; G06F13/42; H01M10/48; H01M50/247; H01R31/06; H02J7/00; H04B1/40; H05K5/02,H01M10/46; H05K5/0247; H01R31/06; H01M2220/30; G06F13/4282; H01M50/247; H01M10/488; H04B1/40; G06F2213/0042; G06F13/382; H02J7/68; H02J7/80; H02J7/865,,,2026
172-522-092-048-402,HEAT DISSIPATION APPARATUS AND METHOD FOR MANUFACTURING HEAT DISSIPATION APPARATUS,"The present application discloses a heat dissipation apparatus and a method for manufacturing the heat dissipation apparatus. The heat dissipation apparatus includes a cover body, a flow-uniformizing component and a bottom board component. The bottom board component includes a heat dissipation chamber, a plurality of heat conduction members are arranged in a second region of the heat dissipation chamber at a second interval; a third region of the flow-uniformizing component includes a plurality of first flow-uniformizing channels and a plurality of first liquid drain channels, a fourth region of the flow-uniformizing component includes a plurality of second flow-uniformizing channels and a plurality of second liquid drain channels; and the cover body is provided with a liquid inlet and a liquid outlet, the liquid inlet communicates with the first flow-uniformizing channels, and the second liquid drain channels communicate with the second region and the liquid outlet.",H05K7/20,H10W99/00; H10W40/22; H10W40/47; G06F1/20; H05K7/20254; G06F2200/201; H10W40/228; H10W40/475; H05K7/20272,,,2026
189-657-635-265-530,DUAL-BAND RADIATING ELEMENT AND MODULAR ANTENNA ARRAY,"A dual band radiating element and modular antenna array suitable for application in space communications is provided. The dual band radiating element comprises a stacked patch antenna for transmitting RF signal of a first signal frequency band (e.g. S-Band) and receiving RF signals of a second signal frequency band (e.g. L-Band). The concentric design of the radiating element can achieve savings in material and mass compared to other stacked patch antennas. For effective operation in space applications, a first radiation patch in the radiating element is isolated from a second radiation patch by shielding a feed pin to the first radiation patch as it travels through the dielectric layer separating the patches. Individual radiating elements can be attached to individual filter/amplification units in a modular antenna array allowing for individual components to be easily installed, repaired or replaced with minimal impact to the rest of the antenna array and/or spacecraft.",H01Q9/04; H01Q1/28; H01Q1/50; H01Q1/52; H01Q21/00; H01Q23/00; H05K7/20,H01Q5/50; H01Q9/0414; H01Q3/36; H01Q1/525; H01Q1/288; H01Q21/0025; H01Q21/065; H01Q9/0414; H01Q5/50; H01Q3/36; H01Q1/288; H01Q1/50; H01Q1/521; H01Q9/0414; H01Q9/045; H01Q21/0025; H01Q23/00; H05K7/20336,,,2026
137-214-106-353-034,"Elektrogerät, aufweisend ein Gehäuseteil und ein Deckelteil","Elektrogerät, aufweisend ein Gehäuseteil (1) und ein Deckelteil (20),wobei das Deckelteil (20) mit dem Gehäuseteil (1) verbunden ist,insbesondere wobei das Deckelteil (20) eine Öffnung des Gehäuseteils (1) abdeckt,wobei eine erste Leiterplatte (33) mit dem Deckelteil (20) verbunden ist,wobei zumindest eine Wärme erzeugendes Bauteil (34) von einem elastisch vorgespannten Zungenabschnitt (31) eines Blechteils (30) zum Deckelteil (20) hingedrückt ist,dadurch gekennzeichnet, dassdie erste Leiterplatte (33) an der Innenseite des Deckelteils angeordnet ist,wobei das Wärme erzeugende Bauteil (34) mit Leiterbahnen (35) der ersten Leiterplatte (33) elektrisch verbunden ist,wobei die erste Leiterplatte (33) durch zumindest teilweises Einstecken in ein auf einer zweiten Leiterplatte (2) angeordnetes Steckverbinderteil (3) mit der zweiten Leiterplatte (2) elektrisch verbunden ist,wobei die zweite Leiterplatte (2) in dem Gehäuseteil (1) angeordnet und mit diesem verbunden ist,wobei das Blechteil (30) von in Gewindebohrungen des Deckelteils (20) eingeschraubten Schraubteilen (32) zum Deckelteil (20) hin elastisch vorgespannt gehalten ist.",H05K5/02; H05K1/11; H05K7/14; H05K7/20,H05K1/117; H05K7/2049; H05K7/209; H05K1/117; H05K7/2049; H05K7/209,089-357-761-282-606; 045-654-358-496-879; 045-654-358-496-879; 089-357-761-282-606,,2026
174-824-167-936-567,Liquid Cooled Rack L11 Process,"A liquid-cooled rack for liquid-cooling trays of computing equipment includes an inlet manifold including an inlet for receiving a coolant at a first temperature and at least one outlet interface for discharging the coolant to one of the liquid-cooled trays; and an outlet manifold including at least one inlet interface for receiving the coolant at a second temperature higher than the first temperature from one of the liquid-cooled trays and an outlet for discharging the coolant. At least one of the inlet manifold or the outlet manifold includes at least one coolant drain port to facilitate the draining and purge drying process The drain ports can also be added to each tray. The draining and purge drying process can be enhanced by using high pressure air (desiccated and/or heated), flushing with volatile fluid, tilting, vibration, vacuuming.",H05K7/20,H05K7/20272; H05K7/20781; H05K7/2039; H05K7/20781,,,2026
114-797-337-361-851,DISPLAY DEVICE INCLUDING TAPE AND ELECTRONIC DEVICE INCLUDING THE SAME,"A display device includes a display panel. The display panel includes a display area including a plurality of pixels, and a peripheral area proximate to the display area. The peripheral area includes a pad area spaced apart from a side of the display area in a first direction. The display device includes a printed circuit board electrically connected to the display panel. The printed circuit board includes at least one ground portion. The display device includes a cover covering the printed circuit board. The cover includes at least one cut-out area exposing the at least one ground portion. The display device includes a conductive tape disposed in the at least one cut-out area. The conductive tape is electrically connected to the at least one ground portion of the printed circuit board.",H10K59/80; H05K1/02; H05K1/18; H10K59/131,H10K59/8722; H10K59/131; H05K2201/10128; H05K1/028; H05K1/189,,,2026
054-346-460-649-335,"ELECTROMAGNETIC WAVE SHIELDING SHEET, SHIELDED WAFER, SEMICONDUCTOR DEVICE AND MANUFACTURING METHOD THEREOF","Provided are a highly reliable electromagnetic wave shielding sheet that is capable of performing batch coating on a wafer before dicing and has excellent coating properties, a shielded wafer formed using the electromagnetic wave shielding sheet, a semiconductor device, and a manufacturing method thereof. An electromagnetic wave shielding sheet 3 for performing batch coating on a semiconductor wafer before dicing includes at least a shielding film 30 including a conductive filler (F) and a binder component, has an elongation rate of 100% to 1500% at 100° C., and has a Young's modulus of 100 MPa to 1000 MPa at 100° C. in a cured sheet after treating the electromagnetic wave shielding sheet 3 at 180° C. for 2 hours.",H01L23/552; H01L21/50; H01L21/78,H05K9/0081; H05K9/0083; C09K3/00; H10P54/00; H10W95/00; H10W42/20,,,2026
163-745-327-175-775,REFRIGERANT EVACUATION AND CHARGE ADJUSTMENT MECHANISM,A cooling system for charging and discharging fluid is disclosed. The system includes a main fluid circuit and a secondary fluid circuit. The secondary fluid circuit includes: a receiver configured to receive and discharge fluid flowing through the main fluid circuit and the secondary fluid circuit; a pump configured to communicate with the receiver; a receiving valve selectively open to direct fluid to the receiver; and a returning valve selectively open to discharge fluid from the receiver. The system further includes a controller communicating with the main fluid fircuit and the secondary fluid circuit and a sensor detecting sensing value within the cooling system.,F25B45/00; F25B49/02,F25B41/24; F25B45/00; F25B49/005; F25B49/02; F25B2400/16; F25B2400/19; F25B2500/222; F25B2700/1933; H05K7/20827; F25B45/00; F25B49/02; F25B2400/19; F25B2500/221; F25B2500/222,,,2026
131-091-160-500-730,THERMAL AND EMI SHIELDING FOR PERIPHERAL DEVICES,"In one embodiment, a housing is coupled to a device connector (e.g., an M.2-compatible expansion slot) on a circuit board. The housing may be a conductive material (e.g., metal) and sized to cover a device coupled to the connector such that the device may be substantially encompassed by the housing and the circuit board. The housing may contact, directly or indirectly, the device to provide thermal transfer. In addition, the housing may be connected to ground to provide electromagnetic interference (EMI) shielding of the device.",H05K9/00; H05K7/20,H05K7/2039; H05K9/0037,,,2026
182-047-251-952-400,Amplifier Case Connector with Liquid Ingress Seal,"Various implementations include amplifier cases and related assembly methods. One implementation includes a case for a vehicle amplifier, the case including: a housing for seating the amplifier; a cover for securing the amplifier in the housing; and a connector panel spanning between the housing and the cover, the connector panel having a frame at least partially surrounding a set of connectors configured to couple with a vehicle audio system, where a portion of the frame is recessed relative to the set of connectors. In particular aspects, a sealant is positioned between a portion of the housing and the frame. In further aspects, the amplifier case provides a liquid ingress seal around the vehicle amplifier at a designated submerged depth.",H04R1/02; G06F3/16; H04R1/28; H05K5/00; H05K5/06; H05K7/20,H05K5/0069; H05K5/0047; H05K5/062; G06F3/162; H04R1/02; H04R1/2811; H05K5/0026; H05K5/06; H05K7/20409,,,2026
161-121-020-955-680,CONFIGURABLE CABLE MANAGEMENT DEVICE,"A cable management system and method are disclosed for organizing cables at the interface of a panel. A panel assembly integrates the cable management device along the front edge of the panel so that cables routed from the panel remain supported during operation. The system includes a cable management device having a base structure attachable to a front edge of the panel, a set of mounting posts extending from the base structure, and a set of support beams. Each support beam including a receiver removably engaging a respective mounting post and a cable support for guiding cables.",H04Q1/06,H04Q1/06; F16L3/10; F16L3/221; H05K7/1491,,,2026
097-860-965-541-823,ROTATING SHAFT MECHANISM AND FOLDABLE ELECTRONIC DEVICE,"A rotating shaft mechanism (30), comprising a rotating shaft base (300), a first swing arm (310) and a second swing arm (320). One end of the first swing arm (310) is connected to the rotating shaft base (300), and the other end of the first swing arm (310) is connected to one end of the second swing arm (320); the first swing arm (310) can rotate relative to the rotating shaft base (300), and the second swing arm (320) can rotate relative to the first swing arm (310), such that the rotating shaft mechanism (30) can rotate to a first state; the rotation axes of the first swing arm (310) and the second swing arm (320) are parallel to each other. The first swing arm (310) comprises a first support surface (F1), and the second swing arm (320) comprises a second support surface (F2). When the rotating shaft mechanism (30) rotates to the first state, the first support surface (F1) and the second support surface (F2) are coplanar and perpendicular to the thickness direction of the rotating shaft base (300). In this case, the first support surface (F1) and the second support surface (F2) can provide better support, thereby improving impact resistance. Also provided is a foldable electronic device.",F16C11/04,H05K5/02; F16C11/10; F16C11/04; H04M1/02,,,2026
050-887-291-058-935,Orthogonal Circuit Board Interconnection Systems,"According to some embodiments, an interface assembly for coupling an orthogonal circuit board to a main circuit board includes a frame, signal pins, and dielectric retainers. The frame is electrically coupled to a ground signal of the orthogonal circuit board. The dielectric retainers electrically isolate the plurality of signal pins from the frame. The frame includes an interface surface configured to electrically couple the frame to a plurality of ground spring pins of a spring interposer of the main circuit board. Each particular signal pin of the interface assembly includes a pin head configured to electrically couple the particular signal pin to a particular one of a plurality of signal spring pins of the spring interposer. The interface surface of the frame and the pin heads of the plurality of signal pins form a coplanar surface.",H01R12/73; H01R12/55; H01R12/72; H01R13/24; H01R13/405; H05K1/14,H05K1/141; H01R12/737; H01R13/2435; H01R12/727; H01R12/55; H01R12/737; H05K1/141; H01R12/727; H01R13/24; H01R12/55; H01R13/405; H05K2201/10378,,,2026
007-748-593-169-113,Gehäuse für ein Feldgerät der Prozessautomatisierung und Feldgerät,"Die Erfindung bezieht sich auf ein Gehäuse (100) für ein Feldgerät der Prozessautomatisierung. Ein Befestigungshals (1) weist eine Befestigungsstruktur (10) und ein Deckel eine korrespondierte Befestigungsstruktur (20) auf. Der Deckel (2) weist einen Boden (21), eine Öffnung (210) im Boden (21), eine Wandung (22) für die Befestigungsstruktur (20), ein Einlegeteil (3), ein Dichtelement (4), einen Gleitring (5) und eine Sichtscheibe (6) auf. Die Sichtscheibe (6) befindet sich in einem Aufnahmeraum (31) des Einlegeteils (3). In dem Fall, dass der Befestigungshals (1) und der Deckel (2) miteinander verbunden sind, drückt der Befestigungshals (1) über das Dichtelement (4) gegen das Einlegeteil (3), welches den Gleitring (5) gegen den Boden (21) des Deckels (2) drückt.",G01D11/26; G01D11/24; H05K5/02,H05K7/1462; G01D11/245,106-442-138-466-084; 022-620-135-195-403; 085-109-403-370-149; 143-262-503-761-801; 157-257-842-609-697; 126-180-331-683-070; 007-417-784-071-577; 051-652-160-231-697; 143-262-503-761-801,,2026
107-108-835-820-053,PRINTED CIRCUIT BOARD,"A printed circuit board that includes a core substrate including a core layer, an upper glass layer on a surface of the core layer, and a lower glass layer on another surface of the core layer; an optical waveguide including at least a portion between the upper glass layer and the lower glass layer, the optical waveguide including a reflection layer on at least a portion of an inner wall of the optical waveguide; a first pad on the core substrate, the first pad being connected to the optical waveguide; a second pad on the core substrate, the second pad being spaced apart from the first pad, and the second pad being connected to the optical waveguide; and a heat emission layer contacting at least a portion of each of the first pad and the second pad.",H05K1/02; G02B6/12; G02B6/125; H05K1/03,H05K1/0274; H05K1/0201; H05K1/0306; G02B6/12004; G02B6/125; H05K2201/017; H05K2201/09985; H05K2201/09509; H05K2201/09481; H05K2201/09827; H05K2201/066; H05K2201/037,,,2026
055-890-733-833-855,"PROTECTION CIRCUIT MODULE, METHOD OF MANUFACTURING SAME AND SECONDARY BATTERY INCLUDING SAME","A protection circuit module includes a substrate electrically connected to a battery cell, components in implementation regions on the substrate, a first insulating layer in regions other than the implementation regions on the substrate, a second insulating layer on the first insulating layer and separated from the components, and a coating layer on the first insulating layer and surrounding the components.",H02H7/18; H01M10/42; H05K1/16; H05K3/46,H05K2201/09909; H02J7/60; H01M10/425; H05K2201/10037; H05K3/28; H05K2203/0582; H05K2203/0588; H05K2201/0166; H05K3/284; H05K3/287; H01M2010/4271; H01M10/425; H02H7/18; H05K1/16; H05K3/4644; H05K2201/10037; H05K2203/013,,,2026
130-386-331-842-965,Vapor Chamber and Electronic Device,"A vapor chamber includes a first cover plate, a second cover plate, and a capillary structure. The first cover plate and the second cover plate form a closed cavity between the first cover plate and the second cover plate. The capillary structure is located in the cavity, and the capillary structure is configured to guide flow of liquid in the cavity. The cavity includes a first cavity and a second cavity that coupled to each other, the first cavity is located in a first area of the vapor chamber, the second cavity is located in a second area of the vapor chamber, and the first area is configured to couple to a heating element of the electronic device. A size of the second cavity in thickness direction is greater than a size of the first cavity in thickness direction.",H05K7/20,H05K5/03; H05K7/20; H05K7/2039; H05K7/20272; H05K7/20336; F28D15/046; F28D15/0233; F28F2250/08; G06F1/203; H10W40/73; H05K7/20336,,,2026
083-666-435-337-350,LIQUID-COOLED POWER SUPPLY CABINET AND DATA CENTER COOLING SYSTEM USING THE SAME,"A liquid-cooled power supply cabinet includes a shelf, at least one liquid-cooled power supply chassis, a coolant heat exchange unit, and a coolant distribution pipe. The liquid-cooled power supply chassis is disposed on the shelf and includes a coolant input/output unit for transmitting a first coolant to absorb a heat energy. The coolant heat exchange unit is in fluid communication with the liquid-cooled power supply chassis, so that the first coolant flows through the coolant heat exchange unit via the coolant input/output unit and returns to the liquid-cooled power supply chassis. The coolant distribution pipe is in fluid communication with the coolant heat exchange unit for transmitting a second coolant, so that the second coolant flows into the coolant heat exchange unit, and the second coolant and the first coolant exchange heat in the coolant heat exchange unit. The first and second coolants are different media.",H05K7/20,H05K7/20781; H05K7/20927,,,2026
134-459-381-823-64X,Automatisches Leiterplattenbearbeitungsverfahren mit einer automatischen Stifteinschlag- und -ausziehfunktion,"Die vorliegende Erfindung offenbart eine automatische Leiterplattenbearbeitungsanlage mit einer automatischen Stifteinschlag- und -ausziehfunktion. Sie umfasst einen Anlagenkörper, einen Industriecomputer, eine Bewegungssteuerkarte, eine SPS, eine X-Achsen-Bewegungsplattform, eine Y-Achsen-Bewegungsplattform, eine Z-Achsen-Bewegungsplattform, einen X-Achsen-Servoantrieb, einen Y-Achsen-Servoantrieb und einen Z-Achsen-Servoantrieb, wobei an der Z-Achsen-Bewegungsplattform jeweils eine Elektrospindel, ein Werkzeugmagazin-Roboterarm, ein automatischer Stifteinschlagmechanismus und ein automatischer Stiftausziehmechanismus vorgesehen sind, wobei an einem der X-Achsen-Bewegungsplattform zugewandten Ende der Bearbeitungsplattform eine Stiftmagazin und ein Werkzeugmagazin vorgesehen sind, wobei der Industriecomputer mit der Bewegungssteuerkarte verbunden und die SPS mit der Bewegungssteuerkarte verbunden ist, wobei die SPS mit dem automatischen Stifteinschlagmechanismus, dem automatischen Stiftausziehmechanismus und dem Werkzeugmagazin-Roboterarm verbunden ist, und wobei die Elektrospindel mit der Bewegungssteuerkarte verbunden ist. Mit der vorliegenden Erfindung wird eine vollständige Prozessautomatisierung beim Einschlagen und Ausziehen eines Stifts erreicht und dabei die Genauigkeit verbessert, womit der Automatisierungsgrad einer Leiterplattenbearbeitungsanlage erheblich erhöht werden kann.",H05K3/00; B23Q15/00,B23B41/00; B23P19/02; B23Q3/157; H05K3/0044; H05K2203/167,,,2026
011-634-299-041-441,Betätigungsvorrichtung zur Betätigung einer elektrischen oder elektronischen Schaltung und Verfahren zum Herstellen einer solchen Betätigungsvorrichtung,"Betätigungsvorrichtung (1) zur Betätigung einer elektrischen oder elektronischen Schaltung (3), mit einer Platine (5), wobei die Platine (5) einstückig eine Platinenbasis (7), einen Elastizitätsbereich (9), und einen mindestens einen Betätigungsbereich (13) und mindestens einen Kopplungsbereich (15) aufweisenden Verlagerungsbereich (11) aufweist, wobei die Platinenbasis (7), der Elastizitätsbereich (9) und der Verlagerungsbereich (11) derart ausgebildet und angeordnet sind, dass der Verlagerungsbereich (11) durch den Elastizitätsbereich (9) mit der Platinenbasis (7) verbunden und relativ zu der Platinenbasis (7) elastisch verlagerbar ist, wobei der mindestens eine Kopplungsbereich (15) für eine galvanische, elektrische und/oder magnetische Kopplung mit mindestens einem an der Platinenbasis (7) angeordneten Gegen-Kopplungsbereich (17) ausgebildet und derart angeordnet ist, dass eine Position des mindestens einen Kopplungsbereichs (15) relativ zu dem mindestens einen Gegen-Kopplungsbereich (17) durch Verlagern des Betätigungsbereichs (13) verändert werden kann, dadurch gekennzeichnet, dass der Elastizitätsbereich (9) derart ausgebildet ist, dass der mindestens eine Kopplungsbereich (15) durch Verlagern des Betätigungsbereichs (13) unter Herstellen einer galvanischen Kopplung in berührenden Kontakt mit dem mindestens einen Gegen-Kopplungsbereich (17) gebracht werden kann.",H05K1/02; H01H15/00; H03K17/965; H05K3/00,H03K2017/9602; H03K17/975; H03K2017/9706; H03K17/97; H05K2201/09081; H05K1/0278; H05K2201/09263; H05K2201/10053; H01H11/04; H01H2205/01; H01H2205/004; H01H2225/028,,,2026
194-772-477-842-99X,POWER CONVERTER MODULE,"The invention relates to a power converter module having a heat sink, on the planar upper face of which a plurality of power semiconductor modules are arranged in parallel rows. A plurality of busbars interconnect DC voltage connections on the upper faces of the power semiconductor modules, wherein the busbars are, in the region of the modules to be interconnected, planar and arranged one above the other in parallel. In the region between the DC voltage connections of each power semiconductor module, a first busbar is angled and extends vertically downwards, where it forms a first connection region for first DC voltage connections of the power semiconductor module. A second busbar is likewise angled and forms a second connection region for second DC voltage connections of the power semiconductor module. The connection regions are mechanically connected to the DC voltage connections of each power semiconductor module.",H05K7/14,H05K7/14329,,,2026
085-776-478-072-33X,PATTERNED ELECTRICALLY CONDUCTIVE FEATURES ON A PARTICLE-CONTAINING POROUS SUBSTRATE,Patterns of conductive material bonded to a porous polymer matrix composite by an adhesive layer are described. The porous polymer matrix composites comprise a plurality of particles interconnected by an open pore network of a thermoplastic polymer. The pattern of conductive material may be located on the side of the adhesive layer opposite the porous polymer matrix or located between the adhesive layer and the porous polymer matrix. Methods of making and using such articles are also described.,B32B7/12; B32B15/20; B32B27/08; B32B27/28; B32B27/30; B32B27/32; B32B27/36; H05K13/00,B32B27/08; B32B27/32; B32B7/12; B32B27/308; B32B15/20; B32B27/36; B32B2307/204; B32B2307/732; B32B2264/107; B32B2307/202; B32B27/281; B32B27/304; B32B27/322; B32B2264/202; B32B2264/101; B32B2264/2032; H05K1/00; H05K1/036; H05K3/386; H05K2201/0116,,,2026
027-429-826-488-957,"CONNECTION STRUCTURE, HEADPHONE, AND HEADPHONE SYSTEM","Provided is a connection structure including a functional box, a connection component, and an anti-detachment member. A box body of the functional box is provided with a connection portion. An insertion hole of the connection portion is configured to allow the connection component to be inserted into the insertion hole. The connection component is provided with a protuberance abutting against a sidewall of the functional box. The anti-detachment member is disposed in a mounting cavity of the functional box, and is configured to connect the functional box with the connection component.",H04R1/10,H05K5/06; H04R1/10; H04R1/1025; H04R1/1066; H04R2460/13,,,2026
086-672-361-118-373,IMPLEMENTATION OF TWO-PHASE COLD PLATE LOOPS WITH DESIGN FEATURES TO OPTIMIZE THERMOFLUIDIC PERFORMANCE IN SPACE CONSTRAINED COMPUTER ARCHITECTURES,"Arrangements, sub-systems, devices and methods for providing cooling to hardware components, and more specifically to server cold plate loop (CPL) sub- systems, devices and methods for thermal management of hardware in computer server racks and related equipment in computer data centers.",H05K7/20; G06F1/20,H05K7/20809; H05K7/20309; H05K7/20327; H05K7/20809; H05K7/20327; H05K7/20309,,,2026
082-377-405-902-139,"METHOD FOR FABRICATING A CIRCUIT BOARD ARRANGEMENT, CIRCUIT BOARD PRE-ASSEMBLY AND IMPLANTABLE MEDICAL DEVICE COMPRISING A CIRCUIT BOARD ARRANGEMENT","A method for fabricating a circuit board arrangement includes: providing a circuit board panel forming at least one circuit board section, a remaining panel section and at least one support portion connecting the at least one circuit board section to the remaining panel section; placing at least one functional component on the at least one circuit board section; and separating the at least one circuit board section from the remaining panel section at the at least one support portion using an excise device, wherein a portion of the at least one functional component extends beyond an edge of the at least one circuit board section, and at least one shield element is arranged on the circuit board panel such a shield element of the at least one shield element is at least partly arranged between the at least one functional component and the edge of the circuit board section.",H05K9/00; A61N1/39,A61N1/36125; A61N1/37512; A61N1/3754; A61N1/3756; A61N1/3758; H05K1/189; H05K3/0032; H05K3/007; H05K3/4691; H05K2201/055; H05K2201/056; H05K2201/09063; H05K2201/09072; H05K2201/1003; H05K2201/10037; H05K2201/10151; H05K2201/10159; H05K2203/1388; H05K2203/304; H05K2203/308; A61N1/3956; H05K9/0022,,,2026
065-557-145-339-993,FULLY 3D PRINTED MM-WAVE BOARD EMBEDDED DESIGNS WITH HIGH INTEGRATION LEVELS,"A printed circuit board (PCB) that has been fabricated by a 3D printing process. The PCB includes a substrate printed by the 3D printing process, a plurality of stacked dielectric layers printed on the substrate by the 3D printing process, and a plurality of embedded electrical circuit components printed by the 3D printing process on and throughout the substrate and the plurality of dielectric layers. The PCB can be part of a device that operates at millimeter wave frequencies, such as a mm-wave antenna.",H05K1/02; B33Y80/00; H05K1/16; H05K3/12; H05K3/46,H05K1/0237; H05K1/165; H05K3/125; H05K3/4664; H05K3/4673; H05K2201/10098; H05K2203/013; B33Y80/00; H05K1/162; B33Y10/00; B33Y30/00; B33Y10/00; B33Y80/00; H05K1/162; H05K1/165; H05K3/14; H05K3/4664; H05K2203/1333,,,2026
059-870-922-522-455,Liquid Cooled Power Conversion System,"A system includes a first unregulated power converter connected between an input voltage bus and an output voltage bus, wherein the first unregulated power converter comprises a plurality of first power switches, a second unregulated power converter connected between the input voltage bus and the output voltage bus, wherein the second unregulated power converter comprises a plurality of second power switches, and a liquid cooling system configured to cool the plurality of first power switches and the plurality of second power switches to achieve balanced current sharing between the first unregulated power converter and the second unregulated power converter.",H05K7/20; H02M3/00; H02M3/335,H05K7/20927; H05K7/209; H02M3/003; H02M3/33576,,,2026
056-596-714-604-01X,METHOD AND APPARATUS FOR GENERALIZED CONTROL OF DEVICES,"Tools and techniques are described to attach a device to a controller, whereby the controller analyzes the device inputs, looks up information about the device in a database, and then determines which inputs on the device match the defined device inputs. It then may translate information received from the device into an intermediate language. It may also use the information received from the device, the location of the device, and information about the device to create a digital twin of the device.",H05K7/14; F24F11/32; F24F11/49; F24F11/63; F24F11/88; G01R31/55; G05B13/02; G05B15/02; G05B19/048; G05B23/02; G06F1/3209; G06F1/3246; G06F3/041; G06F3/0482; G06F3/04847; G06F3/147; G06F8/41; G06F8/51; G06F8/53; G06F8/74; G06F9/4401; G06F30/12; G06F30/13; G06F30/18; G06F30/392; G06F111/04; G06F111/16; G06F113/04; G06F113/16; G06F115/12; G06Q30/0283; H02J3/00; H04B3/46; H04L43/50; H04L67/12; H04L67/125; H04L67/75; H04M3/30; H04W4/80; H04W84/00,H05K7/1465; H05K7/1468; H05K7/1465; H05K7/1468; H05K7/1477; H05K7/1481; G06F8/51; G06F3/04186; G05B19/048; H04M3/305; G05B15/02; G06F3/04847; G06F3/147; G06F30/392; G06F2113/04; G05B23/0216; H02J3/00; F24F11/63; H04W4/80; G06F30/13; G06F30/12; G06F2115/12; G06F3/0482; H04L67/125; G06F30/18; G06F8/436; G06F8/53; G06F8/74; F24F11/32; F24F11/88; F24F11/49; G05B23/0264; G05B23/0272; G05B13/0265; H04L67/12; G06F1/3209; G06F1/3246; G06F9/4418; H04W84/00; G06F2111/04; G06F2111/16; G06F2113/16; G06Q30/0283; H04B3/46; H04L43/50; H04L67/75; G01R31/55; H02J2105/12,,,2026
051-991-581-556-621,"EXTENDED KNUCKLE, SNOUT, AND AIMING DEVICE FOR RETROFITTING A LIGHTING SYSTEM WITH LED LIGHTS","An apparatus for retrofitting a HID lighting system with LED fixtures includes an aiming device for aiming the retrofit LED fixtures, a snout for spacing the retrofit LED fixtures away from a possibly interfering structure, and an extended knuckle for spacing the retrofit LED fixtures away from a possibly interfering structure.",H05K1/02; F16C11/10; F16M11/20; F21K9/20; F21K9/23; F21K9/235; F21K9/237; F21K9/238; F21K9/275; F21K9/278; F21K9/69; F21V5/00; F21V5/02; F21V5/04; F21V15/01; F21V17/10; F21V21/108; F21V21/116; F21V21/30; F21V23/00; F21V23/02; F21V23/06; F21V29/508; F21V29/70; F21W131/105; F21Y105/16; F21Y115/10; H02G3/08; H02G3/14; H02G3/16; H05K1/03; H05K1/14; H05K1/16; H05K1/18,H05K1/0203; H05K1/181; F21V29/70; Y10T403/32319; F21K9/20; F21K9/23; F21K9/275; F21K9/278; F21Y2105/16; F21K9/238; F21Y2115/10; F21K9/235; F21K9/69; F21K9/237; F16C11/103; F16M11/2064; F21V5/005; F21V5/02; F21V5/04; F21V5/048; F21V15/01; F21V17/10; F21V21/108; F21V21/116; F21V21/30; F21V23/001; F21V23/002; F21V23/006; F21V23/008; F21V23/026; F21V23/06; F21W2131/105; H02G3/081; H02G3/14; H02G3/16; H05K1/021; H05K1/0306; H05K1/144; H05K1/162; F21V29/508; H10W40/641,,,2026
030-684-618-620-278,FAN CONTROL FOR HEADSET COMPUTING DEVICE,"Circuits, methods, and apparatus that can control components of headset computing devices and other devices. An example can determine whether a headset computing device is being worn. If the headset computing device is not being worn, a fan can be stopped. If the headset computing device is being worn, a determination can be made as to whether a temperature of the headset computing device is above a first temperature. If it is, the fan can be turned on. If the temperature of the headset computing device is below the first temperature, the fan can be turned off.",H05K7/20; G06F1/16; G06F1/20,G06F1/203; G06F1/206; G06F1/163; G06F1/163; G06F1/203; H05K7/20209; H05K7/20972,,,2026
061-261-128-685-415,CONFIGURABLE CABLE MANAGEMENT DEVICE,"A cable management system and method are disclosed for organizing cables at the interface of a panel. A panel assembly integrates the cable management device along the front edge of the panel so that cables routed from the panel remain supported during operation. The system includes a cable management device having a base structure attachable to a front edge of the panel, a set of mounting posts extending from the base structure, and a set of support beams. Each support beam including a receiver removably engaging a respective mounting post and a cable support for guiding cables.",H05K7/14; F16L3/10; F16L3/22,H04Q1/06; F16L3/10; F16L3/221; H05K7/1491,,,2026
195-333-789-632-512,THERMAL MANAGEMENT FOR POWER SUPPLY DEVICE OF A DATA COMMUNICATION SYSTEM,"A power supply device includes a busbar that includes a support panel, a first busbar element extending along a first side of the support panel and a second busbar element extending along a second side of the support panel. The power supply device includes a shroud surrounding the busbar. The shroud includes shroud walls forming a busbar chamber receiving the busbar. The power supply device includes a heat exchanger coupled to the shroud. The heat exchanger includes an internal portion thermally coupled to the busbar. The heat exchanger includes an external portion exterior of the shroud cooled by convection cooling to dissipate heat from the busbar.",H05K7/20; H02G5/10,H05K7/20418; H05K7/20709; H02G5/10; H05K7/20254; H05K7/20481; H05K7/20127,,,2026
057-158-120-278-970,ELECTRONIC DEVICE AND MANUFACTURING METHOD FOR ELECTRONIC DEVICE,"An electronic device includes a substrate, a first through-hole penetrating the substrate, a capacitive element above the substrate, and a first conductor film. A first portion of the first conductor film traverses the substrate along a side wall of the first through-hole and a second portion of the first conductor film is in contact with the capacitive element.",H05K1/18; H05K1/11,H01G4/33; H10F39/811; H10D1/042; H10D1/716; H10W20/023; H10W20/20; H10W20/496; H10W72/248; H10W70/65; H10W70/654; H10W20/0234; H10W20/0242; H10W20/2134; H10W20/481; H10W20/216; H01G4/33; H10D1/042; H10D1/716; H10F39/811; H10W20/023; H10W20/20; H10W20/496; H10W72/20; H10W70/65; H10W70/654; H10W72/248; H05K1/115; H05K1/183; H05K1/185; H05K2201/10015,,,2026
096-012-023-565-823,"Elektrische Maschine für ein Kraftfahrzeug, Rotor für eine elektrische Maschine und Kraftfahrzeug","Elektrische Maschine (2) für ein Kraftfahrzeug (1), umfassend einen Stator (4) und einen bezüglich des Stators (4) rotierbar gelagerten Rotor (3) mit Rotorwicklungen (15) zur Erzeugung eines Rotormagnetfeldes, wobei seitens des Rotors (3) ein aktiver Gleichrichter (19) vorgesehen ist, der eine seitens des Rotors (3) vorliegenden Spannungsquelle mit den Rotorwicklungen (15) elektrisch verbindet und mittels dem eine von der Spannungsquelle bereitgestellte Wechselspannung in eine Gleichspannung umwandelbar ist, die im Zuge der Erzeugung des Rotormagnetfeldes durch die Rotorwicklungen (15) nutzbar ist, wobei der Gleichrichter (19) mehrere ansteuerbare Halbleiterbauelemente (35) umfasst und an oder in einem eine Wärmesenke bildenden Kühlabschnitt (27) des Rotors (3), der von einem Kühlfluid durchströmbar ist, angeordnet ist.",H02K9/19; B60K11/02; B60L50/51; H01F38/18; H02K1/32; H02K9/22; H02K11/042; H02K19/12; H02K19/38; H05K7/20,H02K11/042; H02M7/12; B60K11/02; H05K7/20218; H05K7/2039; H02K19/02; H02K7/006; H01F38/18; H02K11/042; H02K11/33; H02K1/26; H02K1/32; H02K2211/03; H02K19/12; H02K11/042; H02K11/33; H02K1/32; H02K2211/03; H02K7/006; H01F38/18; H02K1/26; H02K19/02,038-610-623-087-227; 128-335-949-756-389; 158-448-179-119-365; 040-644-797-209-412; 038-610-623-087-227; 040-644-797-209-412; 158-448-179-119-365; 128-335-949-756-389,,2026
140-782-191-153-224,MECHANISM FOR SECURING SERVER MODULE IN SERVER CHASSIS AND SERVER HAVING SAME,"A server or server chassis is disclosed. The server or server chassis includes a base having a slot configured to receive a server module on a base plate, a pair of levers coupled to the base, and a pair of adjustable pins coupled to the base plate. Each adjustable pin of the pair of adjustable pins is configured to engage with a corresponding one of the pair of levers, and each adjustable pin is movable relative to the base plate. In various embodiments, the adjustable pin includes a pin base; an elongated body coupled to the pin base and passing through a corresponding one of a pair of through-holes of the base plate; a locking ball positioned at a portion of the elongated body and configured to be in an expanded state or in a retracted state; and a cap coupled to the elongated body.",H05K7/14,H05K7/1489,,,2026
157-616-979-320-634,"Elektronische Schaltung zum Erzeugen, Aufbereiten und/oder Verarbeiten von hochfrequenten Signalen","Elektronische Schaltung zum Erzeugen, Aufbereiten und/oder Verarbeiten von Frequenzen von größer gleich 20 GHz umfassenden, hochfrequenten Signalen, miteiner Leiterplatte (1), undeinem oder mehreren jeweils für einen Frequenzbereich von größer gleich 20 GHz ausgelegten, auf der Leiterplatte (1) aufgelöteten HF-Bauteilen (3), deren HF-Bauteil-Anschlüsse (5) jeweils mittels einer ersten Lötung (7) mit einem zugehörigen auf der Leiterplatte (1) angeordneten Leiterplatten-Anschluss (9) verbunden sind,dadurch gekennzeichnet, dassdie ersten Lötungen (7) jeweils als mittels eines bleifreien, einen Wismut-Anteil von größer gleich 50 % aufweisenden ersten Lots mittels eines Reflow-Lötverfahrens, nämlich durch Vakuumlöten oder durch Dampfphasenlöten, erzeugte erste Lötung (7) ausgebildet sind.",H05K3/34; B23K1/19; H05K1/18; H05K13/04,H05K1/0243; H05K3/3415; H05K3/3494; H05K3/3465,156-513-839-300-828; 091-089-802-032-982; 110-678-141-623-47X; 198-081-062-553-988; 156-513-839-300-828; 091-089-802-032-982; 110-678-141-623-47X,,2026
072-964-537-476-438,CHIP THERMAL MANAGEMENT USING COOLANT DELIVERY TO AN EVAPORATIVE CHAMBER,"Integrated circuit (IC) devices employing thermal management of heat-generating dies.Heat may be removed from an IC die by supplying a coolant liquid to a chamber thermally coupled to the die and by discharging the coolant from the chamber as a vapor. Measured or provided die and/or coolant parameters may be used to control coolant flow. A device includes a porous structure in a chamber thermally coupled to an IC die, the chamber in a body having a first microchannel network configured for supplying liquid coolant to the chamber and a second microchannel network configured for removing vaporized coolant from the chamber. The chamber may include multiple supply openings for directing or controlling coolant to particular areas of the chamber and one or more associated dies. The chamber may include multiple exhaust openings for removing coolant from particular areas of the chamber.",H05K1/18; H10B80/00,H10B80/00; H05K1/181; H10W40/47; H10W40/22; H10W40/037; H10W70/65; H10W90/00; H10W90/794,,,2026
013-800-328-516-826,Cooling Device and PCB Housing Incorporating Same,A cooling device for cooling electronic components mounted on a circuit board in an electronic control unit. The cooling device includes an extruded profile defining at least one channel formed longitudinally therethrough between a first end edge and a second end edge. The at least one channel is configured to receive fluid coolant. The extruded profile is configured with a first side to serve as an outer wall of the electronic control unit and a second side to serve as an interface for cooling the electronic components mounted on the circuit board.,H05K7/20,H05K7/20254; H05K7/20872; H05K7/20254,,,2026
182-277-599-054-568,Display Module and Display Device Including the Same,"A display module includes a display panel, and a metal foam layer having multiple pores formed therein. The display panel, an adhesive layer and the metal foam layer include a bendable area and a non-bendable area, and wherein the bendable area includes an organic material layer.",H05K5/00; B32B3/26; B32B5/18; B32B7/12,H04M1/0214; H04M1/0268; G02F1/133305; B32B3/266; B32B7/12; B32B15/18; B32B2457/20; B32B2266/045; B32B3/263; B32B3/30; B32B5/18; G09F9/301; G06F1/1616; G06F1/1652; H05K5/0017; B32B5/18; B32B2266/045; B32B3/266; B32B2457/20; B32B7/12,,,2026
049-219-039-713-118,Vorrichtung zur Entwärmung eines Elektronikbauteils eines Kraftfahrzeugs sowie ein Verfahren zur Montage derselben,"Es werden eine Vorrichtung zur Entwärmung eines Elektronikbauteils (22) eines Kraftfahrzeugs sowie ein Verfahren zur Montage derselben vorgeschlagen, wobei die Vorrichtung zumindest eine Leiterplatte (12), zumindest ein auf der Leiterplatte (12) angeordnetes zu entwärmendes Elektronikbauteil (22), zumindest einen Kühler (16) zur Entwärmung des Elektronikbauteils (22), zumindest ein wärmeleitendes Element (24), das zwischen dem Elektronikbauteil (22) und dem Kühler (16) angeordnet ist, zumindest ein Gehäuse (11), welches die Leiterplatte (12) zumindest teilweise umschließt, umfasst, wobei auf einer Seite der Leiterplatte (12), auf der das Elektronikbauteil (22) angeordnet ist, gegenüberliegenden Seite der Leiterplatte (12) zumindest ein Versteifungselement (14) vorgesehen ist, das an der Leiterplatte (12) zu deren Versteifung angeordnet ist, wobei zumindest eine federnde Befestigung (18,20) vorgesehen ist zur Fixierung des Versteifungselements (14) zusammen mit der Leiterplatte (12) an dem Kühler (16) und/oder an dem Gehäuse (11), wobei die federnde Befestigung (18,20) auf das Versteifungselement (14) wirkt.",H05K7/20; H05K7/14,H05K7/2049; H05K7/20854; H10W40/60; H10W40/611,,,2026
052-631-145-462-589,POWER MODULE AND ENERGY STORAGE SYSTEM,"A power module is provided. The power module includes a housing, a connector, an inductor, a cold plate, and an air-liquid heat exchanger. The connector, the air-liquid heat exchanger, the cold plate, and the inductor are sequentially arranged inside the housing along a first direction. The housing includes a front plate and a rear plate. The front plate and the rear plate are oppositely arranged along the first direction. The connector is arranged between the air-liquid heat exchanger and the front plate along the first direction. The power module has a small size, and has good heat dissipation effect for various heat-generating components, and can reduce heat dissipation costs.",H05K7/20,H02M1/00; H02J15/00; H05K7/20; H05K7/2039; H05K7/20136; H05K7/20218; H01M10/613; H01M10/6563; H01M10/6568; H01M10/6556; H01M50/244; H01M50/204; H01M50/289; H02M7/003; H01M10/6554; H01M10/6556; H01M10/613; H01M10/6563; H01M10/6568; H01M50/204; H05K7/20909; H05K7/20609; H05K7/20927,,,2026
123-886-963-698-487,PRODUCTION ORDER DETERMINATION SYSTEM AND PRODUCTION ORDER DETERMINATION METHOD,"A system for determining a production order includes a first circuit board selection section, and a first circuit board determination section. The first circuit board determination section calculates a degree of commonality between component types of multiple components used when the circuit board of the board type selected by the first circuit board selection section is produced and component types of multiple components used when a circuit board of a board type not selected by the first circuit board selection section is produced, and determines a circuit board of a board type having the highest calculated degree of commonality in components as the circuit board of the board type to be produced next to the circuit board of the board type selected by the first circuit board selection section.",H05K13/08; G05B19/418,G05B19/41865; G05B2219/45026; H05K13/085; H05K13/085; G05B19/41865; G05B2219/45026,,,2026
075-007-241-529-267,"ELECTRONIC MODULE, ELECTRONIC COMPONENT AND METHOD FOR PROTECTING AND EMBEDDING ELECTRONIC COMPONENTS","The present invention relates to an electronic module, to an electronic component comprising the electronic module, and to a method for embedding and protecting electronic components, in particular for protection against the effects of temperature. An interaction between the geometric design of an injection-moulded body in combination with the chemical composition of the injection-moulded body enables a more uniform distribution of heat within the injection-moulded body to be ensured.",H05K5/06; B29C45/00; B29C45/14; G01D11/24; H05K3/28,B29C45/14639; G01D11/245; B29C45/14549; B29C45/0001; B29K2995/0013; B29K2077/00; B29K2067/00; B29K2075/00; B29C45/0013; H05K3/284; B29L2031/3481; H05K5/065,,,2026
171-955-199-004-87X,ELECTRONIC DEVICE AND CASE,"An electronic device includes a case including a coating layer on a surface of a base material. The coating layer includes a first coating layer that is provided on the base material and a second coating layer that includes a raw lacquer and is provided on the first coating layer. The first coating layer is configured to improve adhesion between the base material and the first coating layer and between the first coating layer and the second coating layer. The second coating layer has a first area and a second area where the second coating layer is thinner than in the first area, and is configured such that a paint color of the first coating layer is visible through the second coating layer in the second area.",H05K5/02,H05K5/02,,,2026
150-815-773-721-456,積層体,,B32B27/18; C23C18/28; H05K3/18; H05K3/38,B32B15/08; B32B15/088; B32B27/34; B32B27/18; C23C18/1653; C23C18/165; C23C18/31; C23C18/2086; C25D5/56; C23C18/30; H05K3/022; H05K1/0393; H05K3/387; H05K2203/0716; B32B27/18; B32B27/281; C23C18/28; H05K3/18; H05K3/38; B32B3/08; B32B15/088; B32B27/34; C23C18/28; H05K1/036; H05K3/0064; H05K3/381; H05K2203/061; H05K2203/0716; H05K2203/072,,,2026
187-336-467-558-018,RESIN LAMINATED BOARD AND METHOD FOR MANUFACTURING RESIN LAMINATED BOARD,"A resin laminated board includes resin layers laminated on one another and conductors located outside and inside the laminated resin layers. The resin layers include a first resin layer, a second resin layer, and a third resin layer sequentially laminated on one another. The conductors include first conductor layers, second conductor layers, and interlayer connection conductors. The first conductor layers are located at a lower main surface of the first resin layer. The second conductor layers or the interlayer connection conductors that overlap a portion of the first resin layer when viewed in a thickness direction of the third resin layer are located at the third resin layer. The second resin layer is a thermoplastic resin, and a melting point of the second resin layer is lower than a melting point of the first resin layer. At least the second resin layer includes air bubbles.",H05K1/02; H05K1/03; H05K1/11; H05K1/185; H05K3/46,H05K3/46; H05K1/024; H05K1/036; H05K1/115; H05K1/185; H05K3/4632; H05K2201/0129; H05K2201/0195; H05K2201/093; H05K2201/10098,,,2026
188-145-298-830-985,RACK COLUMN ASSEMBLY FOR A DATA CENTER AND METHOD FOR ASSEMBLY THEREOF,"A method for assembling a rack column assembly including: positioning a first data center rack on a support surface; stacking a second data center rack atop the first data center rack; placing a first vertical column on a first lateral side of the data center racks; after said stacking, placing a second vertical column on a second lateral side of the data center racks; connecting the first vertical column to the data center racks by fastening first lateral side attachment brackets to the data center racks; and connecting the second vertical column to the data center racks by fastening second lateral side attachment brackets to the data center racks, the first lateral side attachment brackets and the second lateral side attachment brackets limiting movement of the data center racks in a depth direction of the rack column assembly.",H05K7/14,H05K7/1488; H05K7/18; H05K7/1489; H05K7/1492; H05K7/1497,,,2026
117-302-545-333-275,POSITION DETECTION USING A CAPACITIVE SENSOR,"An expansion board includes a printed circuit board (PCB), an electronic subsystem and a connector for receiving power from, and communicating with, a motherboard. The expansion board also includes a capacitive sensor for close non-contact alignment with a unique pattern of inwardly-directed protrusions formed in a metal wall of a chassis containing the motherboard when the connector is fully seated in an expansion slot on the motherboard. The capacitive sensor is configured to detect changes in capacitance at each location of a protrusion in the unique pattern when the capacitive sensor is positioned in close non-contact alignment with the unique pattern. Furthermore, the expansion board comprises a microcontroller connected to the output of the capacitive sensor to receive from the capacitive sensor an output signal identifying the relative positions of the protrusions.",H05K1/11; H05K1/14,H05K1/117; H05K2201/10151; H05K1/141,,,2026
028-741-453-455-679,HEAT SINK HAVING NON-STRAIGHT FINS FOR ORIENTING A FLOW OF AN IMMERSIVE COOLING FLUID,"A heat sink for collecting thermal energy from a heat generating component. The heat sink comprises a base comprising a thermal transfer surface configured to be placed in thermal contact with the heat-generating component, an external surface opposite from the thermal transfer surface and an inlet side of the base extending between an edge of the thermal transfer surface and an edge of the external surface and a plurality of fins extending from the external surface. The fins define a plurality of fin passages therebetween, at least one fin of the plurality of fins having non-straight longitudinal edges extending along the external surface and defining at least in part at least one non-straight fin passage.",H05K7/20; G06F1/20,H05K7/1401; H05K7/1485; H05K7/20236; G06F1/20; G06F1/206; G06F2200/201; H05K7/20236; H05K7/20772; H05K7/20781; H05K7/20809; H05K7/20818; H10W40/226; H10W40/30; H10W40/47; H05K7/203; H05K7/20327; H05K7/20681; H10W40/73; H05K7/20236; G06F1/20; H05K7/20781; H05K7/20772; H05K7/20272; H10W40/30,,,2026
066-225-101-521-764,HEATER FOR EXPANSION CARD BRACKET,An expansion card bracket for allowing operation of an expansion card in extreme cold conditions is disclosed. The expansion card bracket includes a base plate having a top surface to hold the expansion card. An aperture is formed through the base plate. A heater module with a thin film heater is attached to the base plate. The heater module is aligned with the aperture to heat an area of the expansion card. A thermal pad is inserted between the thin film heater and the expansion card. The expansion card bracket allows the heater module to be attached after the installation of the expansion card to allow for better thermal transmission and to prevent inadvertent damage or misalignment of the thermal pad.,H05K7/20; F16B5/02,F16B5/02; H05K7/20709,,,2026
145-126-067-073-346,A Cooling Apparatus,"A cooling apparatus for a photovoltaic panel, the apparatus comprising a thermally transmissive PV contact element; a backing sheet coupled to one side of the PV contact element; and one or more electric fans, wherein the thermally transmissive PV contact element includes planar PV contact portions and defines a plurality of air channels therein; wherein the backing sheet carries the or each electric fan; and wherein the or each electric fan generates an airflow along the channels defined by the PV contact element.",H02S40/42; H05K7/20,H02S40/425; F24S25/40; H10F77/68; Y02E10/50; H02S40/425; H05K7/20145; H05K7/20209,,,2026
133-118-066-291-960,DISPLAY DEVICE,"A display device includes: a display substrate having a display area and a pad area at one side of the display area; an optical layer on the display area of a first surface of the display substrate; a circuit board on the pad area of the display substrate; and a first sealing material on the pad area of the display substrate to cover the circuit board. The circuit board has: a first portion attached to the first surface of the display substrate, a second portion bent downwardly from the first surface and attached to another surface of the display substrate, and a third portion bent between the first portion and the second portion. The first sealing material covers at least some of the first portion and the third portion.",H10H20/85; H10H20/854; H10H20/857,H05K3/28; H05K1/189; H10H20/819; H10H20/857; H10W90/00; H10K50/8426; H10K71/50; H10K50/85; H10K50/86; H10K50/844; H10H20/8506; H10H20/854; H10H20/857,,,2026
127-508-795-376-311,"INFORMATION ACQUISITION ASSEMBLIES, BATTERY PACKS AND ELECTRICAL DEVICES","An information acquisition assembly includes a circuit board and a conductive bar. The circuit board includes a circuit board body and a plurality of circuit board branches. The conductive bar includes a plurality of conductive components. At least one of the circuit board branches is electrically connected between the circuit board body and one of the conductive components, and is separate from the circuit board body and the one of the conductive components.",H05K1/11; H05K1/02,H01M10/425; H01M50/519; H05K3/328; H01M50/569; H05K1/147; H05K1/0271; Y02E60/10; H05K1/0296; H05K1/115,,,2026
141-722-904-749-207,THERMALGRUNDPLATTE MIT VARIABLER STEUERUNG DES IONISIERTEN FLUIDSTROMS AUS EINEM RESERVOIR,"Eine Thermalgrundplatte (TGP), aufweisend: eine Dampfkammer, die ein ionisiertes Fluid enthält; ein fluidisch mit der Dampfkammer verbundenes Reservoir, das dazu eingerichtet ist, überschüssiges ionisiertes Fluid zu speichern; und eine elektromagnetische Quelle, die dazu eingerichtet ist, basierend auf einem thermischen Widerstand des ionisierten Fluids in der Dampfkammer oder einer Temperatur der TGP an einer Position in der Nähe einer Wärmequelle eine variable Menge des überschüssigen ionisierten Fluids aus dem Reservoir in die Dampfkammer dynamisch zu leiten.",G06F1/20,G06F1/20; H05K7/20327; H05K7/20309; G06F1/203; G06F2200/201; F28D15/046; F28F3/12; F28D2021/0029; H10W40/73; H05K7/20327; H05K7/20381; H05K7/20318; H05K7/20309,,,2026
051-957-128-664-027,Entlüftungsvorrichtung mit Antenne,"Entlüftung (1) zum Anbringen an einer Gehäusewand (2) mit einer Öffnung (12), wobei die Entlüftung (1) Folgendes umfasst:einen Körperabschnitt (3), der eine Wand (4) mit einer Innenfläche (5) umfasst, die mindestens einen Teil eines zentralen Entlüftungsdurchgangs (6) definiert, um Gas zu ermöglichen, durch die Entlüftung (1) zu strömen,Befestigungsmittel (9) zum Befestigen der Entlüftung (1) an der Gehäusewand (2),eine Abdeckung (22), die an einem ersten axialen Ende (19) des Körperabschnitts (3) angeordnet ist, um den zentralen Entlüftungsdurchgang (6) abzudecken,mindestens eine Öffnung (25) an einem ersten axialen Ende (19) des Körperabschnitts (3) für den Austritt von Gas aus der Entlüftung (1),wobei eine Antenne (7) an der Innenfläche der Wand (4) des Körperabschnitts (3) befestigt ist.",H05K5/06; B01D35/02; F16K17/00; F16K24/00; H01Q1/00; H05K5/02,H05K7/20; H05K5/03; H05K5/0216; F16K24/04; H05K5/0213,083-158-160-545-319; 035-569-802-018-971; 153-069-537-296-715; 036-758-963-784-596; 142-200-030-709-471; 153-069-537-296-715; 083-158-160-545-319; 035-569-802-018-971; 142-200-030-709-471,,2026
156-404-508-562-679,CONNECTION ELEMENT FOR ELECTRICALLY CONNECTING ELECTRONIC ELEMENTS,"The invention relates to a connection element (10) for electrically connecting electronic elements (11, 12), comprising a first connection region (1), which is designed for connection to a first electronic element (11), and a second connection region (2) which is designed for connection to a second electronic element (12), wherein each connection region (1, 2) is in the form of a sheet, wherein the first connection region (1) is in a first connection plane (21), and wherein the second connection region (2) is located at a distance from the first connection plane (21).",H01R4/02; H01R12/52,H05K7/14329; H02M7/003; H01R12/52; H01R12/57; H10W72/60; H05K7/14329; H01R12/52; H01R12/57; H02M7/003; H10W72/60; H01R4/02; H01R12/52,,,2026
020-571-038-177-982,CIRCUIT BOARD AND FABRICATING METHOD OF THE SAME,"A circuit board and a fabricating method of the same are provided. The circuit board includes multiple first wiring layers, a plated through hole, a filling material, a cover wiring layer, a second wiring layer and a conductive structure. The plated through hole extends through the first wiring layers and is electrically connected to the first wiring layers. The filling material is disposed in the plated through hole. The cover wiring layer covers the plated through hole and is electrically connected to the plated through hole. The second wiring layer is stacked on the first wiring layers and the cover wiring layer. The conductive structure extends through the cover wiring layer to the filling material from the second wiring layer and is inserted in the filling material. The conductive structure does not penetrate the filling material.",H05K1/11; H05K1/02; H05K3/10; H05K3/42,H05K1/115; H05K1/0298; H05K2203/107; H05K3/107; H05K2201/09509; H05K3/429,,,2026
164-013-356-164-12X,DISPLAY DEVICE,"A display device includes a frame, a flexible display module, a conveying mechanism, and a support mechanism. The flexible display module is bendably folded in a receiving trough and has a lateral side. The conveying mechanism includes a conveying assembly and a chain assembly. The chain assembly is disposed on the flexible display module. The conveying mechanism is disposed in the frame and is adapted to drive the chain assembly to move. The support mechanism is disposed on the frame and is pivotally connected to the lateral side. In a folding mode, the conveying mechanism drives the chain assembly to move in a folding direction so that the flexible display module bendably moves into a receiving trough in the folding direction. In an unfolding mode, the conveying mechanism drives the chain assembly to move in an unfolding direction so that the flexible display module moves out of the receiving trough.",H05K5/02,H05K5/0217,,,2026
126-365-427-757-856,METHOD FOR MANUFACTURING THREE-DIMENSIONAL ELECTRICALLY CONDUCTIVE STRUCTURE,"A method for manufacturing a three-dimensional electrically conductive structure (100). A substrate (S) is provided with a structure (10) comprising a set of core structures (10p), each respective core structure (10p) extending with a respective height (10H) above a surface of the substrate (S). A conductive seed layer (11) is applied to the substrate (S). A mask layer (12) is applied by coating to the conductive seed layer (11). The mask material (12m) forms a mask pattern masking the conductive seed layer (11) at respective masked areas (12p) of the substrate (S). The conductive seed layer (11) is exposed at respective exposed areas (12e,12e'). Additional electrically conductive material (13m) is grown on the conductive seed layer (11) at the respective exposed areas (12e,12e'), including the conductive seed layer (11) covering the set of core structures (10p) to form part of the three- dimensional electrically conductive structure (100).",H05K3/40; H05K1/02; H05K1/11; H05K3/46,H05K3/4647; H05K3/4644; H05K3/4038; H05K2201/09045; H05K1/115; H05K1/0222,,,2026
070-208-933-620-941,PACKAGE STRUCTURE,A package structure and a method of manufacturing a package structure are provided. The package structure includes a first electronic component and a flexible carrier. The first electronic component has an upper surface. The flexible carrier adjustably fastens the first electronic component. The flexible carrier defines a zone above the upper surface of the first electronic component and tapering in a direction away from the first electronic component.,H05K1/02; H05K1/18; H05K3/34; H05K3/46,H05K1/028; H05K1/185; H05K1/0271; H05K3/4644; H05K3/341; H10W74/10; H10W74/15; H10W90/724; H10W90/734,,,2026
061-261-376-414-569,ELECTRONIC DEVICE,"An electronic device is disclosed. The electronic device includes a first housing, a second housing, a third housing, a first hinge mechanism, and a second hinge mechanism. The first housing is rotatably connected to the second housing through the first hinge mechanism, and the second housing is rotatably connected to the third housing through the second hinge mechanism. When the electronic device is used, the first housing and the second housing are rotatable toward or away from each other under action of the first hinge mechanism, and the second housing and the third housing are rotatable toward or away from each other under action of the second hinge mechanism, so that the electronic device can be folded and unfolded based on different usage scenarios.",G06F1/16,G09F9/301; H05K5/0217; G09F9/301; G06F1/1616; G06F1/1652; G06F1/1681,,,2026
074-563-163-339-839,NON-UNIFORM HEATSINK FIN GEOMETRY FOR INCREASED THERMAL PERFORMANCE,"According to various embodiments, a heatsink includes: a plurality of cooling fins, wherein a first cooling fin included in the plurality of cooling fins has a first portion with a first height and has a second portion with a second height that is less than the first height, and wherein the first height and the second height are defined in a direction that is parallel with a direction of cooling air flowing across the plurality of cooling fins.",H05K7/20; G06F1/20,G06F1/20; H05K7/20154,,,2026
122-283-781-113-047,METHOD FOR MANUFACTURING WIRING SUBSTRATE,"A method for manufacturing a wiring substrate includes preparing a support substrate having a metal film layer, forming a plating film layer including an alignment pattern on the metal film layer, forming an insulating layer such that the insulating layer covers the plating film layer, irradiating the insulating layer with laser based on position information obtained from the alignment pattern in the plating film such that a through hole penetrating through the insulating layer is formed, and filling the through hole formed in the insulating layer with conductor such that a via conductor is formed in the insulating layer. The forming of the plating film layer includes causing specular reflectance of light of a predetermined wavelength at an upper surface of the metal film layer formed on the support substrate to differ from specular reflectance of light of the predetermined wavelength at an upper surface of the plating film layer.",H05K3/40,H05K3/4038,,,2026
038-024-772-784-761,MAGNETIC ELEMENT AND MANUFACTURING METHOD THEREOF,"A magnetic element includes a magnetic core assembly and a winding assembly. The magnetic core assembly includes a first magnetic part and a second magnetic part arranged independently. The winding assembly includes a first winding. The first winding is wound around the first magnetic part. Moreover, at least a portion of a substrate is formed as the first winding. The substrate includes a first accommodation space, a second accommodation space and a first metal structure. Moreover, at least a portion of the first metal structure is formed as at least a portion of the first winding. At least a portion of the first magnetic part and at least a portion of the second magnetic part are disposed within the first accommodation space and the second accommodation space, respectively. The substrate has an integral structure.",H01F41/02; H01F27/24; H01F27/30; H01F27/32; H05K1/16,H01F27/34; H01F27/306; H01F41/02; H01F41/04; H01F27/2804; H01F27/266; H01F27/263; H01F41/043; H01F2027/2809; H01F27/24; H01F27/306; H01F27/324; H01F41/0206; H05K1/165,,,2026
085-667-398-178-844,"LASER HEATING MODULE, CENTRALIZED UNIFORM HEAT DISSIPATION DEVICE, LASER HEATING DEVICE AND CIRCUIT DRIVE BOX","Provided is a laser heating device, including: a housing, provided with an accommodating cavity, and an opening and a gas-filling port respectively communicating with the accommodating cavity; a laser assembly, arranged in the accommodating cavity, wherein the laser assembly comprises an irradiation member arranged corresponding to the opening, the irradiation member being capable of emitting light through the opening; and a heat dissipation unit, arranged in the accommodating cavity for dissipating heat from the irradiation member; wherein the gas-filling port is configured to be connected to a gas-filling device.",H01S5/024; H01S5/40,H05B3/06; H01S3/04; H10W40/47; H05B3/06; H01S3/04; H05K7/20; G02B6/42; H05B3/04; H01S5/02423; H01S5/02469; H01S5/4025,,,2026
179-736-452-433-936,Möbelstück mit Platinenanordnung,"Möbelstück (10), aufweisendeinen Grundrahmen (12);eine Sitzbaugruppe (14), die von dem Grundrahmen (12) getragen wird;einen Motor (24, 26), der zum Antrieb zumindest einer Komponente (16, 20, 22) der Sitzbaugruppe (14) betreibbar ist; undeine Platinenanordnung (30), die eine Platine (32) und ein Gehäuse (34) umfasst, wobei die Platine (32) in dem Gehäuse (34) untergebracht ist und mit dem Motor (24, 26) in Verbindung steht, wobei das Gehäuse (34) einen Körper (43), einen ersten, an dem Körper (43) angebrachten Clip (44) und einen zweiten, an dem Körper (43) angebrachten Clip (46) umfasst, und wobei der erste und der zweite Clip (44, 46) elastisch flexibel sind und lösbar mit einem Träger (52) der Sitzbaugruppe (14) in Eingriff stehen,wobei jeder von dem ersten und zweiten Clip (44, 46) ein festes Ende (54) und ein freies Ende (56) umfasst, wobei die festen Enden (54) integral mit dem Körper (43) ausgebildet sind und wobei die freien Enden (56) relativ zu dem Körper (43) und den festen Enden (54) beweglich sind,dadurch gekennzeichnet, dassdas Gehäuse (34) eine flexible Lasche (50) umfasst, die zwischen dem ersten und dem zweiten Clip (44, 46) angeordnet ist, und wobei die flexible Lasche (50) ein freies Ende (70) umfasst, das in eine in dem Körper (43) ausgebildete Öffnung (72) bewegbar ist.",A47C1/034,H05K5/15; H05K5/15; H05K5/0204; H05K7/1427; H05K5/0247; A47C31/008; A47C7/5068; A47C7/748; A47C1/0242,113-307-445-235-050; 192-638-775-107-029; 041-207-737-327-32X; 093-270-212-513-208; 172-618-735-497-647; 096-921-414-534-125; 070-098-094-430-869; 172-618-735-497-647; 192-638-775-107-029; 070-098-094-430-869; 041-207-737-327-32X; 093-270-212-513-208; 113-307-445-235-050; 096-921-414-534-125,,2026
053-044-456-374-017,ハイブリッドコア構造を有する半導体パッケージ構造、および、その製造方法,,H10W70/685; H05K3/46,H05K2201/068; H05K1/181; H10W70/695; H10W74/117; H10W70/635; H10W70/611; H10W70/685; H10W90/401; H10W90/00; H05K3/4626; H05K2201/068; H10W70/635; H10W40/22; H10W70/60; H10W70/65; H10W70/611; H10W74/00; H10W90/00; H10W72/923; H10W72/9223,,,2026
199-105-001-702-206,DISPLAY DEVICE,"To provide a display device including a flexible panel that can be handled without seriously damaging a driver circuit or a connecting portion between circuits. The display device includes a bent portion obtained by bending an element substrate. A circuit for driving the display device is provided in the bent portion and a wiring extends from the circuit, whereby the strength of a portion including the circuit for driving the display device is increased and failure of the circuit is reduced. Furthermore, the element substrate is bent in a connecting portion between an external terminal electrode and an external connecting wiring (FPC) so that the element substrate provided with the external terminal electrode fits the external connecting wiring, whereby the strength of the connecting portion is increased.",H10D86/40; G02B26/02; G02F1/1333; G02F1/1345; G02F1/1368; G02F1/167; G06F1/16; G09G5/00; H05K1/02; H10D86/60,G02F1/133305; G02F1/13454; G06F1/1652; G02F1/167; Y02E10/549; H10D86/411; H10D86/60; G02F1/133305; G02F1/13454; G06F1/1652; H10D86/60; H10D86/411; H10W42/121; H05K1/028; G02B26/026; G02F1/1368; G02F1/167; G09G5/003; G09G2310/0202; G09G2310/0267,,,2026
130-337-006-194-844,Platineneinheit,"Platineneinheit (1), aufweisend:eine Schaltungsanordnung (10) mit einer Schaltungsplatine (20) und einer Stromschiene (30), die auf einer Seite der Schaltungsplatine (20) angeordnet ist; undein Gehäuse (40), das ein rahmenartiges Gehäuse (42), eine obere Abdeckung (44) und ein Wärmeabgabeelement (50) enthält, wobei das rahmenartige Gehäuse (42) einen Aufnahmeraum zur Aufnahme der Schaltungsplatine (20) bildet, wobei die Schaltungsanordnung (10) durch eine obere Öffnung des rahmenartigen Gehäuses (42) in das rahmenartige Gehäuse eingeführt ist, wobei die obere Abdeckung (44) die obere Öffnung abdeckt, wobei das Wärmeabgabeelement (50) als Bodenplatte zum Verschließen einer unteren Öffnung des rahmenartigen Gehäuses (42) dient, undwobei die Stromschiene (30) umfasst:einen Hauptabschnitt (32), mit dem die Schaltungsplatine (20) zusammengefügt ist, undmehrere zugewandte Abschnitte (340), die die einer Oberfläche des rahmenartigen Gehäuses (42) zugewandt sind,dadurch gekennzeichnet, dassdie zugewandten Abschnitte (340) von gegenüberliegenden Seiten des Hauptabschnitts (32) abstehen, unddie zugewandten Abschnitte (340) und das rahmenartige Gehäuse (42) eine Verriegelungsstruktur zum In-Eingriff-Bringen der zugewandten Abschnitte (340) und des rahmenartigen Gehäuses (42) miteinander umfassen, um die Schaltungsanordnung (10) an einer vorbestimmten Position in dem rahmenartigen Gehäuse (42) zu halten.",H05K7/02; H02G3/14; H02G3/16; H05K7/06; H05K7/14,H02G3/14; H02G3/16; H05K7/06; H05K7/06; H02G3/16; H02G3/14; H01R12/718; H05K1/0263; H05K2201/10272,166-118-932-753-453; 037-506-312-992-549; 165-767-319-186-597; 032-042-330-395-911; 165-767-319-186-597; 166-118-932-753-453; 037-506-312-992-549,,2026
094-045-644-897-474,BONDING HEAD AND BONDING APPARATUS INCLUDING THE SAME,"A bonding head includes a first frame, a second frame, a first linear transfer unit, a third frame, a second linear transfer unit, and a head unit. The first linear transfer unit may move the second frame relative to the first frame in a third direction. The second linear transfer unit may move the third frame relative to the second frame in a second direction. The head unit may be coupled to the third frame. A first distance from a first centerline of the first linear transfer unit to a first end of the second frame in the first direction may be greater than a second distance from the first centerline of the first linear transfer unit to a second end of the second frame in the first direction.",H05K3/30; B30B15/00; B30B15/06,H05K3/305; B30B15/064; H05K2203/1105; H05K2203/0195; B30B15/0052,,,2026
008-746-707-313-732,パッドを有するプリント回路基板及び通信装置,,H05K1/02; H05K3/46,H05K1/0213; H05K1/111; H05K1/0245; H05K1/0253; H05K2201/093; H05K2201/0969; H05K1/114; H05K2201/10628; H05K1/116; H05K2201/09718; H05K1/0225; H05K2201/10757; H05K3/429; H05K3/3426; H05K1/0242; H05K1/11,,,2026
138-739-957-667-566,Fan Control Setting Generation Using Machine Learning,"The disclosure describes system, devices, and methods for fan speed control. In an example implementation, a method for operating a computer-implemented service is provided. The method includes obtaining sensor data from one or more sensors in a data storage environment. The sensor data includes temperature data associated with storage devices in the data storage environment. The method also includes providing an input (e.g., the sensor data) to a machine learning model trained to predict fan control settings of a fan in the data storage environment, determining the fan control setting based on an output from the machine learning model, and controlling the fan based on the fan control setting.",H05K7/20; G06N20/00,G06N20/00; H05K7/20209,,,2026
111-063-639-196-060,SYSTEM AND METHOD FOR MONITORING LIQUID COOLANT IN AN INFORMATION HANDLING SYSTEM,A system includes a cooling distribution unit and an information handling system. The information handling system includes a cooling plate in fluid communication with the cooling distribution unit. The cooling distribution unit selectively circulates liquid coolant through the cooling plate. The information handling system further includes a leak sensor to detect the presence of liquid coolant leaks and a processor to communicate with the leak sensor and the cooling distribution unit. The process monitors the information handling system for leak detection via the leak sensor and diverts fluid flow from the cooling distribution unit away from the cooling plate when a leak is detected.,H05K7/20; G06F1/20,H05K7/20281; H05K7/20254; G06F2200/201; G06F1/206; G06F1/203; H05K7/20272,,,2026
159-898-666-248-011,IDENTIFIZIERUNG VON ABWEICHUNGEN BEI DER ZUSAMMENSTELLUNG VON BAUTEILEN,"Ein nicht-transitorisches, maschinenlesbares Speichermedium (300, 504), das Anweisungen enthält, die bei der Ausführung ein System (500) dazu veranlassen:Bilddaten zu empfangen, die von einer oder mehreren Kameras (106, 110) einer Baugruppe mit Komponenten erfasst wurden;eine erste Darstellung der Baugruppe auf der Grundlage der Bilddaten abzuleiten, wobei die erste Darstellung ein Format aufweist, das sich von einem Bildformat der Bilddaten unterscheidet, und wobei die erste Darstellung geometrische Profile der Komponenten in der Baugruppe umfasst, und geometrische Informationen Koordinaten der geometrischen Profile umfassen, wobei die geometrischen Profile unterschiedliche Formen der Komponenten darstellen, wobei die unterschiedlichen Formen ein Rechteck für eine erste Komponente und einen Kreis für eine zweite Komponente umfassen, und die geometrischen Informationen für das geometrische Profil, das den Kreis für die zweite Komponente darstellt, einen Radius des Kreises und Koordinaten eines Mittelpunkts des Kreises umfassen;eine zweite Darstellung der Baugruppe abzuleiten auf der Grundlage von Layoutinformationen (210), die ein Layout von Komponenten darstellen, Informationen zur Komponentenplatzierung (214), die angeben, wo die Komponenten in der Baugruppe platziert werden sollen, und Produktionsinformationen, die angeben, ob ein optionaler Abschnitt der Baugruppe mit Komponenten bestückt wird, gemäß einer auftragsbezogenen Produktion der Baugruppe, wobei die zweite Darstellung Platzierungsortinformationen und geometrische Profile der Komponenten in der Baugruppe umfasst;;die erste Darstellung mit der zweiten Darstellung zu vergleichen, um eine Abweichung zwischen der ersten Darstellung und der zweiten Darstellung zu identifizieren, wobei die Abweichung einer Änderung der Anordnung der Komponenten entspricht; undeine Maßnahme zur Beseitigung der festgestellten Abweichung einzuleiten.",G06Q50/04; G06V10/74; H05K13/08,G06T7/0004; G06T3/4038; G06T2207/30141; G06T2207/20221; H05K13/081; H05K13/083; G06T7/001; G06T2207/30141; H05K13/081; H05K13/083; G06T2207/30141; G06T7/001; G06T7/73; G06T7/0004,113-295-730-270-335; 147-849-008-248-005; 172-599-413-634-046; 059-981-074-643-79X; 049-558-050-446-184; 169-330-517-052-550; 086-413-264-555-874; 086-413-264-555-874; 147-849-008-248-005; 169-330-517-052-550,,2026
169-645-731-252-162,ELECTRONIC DEVICE AND MULTI-CONTACT CONNECTOR FOR USE THEREWITH,"A multi-contact connector and an electronic device incorporating same include a base member, first and second sets of electrical contacts, and electrical conduits. The base member defines apertures and includes a first side, a second side, and at least one sidewall. The apertures in the base member are distal from the one or more sidewalls. Electrical contacts of the first set are positioned in the base member apertures such that at least a portion of each electrical contact is exposed on the second side of the base member. Electrical contacts in the second set are positioned on the second side of the base member proximate to the sidewall(s) of the base member. Each electrical conduit couples an electrical contact of the first set to a corresponding electrical contact of the second set to form a pair of coupled contacts. Use of the connector permits a lower profile electronic device.",F21V23/06; F21V23/00; F21W131/103; H01R33/20; H01R33/76; H01R33/945; H05K5/02,H01R12/712; H01R12/7047; H01R12/7052; H05K5/0069; H01R13/5202; H01R13/04; H01R13/5216,,,2026
108-644-725-579-09X,KÜHLEINRICHTUNG FÜR LEISTUNGSMODULE,"Das Kühlen von Leistungsmodulen, die in Hochleistungssystemen wie Dreiphasenwechselrichtern verwendet werden, kann eine Kühleinrichtung erfordern, die schwerer ist als für manche Anwendungen, wie Elektrofahrzeuge, gewünscht. Es wird eine Kühleinrichtung offenbart, die in einem gewichtsreduzierten Package ausreichende Kühlung bereitstellen kann. Darüber hinaus werden Zusammenbauverfahren offenbart, die die Kühleinrichtung robuster gegenüber Stößen und Schwingungen machen, denen Elektrofahrzeuge ausgesetzt sein können.",H02M1/00; H10W40/47,H05K7/20927,,,2026
193-909-516-438-964,SUPPORT STRUCTURE INCLUDING CONDUCTIVE PATHS AND ELECTRONIC DEVICE HAVING THE SAME,,H05K1/11; G06F1/16; G06F1/20; H01Q1/24; H04M1/02; H05K1/05; H05K1/14; H05K7/20; H05K9/00,H04M1/0262; H04M1/0266; H04M1/0274; H04M1/0277; G06F1/1626; G06F1/1643; G06F1/1656; G06F1/1698; G06F1/20; H04M1/0277; H05K1/05; H05K1/144; H05K1/148; G06F2203/04105; H05K2201/0311; H05K2201/042; H05K2201/10166; H01Q1/243; H04M1/0249; H04M1/0277; H04M1/0274; H04M2250/22; G06F1/1658; H05K1/028; G06F1/1637; H05K7/1427; H05K2201/09227; H05K1/181; G06F1/1635; G06F1/203; H05K5/03; G06F1/1656; G06F1/20; H04M1/0277; H05K2201/0311; G06F1/1626; H01Q1/243; H05K2201/042; G06F1/1643; G06F2203/04105; G06F1/1698; H05K2201/10166; H05K1/144; H05K1/148; H05K1/05; H02J7/00,,,2026
161-549-050-123-372,PROTECTOR STRUCTURE FOR ELECTRICAL COMPONENT,,B60K1/00,B60K1/00; B60Y2306/01; B60R16/0215; H05K5/0217,,,2026
160-737-162-149-894,ELECTRICAL DEVICE,,H05K7/14,H05K7/14322,,,2026
053-352-519-885-012,RETAINER FOR A PORT OF AN ENCLOSURE CONFIGURED TO GRIP A CABLE SO AS TO LIMIT TENSION STRAIN ON THE CABLE,,G02B6/38; H02G3/22; H02G15/007,H02G15/007; H02G3/22; G02B6/3897; G02B6/444; F16L5/02; H05K5/0247,,,2026
011-609-634-463-883,"METHOD FOR MAKING COVER PLATE, COVER PLATE AND ELECTRONIC DEVICE",,A61B5/02; A61B5/00; A61B5/0205; A61B5/024; A61B5/1455; B29C70/88; G04G17/00; G04G21/02; G06F1/16,H05K5/0217; H05K5/03; G06F1/163; G06F1/1656; G06F1/1684; G04G17/00; G04G21/025; A61B5/681; A61B5/02416; A61B5/14551; A61B5/0205; A61B2562/16; A61B2562/12; A61B2562/185; B29C70/88; A61B5/14552; A61B2562/0238; A61B2562/12; A61B2562/185; H05K5/03,,,2026
036-678-886-789-595,IPD ADJUSTMENT FOR DISPLAY DEVICES,,G02B27/01,G02B27/0176; G02B2027/0181; G02B27/0179; H05K5/0217; H05K7/14,,,2026
052-351-216-902-304,SELF-EXTENDABLE INTERCONNECT STRUCTURES FOR SURFACE MOUNT SEMICONDUCTOR DEVICES,"In an embodiment, a semiconductor device includes a wiring substrate. A chip, such as microchip, integrated circuit device, a semiconductor die, or the like is on a first surface of the wiring substrate. A plurality of protruding portions are on a second surface of the wiring substrate. Each protruding portion includes a solder reservoir space therein that can contain or be filled with solder so as to permit solder from the reservoir space to flow outward in a solder reflow process for bonding the semiconductor device to a circuit board or the like. The solder from the reservoir is available to compensate for differences in gap distances between the semiconductor device and a circuit board or the like that arise in the manufacturing of electronic devices when attempting to bond a semiconductor device to a circuit board. The protruding portions may comprise tubes, posts, pairs of plates, or the like.",H05K1/11; H05K3/34,H05K3/3436; H05K1/111; H10W70/093; H10W74/117; H10W90/701; H10W72/072; H10W72/234; H10W72/07236; H10W72/232; H10W90/701; H10W70/65; H10W70/66,139-972-432-616-704; 095-482-174-023-714; 062-763-462-992-521; 074-369-305-513-048; 153-150-963-635-773; 153-759-068-544-47X,,2026
133-437-093-245-888,INTEGRATED CIRCUIT PACKAGES INCLUDING A GLASS-CORE SUBSTRATE,"Disclosed herein are microelectronic assemblies and related devices and methods. In some embodiments, a microelectronic assembly may include a first layer having a first dielectric, a third dielectric, and a first glass portion between the first dielectric and the third dielectric; a second layer having a second dielectric, a fourth dielectric, and a second glass portion between the second dielectric and the fourth dielectric; and a third layer between the first layer and the second layer, the third layer having a bulk glass material, and wherein the first layer physically couples to a first surface of the third layer and the second layer physically couples to a second surface of the third layer.",H01L23/13; H01L23/15; H01L21/48; H01L23/538; H01L25/16; H01L23/00,H10W70/05; H10W70/692; H10W70/68; H10W90/701; H10W70/685; H10W70/611; H10W70/635; H10W90/401; H10W90/734; H10W90/722; H10W90/724; H10W72/072; H10W90/00; H10W74/15; H10B80/00; H10W90/732; H10W74/15; H10W90/00; H10W90/724; H10W70/68; H10W70/692; H10W90/722; H10W90/734; G02B6/4202; H05K1/181,096-050-685-239-24X; 036-088-977-652-826; 115-152-615-621-149,,2026
107-446-290-775-636,GLASS SUBSTRATE FOR REINFORCING WIRING BOARD,,C03C3/091; H05K1/03,H05K1/03; C03C3/093; C03C4/16; C03C17/32; H05K1/0306; H05K1/0366; C03C3/091; C03C4/00; C03C13/00; C03C17/3405; C09J7/20; H05K1/0306,153-809-107-517-371; 182-411-600-033-102; 076-912-822-074-877,,2026
082-384-456-373-113,HEAT DISSIPATION ASSEMBLY AND ELECTRONIC DEVICE,,H05K7/20; F28D15/00,H05K7/20309; H05K7/20318; H10W40/73; F28D15/0233; F28D15/0266; F28D15/0275; F28F3/12; F28F3/044; F28F3/025; H10W40/73,198-895-449-084-998; 157-490-381-838-948; 154-004-272-701-031; 192-877-139-485-326,,2026
056-199-241-140-833,LIQUID COOLED RACK PROCESS,"A liquid-cooled rack for liquid-cooling trays of computing equipment includes an inlet manifold including an inlet for receiving a coolant at a first temperature and at least one outlet interface for discharging the coolant to one of the liquid-cooled trays; and an outlet manifold including at least one inlet interface for receiving the coolant at a second temperature higher than the first temperature from one of the liquid-cooled trays and an outlet for discharging the coolant. At least one of the inlet manifold or the outlet manifold includes at least one coolant drain port to facilitate the draining and purge drying process. The drain ports can also be added to each tray. The draining and purge drying process can be enhanced by using high pressure air (desiccated and/or heated), flushing with volatile fluid, tilting, vibration, vacuuming.",H05K7/20,H05K7/20272; H05K7/20781; H05K7/2039; H05K7/20781,,,2026
146-483-305-809-980,BASE STATIONS FOR UNMANNED AERIAL VEHICLES (UAVS),A base station for an unmanned aerial vehicle (UAV) is disclosed. The base station includes: an enclosure; a slide mechanism that is connected to the enclosure and which is repositionable between a retracted position and an extended position; a cradle that is connected to the slide mechanism and which is configured for docking with the UAV such that the UAV is movable into and out of the enclosure during repositioning of the slide mechanism between the retracted position and the extended position; and a charging hub that is connected to the slide mechanism and which is configured for electrical connection to a power source of the UAV to charge the power source.,H01R24/00,B64U70/97; B64U50/19; Y02T10/70; Y02T10/7072; Y02T90/14; Y02T90/12; B60L53/10; B60L53/30; B64C39/024; B64U70/00; B60L2200/10; H10N10/13; H10N10/17; B64D47/00; H01Q1/22; H05K1/0215; H05K7/20145; H05K7/20154; H05K7/20209; H05K7/20436; B60L53/16; H01Q1/2291; B60L53/302; B64U80/25; B64U80/70; B64U70/92; B64D43/00; H05B1/0227; B64U70/97; B64F1/22; B64F1/362,,,2026
186-027-034-553-945,ELECTRONIC DEVICE COMPRISING FLEXIBLE DISPLAY,"According to one exemplary embodiment of the present document, an electronic device may comprise a foldable housing and a flexible display. The foldable housing can provide the front surface of the electronic device and the rear surface of the electronic device. The flexible display can be located in the inner space of the foldable housing. The flexible display can be coupled to a front cover for providing the front surface of the electronic device of the foldable housing. The flexible display can be viewed through the front cover. The front cover can include a pattern in which a plurality of openings corresponding to the folding part of the foldable housing or a plurality of recesses provided on the surface facing the flexible display are periodically provided. A plurality of sub-pixels emitting light of the same wavelength in the flexible display can be arranged in the direction which is the same as the direction in which the plurality of openings or the plurality of recesses are periodically arranged. The first interval at which the plurality of openings or the plurality of recesses are periodically arranged can be greater than the second interval at which the plurality of sub-pixels are periodically arranged.",B32B3/26,G09F9/30; B32B17/10; B32B3/266; B32B27/08; B32B2307/558; B32B2307/7376; B32B2307/732; B32B2307/7375; B32B2307/538; B32B2307/546; G06F1/1652; B32B17/10005; B32B3/266; B32B3/30; B32B7/12; B32B27/08; B32B2307/558; B32B2307/732; B32B2457/20; H05K5/03,138-065-722-298-729,,2026
183-338-044-548-014,"APPARATUS, METHOD, AND SYSTEM FOR RETROFITTING A LIGHTING SYSTEM WITH LED LIGHTS","An apparatus for retrofitting a HID lighting system includes using existing components of previously installed HID lighting systems such as its ballasts while replacing some capacitors to adjust the power supplied to a retrofit LED luminaire. Unused ballast drivers are removed, and a self-contained ballast driver assembly is mounted into the electronic control enclosure of the previously installed lighting system. Some of the retrofit LED luminaires include an uplighting lens, an optic, or a diffuser for providing uplight. An aiming bracket and an aiming plate allow for the horizontal aiming angle of a light luminaire to be set.",F21Y115/10,F21Y2115/10; F41G1/34; F41G1/00; F21V21/29; F21V19/003; F21V21/30; F21K9/23; F16C11/103; F21V15/01; F21V21/30; F21V21/116; H05K1/144; H05K1/181; H05K1/0203; H05K2201/10553; F21W2131/105; F21Y2115/10; F21Y2105/16; H02G15/043; F16M11/10; F16M11/2014; F16M13/02; F21V17/02; F21S8/085; H05K7/209; F21V23/007; Y02B20/30; F21V23/001; F21V21/108; F21V21/116; F16C11/103; F16M11/2064; F21Y2115/10; F21Y2105/16; F21W2131/406; F21W2131/105; F21V31/00; F21V21/116; F16M11/2064; F21V21/30; F21V29/508; F21V29/70; Y10T403/32319; F21K9/275; F21K9/278; F21Y2105/16; F21K9/238; F21Y2115/10; F21K9/69; F16C11/103; F21V5/04; F21V5/048; F21V15/01; F21V17/10; F21V21/108; F21V23/001; F21V23/006; F21V23/008; F21V23/026; F21V23/06; F21W2131/105; H02G3/081; H02G3/16; H05K1/021; H05K1/0306; H05K1/144; H05K1/162; H05K1/181; H05K1/0203; F21V5/005; F21V5/02; F21K9/20; F21K9/23; F21K9/235; F21K9/237; F21V23/002; H02G3/14; H10W40/641,154-276-530-672-296; 101-622-982-145-733; 069-281-510-713-690; 152-235-484-086-160; 195-231-024-421-804; 004-957-394-002-881; 041-833-574-916-776; 131-111-616-081-227; 159-971-446-167-170; 066-917-787-402-897; 006-028-183-746-051; 145-580-470-739-187; 035-781-232-942-764; 100-039-118-050-34X; 162-663-943-652-760; 083-182-170-591-909,,2026
093-899-292-657-380,DISPLAY DEVICE AND METHOD OF MANUFACTURING SAME,,H05K1/02; G02F1/1345; H05K1/11; H05K1/14; H05K1/189; H05K3/321; H05K3/36,H10H29/142; H10H20/857; H10D86/441; H10D86/60; H05K1/0269; G02F1/13452; H05K1/147; H05K3/361; H05K1/117; H05K3/323; H05K2201/09918; H05K2201/10136; H05K1/118; H05K1/189; H05K2203/166; H05K1/14; H05K1/111; H10H20/857; H10D86/021; H10D86/441; H05K13/0015; H05K3/325; H05K2203/166; H05K2201/10128; H05K2201/0338; H05K1/117,028-726-281-467-351; 186-057-376-168-585; 028-735-493-110-48X; 183-994-843-000-958,,2026
056-199-241-140-833,LIQUID COOLED RACK PROCESS,"A liquid-cooled rack for liquid-cooling trays of computing equipment includes an inlet manifold including an inlet for receiving a coolant at a first temperature and at least one outlet interface for discharging the coolant to one of the liquid-cooled trays; and an outlet manifold including at least one inlet interface for receiving the coolant at a second temperature higher than the first temperature from one of the liquid-cooled trays and an outlet for discharging the coolant. At least one of the inlet manifold or the outlet manifold includes at least one coolant drain port to facilitate the draining and purge drying process. The drain ports can also be added to each tray. The draining and purge drying process can be enhanced by using high pressure air (desiccated and/or heated), flushing with volatile fluid, tilting, vibration, vacuuming.",H05K7/20,H05K7/20272; H05K7/20781; H05K7/2039; H05K7/20781,,,2026
107-446-290-775-636,GLASS SUBSTRATE FOR REINFORCING WIRING BOARD,,C03C3/091; H05K1/03,H05K1/03; C03C3/093; C03C4/16; C03C17/32; H05K1/0306; H05K1/0366; C03C3/091; C03C4/00; C03C13/00; C03C17/3405; C09J7/20; H05K1/0306,153-809-107-517-371; 182-411-600-033-102; 076-912-822-074-877,,2026
053-361-792-902-455,CONVERTER,,H02M1/32; H02M3/00; H05K7/20; H10W40/22; H10W40/43,H05K7/20; H05K7/209; H02M1/327; H02M3/003; H10W40/226; H10W40/43; H02M3/003; H05K7/209,172-294-403-723-654; 106-812-112-189-395; 111-436-816-138-195; 162-243-121-475-960; 192-666-873-479-238,,2026
169-451-207-779-78X,ELECTRICAL APPLIANCE,,H05K7/20,H05K7/20909; H05K7/209,,,2026
088-000-759-385-86X,PROTECTED ELECTRONIC DEVICE FOR IMMERSION COOLING ENVIRONMENT AND METHODS FOR MAKING SAME,,G06F1/20; H05K7/20,G06F1/20; G06F1/183; G06F1/182; G06F2200/201; H05K7/203; H05K7/20809; H10W74/012; H10W74/15; H10W40/10; H10W40/30; H10W40/40; H10W40/73; H10W90/701,,,2026
152-531-864-997-616,METHOD OF REPAIRING AN ELECTRONIC COMPONENT AND ELECTRONIC COMPONENT,,H10H20/00; H05K3/22; H05K3/46; H10H20/857,H05K3/225; H05K3/1241; H05K2203/173; H05K3/3442; H05K2203/107; H05K2201/10106; H05K3/3494; H10H20/01; H10H20/0364; H10H20/857; H10W72/073; H10W90/00,,,2026
163-420-704-719-657,METHODS OF BALANCING AIRFLOW IN CEILING-DUCTED CONTAINMENT SYSTEMS,,H05K7/20; F24F11/00; F24F11/74; F24F13/14; F24F13/16; F24F140/10; G06F1/20,H05K7/20745; F24F13/16; F24F13/1426; F24F2013/1473; F24F11/0001; F24F2140/10; F24F11/74; G06F1/206; H05K7/20145; H05K7/20209; H05K7/20745; G05B2219/2614; G05B13/041,,,2026
145-119-943-061-420,METHOD FOR MANUFACTURING THREE-DIMENSIONAL ELECTRICALLY CONDUCTIVE STRUCTURE,"A method for manufacturing a three-dimensional electrically conductive structure (100). A substrate (S) is provided with a structure (10) comprising a set of core structures (10p), each respective core structure (10p) extending with a respective height (H) above a surface of the substrate (S). A conductive seed layer (11) is applied to the substrate (S). A mask layer (12) is applied by coating to the conductive seed layer (11). The mask material (12m) forms a mask pattern masking the conductive seed layer (11) at respective masked areas (12p) of the substrate (S). The conductive seed layer (11) is exposed at respective exposed areas (12e, 12e'). Additional electrically conductive material (13m) is grown on the conductive seed layer (11) at the respective exposed areas (12e,12e'), including the conductive seed layer (11) covering the set of core structures (10p) to form part of the three-dimensional electrically conductive structure (100).",H05K3/40; H05K1/02; H05K1/11; H05K3/46,H05K3/4647; H05K3/4644; H05K3/4038; H05K2201/09045; H05K1/115; H05K1/0222,137-412-368-940-228; 153-060-022-165-600; 105-492-155-933-632; 119-184-735-162-866; 068-380-241-515-49X; 104-781-934-315-256; 194-336-216-504-967; 144-850-883-827-012,,2026
179-307-006-852-318,Power semiconductor module,,H10W40/22; H05K7/02; H10D80/20; H10W20/40; H10W44/00; H10W70/40; H10W70/60; H10W72/00; H10W90/10,H10W40/22; H10W40/242; H10W90/00; H05K7/02; H10W20/20; H10W20/484; H10W70/40; H10W72/00; H10W20/497; H10W44/501; H10W90/00,,,2026
156-838-476-870-279,IMPROVED POOL LIGHT ASSEMBLY,,F21V29/00; F21W131/401; H05K1/18,F21V3/00; F21V17/164; F21V19/004; F21W2131/401; F21V29/58; F21Y2115/10; F21Y2113/13; H05K1/182; H05K2201/10106; F21V29/70; F21V29/70; F21V29/58; F21V19/004; F21V17/164; F21V3/00; F21W2131/401; F21Y2113/13; F21Y2115/10; H05K2201/10106; H05K1/182,095-007-379-456-887; 144-187-725-239-022; 036-444-962-147-77X; 036-642-510-383-63X,,2026
008-675-421-508-379,ELECTRONIC DEVICE COMPRISING FLEXIBLE PRINTED CIRCUIT BOARD,,H04M1/02; H01Q1/24; H04M1/23; H05K1/02; H05K1/14; H05K1/189,H05K1/14; H05K1/02; H05K1/147; H05K1/189; H05K1/0281; H04M1/0264; H04M1/0277; H04M1/0262; H01Q1/243; H04M1/026; H04M1/236; H04N23/54; H05K1/0212; H05K1/0281; H05K1/118; H05K2201/10037; H05K2201/2009,005-924-602-013-565; 139-724-268-475-440; 099-397-091-206-08X; 018-143-932-196-421; 102-957-613-950-551,,2026
112-212-483-778-381,COOLANT DISTRIBUTION UNIT SOFT START PUMP CONTROLS,"A coolant distribution unit of a liquid cooling system comprises: a plurality of pumps configured to circulate coolant within the liquid cooling system, where a subset of the plurality of pumps is capable of handling a full operation load of the liquid cooling system when at least one pump of the plurality of pumps is not in operation; and a controller communicatively coupled to the plurality of pumps. The controller is configured to: in response to determining that the pump has been enabled, adjust the pump and remaining pumps of the plurality of pumps to a first pump speed; and adjust the pump and the remaining pumps to a second pump speed, where the first pump speed corresponds to an intermediate operational speed lower than the second pump speed and the second pump speed corresponds to a final operational speed.",H05K7/20,H05K7/20836; F04B23/04; F04B49/20,161-815-710-159-565; 000-355-041-544-50X,,2026
114-860-663-801-559,電力変換装置,,H02M7/48; H02M3/155,H02M1/00; H02M3/003; H02M7/003; H05K5/0217; H05K7/14; H02K11/33; H02M1/007; H02M7/003; H02M3/003; H02K11/33; H02M7/003; H02M3/003,,,2026
001-837-395-313-117,CIRCULATING LIQUID SUPPLY SYSTEM FOR LIQUID COOLING AND CIRCULATING LIQUID SUPPLY METHOD FOR LIQUID COOLING,"The present invention provides a circulating liquid supply system for liquid cooling and a circulating liquid supply method for liquid cooling. The circulating liquid supply system for liquid cooling comprises: a basic circulating liquid supply device comprising a heat exchanger and a circulation pump which are communicated through a pipe; a negative-pressure circulating liquid supply device comprising a liquid tank and a negative-pressure generation component which are communicated through a pipe; and a switching assembly. The circulating liquid supply system for liquid cooling has a basic circulation mode and a negative-pressure circulation mode; in the basic circulation mode, the circulation pump drives a cooling liquid to perform circulating heat exchange between a position to be cooled and the heat exchanger under a positive pressure along the pipe; and in the negative-pressure circulation mode, the negative-pressure generation component drives the cooling liquid to perform circulating heat exchange between said position and the heat exchanger under a negative pressure along the pipe. According to the present invention, the basic circulating liquid supply device can be used independently as a conventional positive-pressure CDU, and can also be used in combination with the negative-pressure circulating liquid supply device to be used as a negative-pressure CDU.",H05K7/20,H05K7/20781; H05K7/20836; H05K7/20272; H05K7/20281; H05K7/20263,,,2026
144-790-601-370-359,TERMINAL APPARATUS,"This application provides a terminal apparatus, including a first structural component, a second structural component, a third structural component, and at least one acoustic element, where the second structural component is located between the first structural component and the third structural component, and the first structural component, the second structural component, and the third structural component surround and form a cavity; the acoustic element is accommodated in the cavity; at least one sound emission slot is formed between the first structural component and the second structural component and/or between the second structural component and the third structural component, a sound guide slot is in communication with the sound emission slot, the sound emission slot is located on a side of the sound guide slot that faces away from the acoustic element, and the acoustic element transmits sound to the outside through the sound guide slot and the sound emission slot. A sound emission slot is provided between two adjacent structural components without providing a hole on the structural components, and this effectively ensures integrity of the structural components, and improves refinement and appearance competitiveness of the terminal apparatus; this effectively reduces a possibility of external impurities (such as water, dust, or the like) entering the inside of the terminal apparatus; and a manufacturing process of the sound emission slot is simpler than a process of forming the hole.",H04M1/03; H04M1/02; H04M1/18; H04R1/02; H04R1/08; H04R1/34; H04R5/02; H04R5/027; H04R7/04,H04M1/03; H04M1/60; H05K5/061; H04M1/03; H04M1/18; H04M1/0266; H04R2499/11; H04R1/345; H04R1/025; H04R1/023; H04R1/086; H04R1/34; H04R7/045; H04R5/02; H04R5/027; H04R1/028; H04R1/345; H04R2400/11; H04R2499/11; H04R2499/15,071-294-917-705-179; 195-706-414-743-960; 060-938-730-255-026; 151-678-583-592-735,,2026
099-497-520-655-915,Multi-antenna mobile printers,"A media processing device 100 comprises a frame (404, Fig.4) defining a first mounting surface (416, Fig.4) adjacent to a second end of a housing (108, Fig.1) opposite a first end, the first mounting surface oriented towards the second end; a second mounting surface (420. Fig.4), a portion of the second mounting surface orthogonal to the first mounting surface and oriented towards a side of the housing; and a third mounting surface (424, Fig.4) oriented towards a front wall of the housing. A first antenna 328 is disposed on the first mounting surface. A second antenna 332 is disposed on the second mounting surface. A third antenna 336 disposed on the third mounting surface. The second antenna may be controllable with the first antenna to implement a first communications standard which may be a wireless personal area network (PAN) standard or controllable with the third antenna to implement a second communications standard which may be a wireless local area network (WLAN) standard. Figure 3",B41J29/02; B41J3/407; B41J29/393; H01Q1/22; H01Q21/28,B41J29/393; B41J29/02; B41J3/36; B41J3/38; B41J2029/3932; H01Q1/2291; H01Q1/2258; H01Q21/28; B41J3/4075; B41J29/02; B41J29/393; B41J2029/3937; B41J3/36; B41J29/02; B41J3/38; B41J29/393; B41J2029/3932; H01Q1/2291; H01Q1/125; H05K5/0018; H01Q1/2258; H01Q23/00,,,2026
064-835-704-341-792,"FPC MOUNTING MODULE, ELECTRONIC DEVICE, AND MOUNTING METHOD",,H05K1/14; H04M1/02; H04M1/18; H05K1/02; H05K3/36,Y02E60/10; H04M1/18; H04M1/0214; H04M1/0277; H05K1/147; H05K3/361; H05K1/028; H04M1/0214; H04M1/0277; H04M1/18; H05K1/189; H05K5/065,,,2026
048-968-942-494-734,COMMUNICATION DEVICE,,H01Q9/04; H01Q15/00; H01Q21/06,H01Q21/061; H01Q9/00; H01Q1/48; H01Q15/008; H01Q9/0407; H01Q21/065; H01P1/2005; H01Q1/48; H01Q1/523; H01Q15/008; H01Q21/28; H05K1/0236,,,2026
127-807-626-598-255,DIELECTRIC AND METHOD OF MANUFACTURING SAME,,H01B3/00; B32B15/082; B32B15/20; B32B27/30; C08K3/013; C08K7/18; C08L27/12; H05K1/03,B32B15/082; B32B15/20; B32B27/30; C08K3/36; C08K7/18; C08L27/12; C08L27/18; C08L101/00; H01B3/00; H05K1/03; H05K2201/015; H05K1/0373; H05K1/024; C08K2003/2241; C08K2003/2227; C08K2201/005; H01B3/445; H01B3/44; H05K1/0313; B32B15/082; B32B15/20; B32B27/30; C08J5/18; C08K3/013; C08K3/22; C08K3/36; C08K7/10; C08L101/00; C08L27/12; C08L27/18; C08J3/203; C08J5/18; C08J2327/18; C08K7/18; C08K2201/005; H05K1/024; H05K1/0373; H05K2201/015,011-844-118-664-515,,2026
179-144-041-552-392,Intelligent server-level testing of datacenter cooling systems,,H05K7/20; G06N20/00,H05K7/20772; H05K7/2079; H05K7/20836; G06N3/063; G06N3/049; G06N3/08; G06N3/0499; G06N3/09; H05K7/20772; G06N3/08; H05K7/2079; H05K7/20836; G06N3/049; G06N3/063; G01K13/026; G01K3/005; G01K13/02; G05B19/042; G05B2219/49216; G06N3/08; H05K7/20836; H05K7/20281,,,2026
100-960-661-455-71X,IMPROVEMENTS IN AND RELATING TO DATA CENTRES,"The present disclosure provides a method of building a data centre including providing a building envelope (3010) with floor, ceiling and walls having outside air openings, suitable for accommodating IT equipment racks in rows separated by alternating hot and cold aisles. The method includes supporting service-carrying frames (3011) on the ceiling underside, each including air entrainment panels arranged to cooperate with two rows of IT equipment racks to entrain air in the aisle between rows. When IT equipment racks are installed, an aisle is defined and enclosed by the floor, two rows of IT equipment racks and air entrainment panels. Each service-carrying frame (3011) includes an electrical supply bus for supplying electricity to the two rows of IT equipment racks, a cable tray, and a lighting system for illuminating the aisle, wherein these components are fitted to the service carrying frame before supporting on the ceiling underside. Also disclosed is a data centre, a service-carrying frame, and a kit of parts for making a data centre in an existing building.",H05K7/14; H05K7/20,H05K7/1497; H05K7/20745; E04H2005/005; B23P15/26; E04H2005/005; H04L67/12; H05K7/1488; H05K7/20745,056-186-193-789-159; 192-903-202-011-825; 087-180-530-349-494; 187-281-797-897-850; 131-263-429-210-348,,2026
019-326-279-212-043,硬化性樹脂組成物およびその硬化物,,C08G59/32; C08G59/62; C08J5/04; H05K1/03; H10W74/47,C08G59/20; C08G59/32; C08G59/62; C08J5/04; C08L61/14; C08L63/00; H05K1/03; H10W74/40; H10W74/10,,,2026
199-038-905-881-342,CHARGING AND DISCHARGING APPARATUS AND POWER TRANSMISSION METHOD THEREOF,,H02J3/32; B60L1/00; B60L53/20; B60L55/00; H01M10/42; H01M10/44; H02J7/00,H01M10/44; H05K7/2089; H02J2207/20; H02J7/40; H02J7/90; H02J7/855; H02J7/865; H02J7/82; H01M10/44; H02J3/322; B60L55/00; H01M2010/4271; B60L1/006; B60L2240/36; B60L53/20; H02J7/40; B60L53/20; B60L58/10; H02J3/322; H02J2207/20; B60L1/006; H01M10/44; H01M2010/4271; H02J7/02; H02J7/40; H02J7/855,,,2026
015-744-015-993-049,FOLDABLE ELECTRONIC DEVICE INCLUDING FLEXIBLE DISPLAY,"This foldable electronic device comprises: a housing including a first housing part and a second housing part; a flexible display including a first display portion, a second display portion, and a third display portion; a first layer including an electromagnetic induction panel disposed below the first display portion; a second layer contacting the second display portion; a first magnet; and a second magnet. The second layer includes: a shielding member interposed between the second magnet and a portion of the electromagnetic induction panel and including a shielding sheet; and a waterproof member at least partially surrounding the shielding member and including a waterproof body.",G06F1/16; G06F1/18; H05K5/02,G06F2203/04102; G06F1/1652; G06F1/1656; G06F3/046; G06F1/1641; G06F1/16; G06F1/18; H05K5/02; G09F9/301; G06F1/1641; G06F3/046; G06F2203/04102; G06F1/1656; G06F1/1652; G06F2203/04107,,,2026
093-033-673-811-196,SECURE THERMAL CONTACT PCBA TO HOUSING BY USING CURVED SURFACES,,F21V23/00; F21V29/508; F21Y105/10; H05K7/20,H05K7/20436; H05K7/2049; F21V23/009; F21Y2105/10; F21V29/508,,,2026
175-171-403-166-121,METHOD AND SYSTEM FOR GRID-BASED WIRING,"The present invention relates to a method and system for grid-based wiring. More specifically, the present invention relates to a method and system for grid-based wiring capable of performing printed circuit board (PCB) automatic wiring by utilizing combinatorial optimization-based heuristic search.",H05K3/00; G06F30/392; G06N3/08; H05K3/46; H05K13/06,H05K3/46; G06N3/08; H05K3/00; G06F30/392; G06N5/01,,,2026
181-550-656-752-249,CARD SOCKET APPARATUS AND ELECTRONIC DEVICE,,H01R12/79; H01R12/71; H01R12/77; H01R13/24; H01R13/26; H05K1/14,H01R27/02; H01R12/771; H01R12/78; H01R13/24; H01R13/26; H01R12/79; H01R12/71; H05K2201/10189; H05K1/147; H01R12/774; H01R12/771; H01R12/78; H01R12/79; H01R27/02; H01R12/71; H01R13/24; H01R13/26; H05K1/147; H05K2201/10189; G06K19/077; H01R12/712; H01R12/771; H01R12/79; H01R13/24; H01R27/02,,,2026
192-435-171-766-568,SLIDE RAIL ASSEMBLY AND RETURNING DEVICE THEREOF,,A47B88/467; H05K7/14,A47B88/467; H05K7/1489; A47B88/473; A47B88/467; A47B88/483,095-745-933-225-416; 062-468-344-767-84X,,2026
058-310-717-490-712,POWER SUPPLY MODULE,,H05K7/20; H02M3/00; H02M7/48,H05K7/20927; H05K7/20872,040-996-355-955-556; 191-371-717-406-42X; 119-802-640-108-66X,,2026
187-826-134-977-179,ELECTRONIC DEVICE HAVING STRUCTURE FOR COUPLING MODULE INCLUDING ELECTRONIC COMPONENT TO FRAME,,H01Q1/24; H01R4/64; H01R13/24; H04M1/02,H04M1/026; H04M1/0277; H01R13/2414; H01R4/64; H01R13/2471; H01Q1/243; H01Q1/22; H05K1/115; H05K1/182; H05K2201/10098,192-633-531-971-926; 121-957-224-231-253,,2026
099-246-904-316-377,"A method of monitoring a system comprising electronic equipment, one or more fans, at least one air filter and one or more sensors and a system comprising","A method of monitoring a system comprising electronic equipment, one or more fans, at least one air filter and one or more sensors, the method comprising determining an air filter condition base on a first measurement associated with the one or more fans and a second measurement associated with the electronic equipment, the first measurement and the second measurement being determined based on sensor data received from the one or more sensors. The air filter condition is determined by whether a threshold degradation level is exceeded. Fan speed (RPM) serves as an example of first measurement, while component temperature represents an example of a second measurement. A way to predict sensory data may be disclosed, such as use of historical data stored in look-up tables or applying trained machine learning model to sensor data. A computer program may also be disclosed comprising instructions that carry out the method is disclosed.",H05K7/20; G06F1/20,H05K7/20; G06F1/20; G06F1/203; G06F1/206; H05K7/20209,135-032-325-291-910; 079-712-930-677-23X; 186-959-083-543-479; 117-734-394-481-930; 157-264-241-607-579; 110-742-472-759-64X; 195-361-435-141-941; 011-353-313-575-036; 021-149-017-526-103,,2026
088-217-474-667-975,冷却ファン制御装置およびプログラム,,G06F1/20; H05K7/20,G06F1/206; F04D25/166; F04D27/004; H05K7/20209; F04D27/004; G06F1/206; H05K7/20209; F04D25/166,,,2026
195-341-639-970-17X,多層基板モジュール及び電子機器,,H01Q13/08; H01P3/08; H01Q23/00; H05K1/02,H01Q13/08; H01P3/08; H05K1/02; H01Q23/00,,,2026
047-067-985-571-205,DISPLAY DEVICE,,H05K5/00; H05K7/20,H05K7/20963; G02F1/133314; G02F2201/54; H05K5/03; H05K7/20963; H05K7/20454; H05K5/10; H05K7/20963; H05K5/03; G02F1/133314; H05K7/20454,,,2026
199-608-045-040-595,ELECTRICAL DEVICE,,H05K7/20,H05K7/20909; H05K7/20172,,,2026
154-494-621-659-754,FOLDING MECHANISM AND ELECTRONIC DEVICE,"This application provides a folding mechanism and an electronic device. The folding mechanism includes a main shaft, a first fastening bracket, a second fastening bracket, a first movable member, a second movable member, a first support plate, a second support plate, and a first elastic member. The first movable member connects the main shaft and the first fastening bracket, and the second movable member connects the main shaft and the second fastening bracket. The first support plate connects the first fastening bracket and the first movable member, and the second support plate connects the second fastening bracket and the second movable member. The first elastic member connects the first support plate and the first fastening bracket, and the first elastic member is in a compressed state. A first point of application of force is located on a side that is of a first rotation axis and that is away from the main shaft. When the folding mechanism is in a folded state, a first included angle formed between a first support surface and a connection line between the first point of application of force and a second point of application of force in a first direction is an acute angle. An end part that is of the first support plate and that is close to the main shaft expands in a direction away from the second support plate. A screen accommodating space enclosed by the first support plate, the main shaft, and the second support plate increases.",H04M1/02,H04M1/0216; H04M1/0268; G06F1/1616; H05K5/0226; G06F1/16; H04M1/02; G06F1/1616; G06F1/1652; G06F1/1681; H04M1/0268; H04M1/0216; H04M1/022,,,2026
094-638-213-567-119,THERMAL MANAGEMENT ASSEMBLY WITH FLEXIBLE CONNECTING COMPONENT,,B60H1/00,H05K7/20; H05K7/20281; B60H1/00485; B60H1/00792; F28F27/00; F28F2280/00,,,2026
178-156-011-741-979,HEAT CONDUCTION PAD AND ELECTRONIC DEVICE,"A thermal pad and an electronic device are disclosed, and relate to the field of heat dissipation technologies, to effectively dissipate heat of an electronic component. The thermal pad includes a first cover, a second cover, an elastic shell, and liquid metal. The elastic shell is bent and closed into a tubular structure. The first cover and the second cover are respectively mounted at two ends of the tubular structure to form a closed cavity. The closed cavity is configured to accommodate the liquid metal. Filling the liquid metal into the elastic shell not only implements good heat conduction effect by using high thermal conductivity of the liquid metal, but also implements compression on the thermal pad during assembly of the thermal pad by using compressibility of the elastic shell, to reduce a thickness of the thermal pad as much as possible. This reduces thermal resistance of the thermal pad, and further improves heat conduction effect of the thermal pad, thereby helping effectively dissipate heat of the electronic component.",H05K7/20,H05K7/2039,,,2026
090-314-272-928-731,ASIC BUSBAR WITH REMOTE POWER PHASES FOR TELECOMMUNICATIONS AND NETWORKING SHELF AND CIRCUIT CARD ASSEMBLIES,"A circuit card assembly adapted to be inserted into a conformal shelf assembly, the circuit card assembly comprising: a printed circuit board assembly disposed in a case comprising side faces by which the circuit card assembly is mounted in the conformal shelf assembly, a front facing side disposed between the side faces, and a rear facing side disposed between the side faces opposite the front facing side; and a plurality of ports coupled to the printed circuit board and accessible from the rear facing side of the case.",G06F1/18; H05K1/02; H05K7/14,G06F1/189; H05K1/0265; H05K7/1457; H05K1/0263; H05K1/181; H10W70/65,015-859-245-834-115; 057-432-193-160-294; 053-202-855-105-19X,,2026
112-779-154-704-610,"GLASS COMPOSITION FOR GLASS FIBERS, GLASS FIBER, GLASS FIBER WOVEN FABRIC, AND GLASS FIBER-REINFORCED RESIN COMPOSITION",,C03C13/00; B29B15/08; B29K105/06; C03C3/097; H05K1/03,C03C3/097; C03C13/00; D03D13/008; D03D1/00; D03D15/267; D03D15/573; D03D15/33; D10B2401/063; D10B2505/02; D10B2101/06; C08J5/043; C08J5/244; C08K7/14; H05K1/0366; H05K2201/0275; H05K2201/029; C03C13/00; C08K7/14; C08J5/043; C08J5/244; D03D15/267; D03D15/267; C03C3/097; C03C13/00; C03C2213/00; C08K7/14; D10B2101/06,187-999-069-444-004; 098-157-287-800-460; 072-465-801-662-373; 191-963-988-924-631; 123-168-170-858-069,,2026
038-304-601-090-083,COOLING DEVICE AND IMAGE FORMING APPARATUS,"A cooling device (6) includes a tank (61), a main tray (601), a pump (62), a heat exchanging portion (6b), a radiator (63), and a plurality of tubes (6c). The pump (62) and the radiator (63) are disposed on the main tray (601). The tank (61) includes an upper surface tray (61b), a tube fixing portion (61d), and a liquid discharging portion (61e). The upper surface tray (61b) forms an upper surface of the tank (61). The tube fixing portion (61d) fixes a portion of a pair of specific tubes (6ca) to the upper surface tray (61b) with the pair of specific tubes (6ca) penetrating the upper surface tray (61b). The liquid discharging portion (61e) forms a discharge path of liquid from the upper surface tray (61b) to the main tray (601).",G03G15/00; F25D19/00; G03G21/16; G03G21/20; H05K7/20,G03G21/206; G03G15/55; G03G21/1676; G01M3/38; G03G15/0896; G03G21/20; G03G2221/163; H05K7/20263; H05K7/20272,057-574-420-815-937; 106-199-551-521-270; 032-716-775-136-830; 104-979-464-381-948,,2026
106-778-145-284-341,Integrated circuit chip,"An integrated circuit chip IC 100 comprises a substrate 102, active/circuit layer(s) 104, and an electrical connection region (figure 2 shows assembly) preferably comprising a metallisation layer 106 providing bond pads 106a. A plurality of shielding elements 106b provide protection and/or support the IC during assembly with external circuitry, such as a PCB 200, to form an device, such as an RFID tag. This is especially useful where the IC and/or PCB are flexible and they are attached using anisotropic conductive adhesives 300 which is squeezed therebetween. The shielding elements 106b may be formed in the metallisation layer 106 and are arranged in a tessellating pattern (figure 6) with isolating gaps and are preferably not electrically connected, instead providing mechanical support.",H10W74/01; G06K19/077; H05K9/00; H10W42/00,G06F30/39; H10W70/688; H10W44/248; G06F2111/04; H10W42/267; G06K19/07747; G06K19/07749; H10W42/121; G06K19/07747; H10P70/15; H10W74/01; H05K9/0022,153-495-377-449-402; 075-248-294-346-955; 021-718-451-465-97X; 120-817-644-388-360; 121-861-568-071-066,,2026
002-983-129-536-424,"COLD PLATE ASSEMBLY, ELECTRONIC DEVICE, AND LIQUID COOLING SYSTEM",,H05K7/20; H05K3/00; H05K7/14,H05K7/20272; H05K7/1451; H05K7/20772; H05K3/0061; H05K7/20254; H05K7/1492; H05K1/0203; H05K1/147; H05K7/20254; H05K7/20272; H05K7/2039; H05K2201/0314; H05K2201/05; H05K2201/064; H05K2201/066; H05K2201/10356,032-841-202-716-152; 186-648-591-197-818; 072-853-009-709-945,,2026
121-750-248-879-144,"POWER MODULE, INVERTER, AND VEHICLE",,H05K7/20,H01B3/20; H01B3/465; H05K7/20927; H10W40/22; H10W40/30; H10W40/255; H05K7/20927; H10W40/228; H10W40/255; H10W40/47,065-683-665-956-44X,,2026
008-694-675-082-703,ELECTRONICS TESTER,"The invention provides a cartridge comprising a socket made of insulative material and having upper and lower sides, the upper side having a first formation for releasably holding a first electronic device, the socket having a first socket thermal opening formed from the lower side to the upper side through the socket, an interface connected to the socket to connect the first electronic device to an electric tester, a chuck of a thermally conductive material, a first thermal post attached to the chuck, the first thermal post being inserted into the first socket thermal opening, an end of the first thermal post being thermally connected to and in contact with the first electronic device, such that heat transfers primarily through the first thermal post as opposed to the insulative material of the socket between the chuck and the first electronic device, and a first set of contacts held in the socket and connecting terminals of the first electronic device to the interface, the first set of contacts being resiliently depressible to bring the first electronic device into contact with the end forming a first thermal surface of the first thermal post.",G01R1/04,G01R31/2808; G01R31/2893; G01R1/0416; G01R1/0458; H05K7/1402; H05K7/1412; H05K7/1417; H10P72/7616; G01R31/2867; G01R31/2874; G01R1/0491; G01R31/2893; G01R31/2894; G01R1/0458; G01R1/0483; G01R1/0466; G01R31/2601; G01R31/2642; G01R31/2635; G01R31/2893; G01R31/2865; H05K7/1402; H05K7/1412; H05K7/1417; H10P72/76; G01R31/2808; G01R31/2817; G01R31/2808; H05K7/1412; H05K7/1402; H05K7/1417; G01R31/2893; H10P72/76,,,2026
012-525-423-986-877,PACKAGING SUBSTRATE AND MANUFACTURING METHOD THEREOF,"A packaging substrate according to the present disclosure comprises a core layer; a first conductive layer, which is a conductive layer disposed in contact with an upper surface of the core layer; and an adhesion reinforcement layer disposed on the core layer and surrounding at least a portion of the first conductive layer. The adhesion reinforcement layer comprises any one selected from the group consisting of a silicon-based compound, an acrylic-based compound, and a combination thereof. An arithmetic average roughness (Ra) value of the upper surface of the first conductive layer is 150 nm or less.In this case, it is possible to effectively improve the adhesion strength of the insulating layer to the first conductive layer without excessively roughening the first conductive layer.",H05K1/03; H10W70/652; H10W70/68; H10W70/69; H10W70/692,H10W70/68; H05K1/0306; H10W70/69; H10W70/692; H10W70/6525; H10W90/701; H10W70/69; H10W70/05; H10W70/692,133-737-066-399-755; 042-641-916-674-544; 015-978-363-207-800; 063-325-229-186-941,,2026
190-293-122-713-861,ELECTRONIC DEVICE,"This application provides an electronic device, which relates to the technical field of electronic products, and can prevent corrosion at an electrical conduction portion between components. The electronic device includes a first component, a second component, a conductive member, and a sealing ring. The conductive member is arranged between the first component and the second component, and is in electrical conduction with the first component and the second component. The sealing ring is arranged between the first component and the second component, one end of the sealing ring in an axial direction faces the first component, and the other end of the sealing ring faces the second component. The conductive member is located within a region surrounded by the sealing ring.",H01R13/02; H01R13/24; H01R13/52; H05K5/02; H05K5/06,H01R13/02; H01R13/52; H01R13/5202; H01R13/2414; H05K5/0247; H05K5/0217; H05K5/06; H05K5/02; H05K5/06; H01R13/02; H01R13/24; H01R13/52; H01R13/5202; H01R13/2414,,,2026
039-231-038-193-527,ROLL FORMED LIQUID COOLED BUSBAR,"A liquid-cooled roll-formed busbar assembly comprises a sheet of copper or similarly conductive metal roll-formed into at least one arcuate region. One or more cooling pipes of a fluid network (e.g., a coolant supply pipe and a coolant return pipe) circulate a cooling fluid through the busbar such that the arcuate region/s conform to a portion of the external circumference of the cooling pipe/s. A thermal interface is disposed between the cooling pipes and the liquid-cooled roll-formed busbar, such that the circulating fluid absorbs heat from the busbar via the thermal interface and transfers the absorbed heat to a primary fluid network.",H05K7/14; H05K7/20,H05K7/20781; H05K7/1492; H05K7/1492; H05K7/20781,041-532-329-544-965,,2026
047-609-376-211-304,MULTICONFIGURABLE GLOBAL NAVIGATION SATELLITE SYSTEM RECEIVER AND HANDHELD RECEPTACLE,,G01S19/35,H04B1/088; H01M50/00; H04W4/80; G01S19/35; G01S19/14; G01S5/0009; G01S19/48; G01S19/35; H05K5/0086; G01S19/37; H01M50/00; H04B1/088; G01S19/485; G01S19/03; G01S19/48; G01S19/49; H04W64/00,042-928-163-686-150; 009-141-389-051-072; 181-426-126-956-705,,2026
108-717-787-116-423,METHOD FOR FLEXIBLE CIRCUIT CABLE ATTACHMENT,,H05K3/34; B23K20/00; B23K20/02; B23K20/233; B23K35/02; B23K35/30; B23K101/42; B23K103/08; H05K1/11; H05K3/00; H05K3/32; H05K3/36; H05K3/40,H05K3/3494; H05K3/321; H05K3/363; H05K3/361; H05K3/4015; H05K1/111; H05K1/117; H05K13/0015; H05K2203/049; H05K2203/166; B23K20/025; B23K20/233; H05K1/117; H05K3/361; H05K3/363; B23K2101/42; B23K2103/08; B23K20/007; B23K35/0222; B23K35/3013; H05K1/111; H05K3/321; H05K3/4015; H05K2203/049; Y02P70/50; H05K2203/081; H05K3/0008; B23K2101/42; B23K2103/08; H05K3/361; H05K3/363; B23K20/025; B23K20/233; H05K1/117; Y02P70/50; Y02P70/62; B32B37/06; H10D86/01; H10W99/00; B23K20/007; B23K20/24; B23K35/0222; B23K35/3013; H05K1/111; H05K3/321; H05K3/3494; H05K3/4015; H05K13/0015; H05K2203/049; H05K2203/166,042-667-899-166-358; 175-566-346-714-983,,2026
025-083-193-420-304,ACOUSTIC APPARATUS,,H04R1/10; G02B27/01; G02C11/00; G06F1/16; H04R1/32; H04R3/00; H04R9/06; H04R25/00,H04R1/105; H04R1/1058; H04R2201/10; H04R1/10; H04R9/06; G02C11/10; G02B27/0176; H04R2460/13; H04R1/1016; H04R1/1075; H04R1/1033; H04R1/1066; H04R25/606; H04R1/105; H04R1/1041; G06F1/163; H04R3/005; H04R1/326; H04R2201/10; H04R7/18; H04R1/245; H04R1/025; H04R1/1091; H04R1/086; H04R3/12; H04R7/12; H04R1/1058; H04R1/08; H04R2420/09; H04R1/24; H04R1/02; H04R2499/15; H04R1/06; H04R1/26; H04R2460/11; H04R9/025; H04R9/02; H04R9/046; H04R9/045; H04R2410/01; H04R2209/022; H04R1/1025; H04R2410/07; H04R1/1008; H04R1/1083; H04R1/406; H04R5/0335; H04R2201/107; H04R1/342; H04R2499/11; H04R5/033; H04R1/46; H04R9/066; H04R11/02; H04R1/10; H04R1/02; H04R9/02; H04R9/06; G11C11/10; G10K9/13; G10K11/172; H04R2201/10; H05K5/006; H04R1/1041; H04R1/105; H04R1/1066; H04R1/1075; H04R2460/13; H04R1/086; H04R1/1091; H04R1/24; H04R1/26; H04R3/12; H04R1/1083; H04R9/025; H04R9/06; H04R2460/11; H04R1/1008; H04R1/08; H04R2410/07; H04R2209/022; H04R2499/15; H04R9/045; H04R9/046; G10L13/02; H04R1/245; H04R1/406; H04R3/005; H04R2410/01; H04R7/12; H04R7/18; H04R1/10; H04R1/025; H04R1/06; H04R1/1025; H04R1/1058; H04R2420/09; H04R1/02,000-174-281-689-06X; 113-343-687-451-766; 075-776-368-277-817; 039-020-545-962-298; 086-268-543-222-863,,2026
191-917-965-443-512,ARTICLES FOR ATTENUATION OF ELECTROMAGNETIC RADIATION,,H01Q17/00; B82Y30/00; C08K3/04; C08K7/24; H01B1/24; H01Q1/52; H05K9/00,H01Q17/00; C08K3/041; B82Y30/00; H05K9/009; C08K2201/013; H01Q17/00; B82Y30/00; H01B1/24; C08J5/00; H01Q1/526; C08K7/24; C08K3/04; H05K9/0003; C08K3/041; C08K2201/011; H01Q1/526,,,2026
170-605-722-492-227,ELECTRONIC DEVICE COMPRISING SHIELD CAN AND BRACKET,"This electronic device may comprise: a substrate including a first surface facing a first direction; an integrated circuit provided on the first surface of the substrate; a shield can, which is provided on the first surface of the substrate and surrounds at least a portion of the integrated circuit; a bracket provided in the first direction from the shield can; and a shielding sheet provided between the bracket and the shield can. The bracket can include a first protruding area protruding from one surface (352) facing a second direction opposite to the first direction, and the shield can include a first open area provided at a position facing the first protruding area. Various other embodiments are possible.",H05K9/00; G06F1/16; G06F1/18; G06F1/20,G06F1/20; G06F1/16; G06F1/18; H05K9/0032; H05K7/20445,,,2026
043-787-706-858-503,RADIATOR AND ELECTRONIC DEVICE,,H05K7/20,G06F1/20; G06F2200/201; H10W40/611; H10W40/47; H05K1/0204; H05K1/021,,,2026
182-825-271-045-902,SYSTEM AND METHOD FOR COOLING A COMPUTE DEVICE,,G06F1/18; G06F1/20; H05K7/20,G06F1/20; H05K7/20709; H05K7/2049; G06F1/183; H10W40/226; H10W40/611; H10W40/242; H10W40/625; H10W40/60; H10W40/611; H10W40/60; H10W40/242; H10W40/625,,,2026
048-205-370-099-118,MIDDLE FRAME AND ELECTRONIC DEVICE,"Embodiments of this application provide a middle frame and an electronic device. The middle frame includes a middle frame body and a blocking member, the middle frame body is made of a metal material, and the middle frame body has a mounting opening in communication with an outside. The mounting opening is configured to mount a metal functional member of the electronic device, and an inner wall of the mounting opening faces the metal functional member. The blocking member is disposed on at least a portion of the inner wall of the mounting opening, and is configured to isolate the middle frame body from the metal functional member. The middle frame provided in the embodiments of this application has a relatively low risk of galvanic corrosion.",H05K7/18,H05K7/18; H05K5/0226; H05K5/04; H05K5/02; H05K7/18; H05K5/04,,,2026
082-617-318-876-315,"CIRCUIT BOARD DEVICE WITH INDUCTOR(S) FOR ROUTING POWER FROM A POWER MANAGEMENT INTEGRATED CIRCUIT (IC) (PMIC) TO A SECONDARY CIRCUIT BOARD, AND RELATED ASSEMBLY METHODS",,H05K1/14; H05K1/02,H05K1/0233; H05K1/144; H05K1/0243; H05K2201/042; H05K2201/1003; H05K2201/10098; H05K2201/10378; H05K1/144; H10W70/05; H10W70/65; H10W42/20; H10W44/20; H10W90/297; H10W90/724; H10W72/267; H05K1/0233; H05K1/0243; H05K1/145; H05K2201/042; H05K2201/1003; H05K2201/10098; H05K2201/10378; H05K2201/10015; H05K1/145; H05K2201/10015; H05K2201/1003; H10W70/65; H10W42/20; H10W44/20; H10W70/05; H10W90/00; H10W72/267; H10W90/724,,,2026
192-533-283-861-622,LAMINATE REAR COVER WITH STIFFENED FUNCTIONAL LAYER,,H04M1/18; H01Q1/24; H04M1/02,H04M1/185; H04M1/0283; H01Q1/243; H05K5/03; H05K5/04; H04M1/185; H01Q1/243,,,2026
184-877-383-702-425,伸縮性デバイス,,H05K1/11; H05K1/02; H05K3/46,H05K1/02; H05K1/11; H05K3/46; H05K1/0283; H05K1/118; H05K1/0283; H05K1/115,,,2026
140-627-075-153-833,CONTROL BOX IN ENERGY STORAGE DEVICE AND ENERGY STORAGE DEVICE,,H01H9/04; H01M10/42; H02J7/00,Y02E60/10; H01H9/04; H01M10/425; H01M50/204; H01M50/24; H01M50/271; H01M50/24; H01M50/204; H05K5/0226; H05K5/03,127-380-313-158-080; 161-726-907-417-789; 170-632-858-582-321; 057-975-594-764-698; 078-650-698-401-003; 091-704-875-069-50X,,2026
100-978-948-812-249,"SOLDER ALLOY, SOLDER PASTE, PRINTED CIRCUIT BOARD, AND ELECTRONIC CONTROL DEVICE","A solder alloy comprising Ag, Cu, Bi, Ni, and Co, with the balance being Sn, in which a Ag content is 2.5 mass% or more and 4.0 mass% or less, a Cu content is 0.6 mass% or more and 0.75 mass% or less, a Bi content is 2.0 mass% or more and 4.5 mass% or less, a Ni content is 0.01 mass% or more, a Co content is 0.01 mass% or more, a total content of Ni and Co is 0.05 mass% or less, andthe solder alloy satisfies the following formula (1): 13 ≤ 58.046 + (-4.238 × Ag) + (-11.371 × Cu) + (-4.145 × Bi) ≤ 33where the element symbol in the above formula (1) represents a content (mass%) of each element in the solder alloy.",B23K35/26; B23K1/00; B23K35/02; B23K35/362; C22C13/00; C22C13/02; H05K3/3465; H05K3/3489,B23K35/262; B23K35/0244; B23K35/025; C22C13/00; C22C13/02; B23K35/362; B23K1/0016; B23K2101/42; B23K35/262; C22C13/02; H05K1/0271; H05K1/181; H05K2201/032,088-707-797-888-096; 018-819-864-905-173; 027-204-522-438-03X; 133-271-472-994-902; 122-176-854-563-847; 105-426-676-659-717; 167-775-868-180-553; 064-219-607-791-792,,2026
019-694-855-162-187,HARNESS ASSEMBLY,,H05K1/14; H01R12/72; H05K1/11,H05K1/02; H05K1/14; H01R12/71; H05K1/142; H05K1/117; H05K2201/10356; H05K2201/10446; H05K2201/10189; H05K2201/049; H05K2201/0723; H05K2201/0919; H05K2201/09754; H05K2201/10363; H05K1/141; H01R12/727; H01R24/60; H10W70/68; H10W70/65; H10W90/401; H01R12/732; H01R13/665; H05K1/142; H05K2201/049; H05K2201/10378; H10W70/68; H10W70/657,158-552-406-760-700,,2026
175-768-674-361-481,AUTOMOTIVE LUMINOUS DEVICE,,H01R13/641; B60Q1/00; B60R16/02; H01R12/72; H01R13/66; H01R107/00; H05K1/02; H05K1/11; H05K1/14,H01R13/641; H01R13/6616; H01R2201/26; H01R2107/00; H01R12/721; H05K1/117; B60Q1/0094; F21S41/192; B60Q1/0088; H05K1/0268; H05K1/147; H05K2201/10189; H05K2201/094,,,2026
026-904-153-563-660,ELECTRICAL DEVICE,,H05K7/14,H05K7/14322; H05K7/14327,,,2026
032-435-046-607-451,VAPOR CHAMBER AND HEAT DISSIPATION APPARATUS,"The embodiments of the present disclosure provide a vapor chamber and a heat dissipation apparatus. The vapor chamber comprises: an evaporation capillary structure; a condensation capillary structure, the middle thickness of the condensation capillary structure being larger than the peripheral thickness of the condensation capillary structure; and a capillary column structure, connected between the evaporation capillary structure and the condensation capillary structure, and used for enabling a liquid working medium to flow black to the evaporation capillary structure along the capillary column structure.",F28D15/04; H05K7/20,H05K7/20336; H05K7/20318; H05K7/20309; H05K7/20327; F28D15/04; F28D15/046; F28D15/0233,,,2026
122-515-300-547-240,METHOD FOR PRODUCING SILICON NITRIDE SUBSTRATE,,C04B35/591; B65G15/10; C01B21/068; C04B35/587; F27B9/02; H05K1/03,H05K1/03; C04B35/587; H05K1/0306; C01B21/0682; C04B35/591; C04B2235/5436; C04B2235/5409; C04B2235/3225; C04B2235/428; C04B2235/6582; C04B2235/3852; C04B2235/6025; B65G15/10; F27B9/021; F27D5/0006; C04B35/591; C04B35/64; H05K1/0306; C04B2235/94; C04B2235/96; C04B35/584; C04B35/64; C04B2235/428; C04B2235/94,064-107-894-265-464,,2026
109-490-367-003-433,DEVICE FOR LOCKING AT LEAST ONE ELECTRIC WIRE AND/OR AT LEAST ONE CABLE TO A SUPPORT IN A HOUSING,,H02G1/06; G01R11/04; G01R22/06; H02G3/30; H02G3/32,H02G3/0406; H02G3/045; H02G3/08; H02G3/32; H02G3/30; H02G1/06; G01R11/04; G01R22/065; H02G3/083; H05K5/0221; H05K5/0247,086-179-906-845-193; 136-055-709-004-616; 097-768-320-991-497,,2026
177-560-355-104-381,POWER SUPPLY MODULE AND MASS SPECTROMETRY DEVICE,"The performance of a power supply module is to be improved. The occurrence of discharge in the power supply module is to be prevented, and the size of the power supply module is to be reduced. In a power supply module, substrates are provided being stacked in a planar view. A low voltage circuit and a high voltage circuit are formed on a first substrate such that a distance is kept for preventing surface discharge, and a low voltage circuit is formed on a second substrate. A distance between a component of a high voltage alternating current circuit on the high voltage circuit and a component of the low voltage circuit is three times a shortest distance, at which space discharge does not occurs, between a component that constitutes a high voltage direct current circuit on the high voltage circuit and a component that constitutes the low voltage circuit.",H02M3/335; H01J49/02; H01J49/10; H01J49/26; H02M1/00; H02M1/44; H02M3/00; H02M7/00; H05K7/14,H01J49/022; H01J49/10; H01J49/26; H01J49/42; H02M3/28; H02M3/003; H01J49/022; H02M1/009; H02M3/33561; H02M1/44; H01J49/025; H02M7/003; H01J49/10; H05K7/14339; H01J49/022; H02M3/24,104-528-463-861-912; 003-091-615-823-536; 173-585-035-631-049; 058-886-754-576-410; 049-302-943-446-561; 000-045-039-195-247,,2026
054-032-207-008-321,ELECTRONIC DEVICE,,H05K1/18; G06F1/16; H01H1/58; H01H13/02; H01H13/14; H01H13/20; H01Q1/24; H01Q1/52; H04M1/02; H04M1/23; H05K5/02,H05K1/18; H05K5/0247; H01H13/02; H01H13/14; H01H1/5805; H01H1/58; H01H13/20; G06F1/1658; G06F1/1656; H04M1/0283; H04M1/026; H04M1/236; G06F1/1658; G06F1/1656; H01Q1/243; H04M1/026; H01Q1/52; H04M1/026; H05K7/1427,,,2026
169-938-711-966-36X,ELECTRICAL CONNECTION STRUCTURE AND ELECTRONIC DEVICE,"This application provides an electrical connection structure and an electronic device, and relates to the field of interconnection technologies of a circuit board, to reduce a size of a circuit board and increase sizes of other components around the circuit board. The electrical connection structure includes a circuit board, a first connector, a third group of terminals, and a fourth group of terminals. The circuit board includes a first group of signal traces, a second group of signal traces, a first reference ground, and a second reference ground. The first reference ground and the second reference ground are spaced apart from each other. The first connector is arranged on the circuit board. The first connector includes a first group of terminals and a second group of terminals. The third group of terminals are electrically connected to the first group of terminals by using the first group of signal traces and the first reference ground. The fourth group of terminals are electrically connected to the second group of terminals by using the second group of signal traces and the second reference ground. The electrical connection structure provided in this application is used for circuit board interconnection.",H01R13/02; H01R12/71; H01R13/648,H01R13/02; H01R12/71; H01R13/648; H01R2201/16; H01R13/6471; H01R12/79; H05K1/00; H04M1/02; H05K1/0219; H05K1/147; H05K1/0215; H05K1/0218; H05K1/0245; H05K1/117; H05K1/0224; H05K1/0221,,,2026
003-294-367-120-056,CAMERA MODULE AND ELECTRONIC DEVICE COMPRISING SAME,,H04N23/54; G02B27/64; G03B5/04; H04N23/57; H04N23/68; H05K1/11; H05K1/14; H05K3/36; H05K3/46,H04N23/54; H04N23/57; H04N23/687; H05K1/148; H05K3/361; H05K3/368; H05K3/4691; H05K2201/09109; H05K2201/042; H05K2201/058; G02B27/646; G03B5/04; H05K1/11; H05K1/14; G03B5/04; G03B2205/0007; H04N23/54; H04N23/55; H04N23/687; H05K1/115; H05K1/147; H05K1/14; H05K1/118; H05K1/112; H04N23/687; H04N23/54; H04N23/51,,,2026
039-956-877-803-54X,ANTENNA DEVICE,"An antenna device according to an embodiment comprises: a substrate; and a waveguide antenna disposed adjacent to at least a part of the substrate, wherein the waveguide antenna may have a field of view (FoV) in a first direction and a FoV in a second direction different from the first direction and have at least two layers.",H01Q25/00; H01Q1/32; H01Q1/38; H01Q13/20,H01Q1/38; H01Q1/32; H01Q13/20; H01Q25/00; H01Q1/3233; H01Q25/005; H01Q13/06; H01Q1/3233; H01Q1/38; H01Q13/20; H01Q25/005; H05K2201/10098,,,2026
096-406-134-010-507,AN ENCLOSURE,"An enclosure is disclosed and in particular a stainless steel sealed enclosure for containing electrical components is disclosed. The enclosure includes a body having an aperture extending into an interior volume of the enclosure and a lid. The enclosure also includes a first seal, a second seal and a retainer plate. The first seal encircles the aperture and engages with the first surface of the retainer plate, securely fastening the first seal to the body. The second seal engages the second surface of said retainer plate, encircling the aperture. Lastly, the lid for covers the aperture of the body and engages said first seal and said second seal.",H02B1/28; H02B1/40,H02B1/28; H02B1/40; H02G3/14; H02G3/088; H05K5/061; H05K5/061,178-633-490-790-338; 083-667-738-671-705; 136-289-758-195-043; 083-215-294-429-370; 041-799-808-965-241; 062-947-057-600-762,,2026
156-233-541-308-687,PROJECTION-TYPE IMAGE DISPLAY DEVICE,"A cooling device of a projection display apparatus includes a first heat receiving unit including an opening that is rectangular. The first heat receiving unit includes a flow path part. An image display element of the projection display apparatus includes a first front face located in front of a reflective image display, a second front face parallel to the first front face and located behind and outside the first front face, and a first side face located between the first front face and the second front face. The first front face of the image display element is inserted into the opening of the first heat receiving unit, and the flow path part of the first heat receiving unit is in contact with the first side face and the second front face of the image display element via a heat conductive member. The flow path part of the first heat receiving unit includes a front face that is flush face with or in front of the first front face of the image display element.",G03B33/12,G03B21/16; H04N5/74; G03B21/008; G03B33/12; G03B21/204; G02B26/008; G02B27/1026; G02B27/0927; G02B7/008; G03B21/00; G03B21/005; G03B21/28; G02B5/04; G03B21/008; G03B21/16; H05K7/20263; H05K7/20272,087-876-074-917-819; 022-188-923-899-356,,2026
094-754-027-623-939,GUIDE COMPONENT,"A guide component has a base formed with an accommodation portion. The accommodation portion has two first sides each extending along a first horizontal direction and two second sides each extending along a second horizontal direction. The accommodation portion is provided with a first press-fit projection projecting inward in the horizontal plane from the first side and a second press-fit projection projecting inward in the horizontal plane from the second side. Under an attached state where the guide component is attached to a connector, the connector is located in the accommodation portion, is pressed against the first press-fit projection in the second horizontal direction and is pressed against the second press-fit projection in the first horizontal direction.",H01R12/70; H01R12/71; H01R12/78; H01R12/79; H01R13/631; H05K1/182; H05K1/189,H01R12/78; H01R13/631; H01R12/7064; H01R12/716; H01R12/79; H05K1/189; H05K1/182; H01R12/7005; H01R12/722; H01R12/732; H01R13/629,022-656-408-806-666; 072-123-931-964-927; 109-830-428-105-125; 136-091-821-232-57X; 017-166-421-239-552; 017-166-421-239-552,,2026
199-788-190-384-766,CIRCUIT BREAKER,"The present invention relates to a circuit breaker, comprising:- an upper terminal (1);- a lower terminal (2);- a switching element (3);- an insulation housing (6);- a heat collector (7); and- a heatsink (8);wherein the upper terminal is electrically connected to a fixed contact of the switching element;wherein the lower terminal is electrically connected to a moveable contact of the switching element;wherein the insulation housing surrounds at least part of the upper terminal, at least part of the lower terminal, at least part of the switching element;wherein the heat collector is at least partially embedded within the insulation housing, wherein the heat collector is separated from the at least part of the upper terminal, the at least part of the lower terminal, and the at least part of the switching element by material of the insulation housing;wherein at least a part of a surface of the heat collector facing outwards from the circuit breaker is not covered by material of the insulation housing; andwherein the heatsink is connected to the part of the surface of the heat collector facing outwards from the circuit breaker.",H01H9/52; H01H1/62; H01H33/66; H01H33/662,H01H9/52; H01H1/62; H01H2009/526; H01H33/66207; H01H2033/6623; H01H2033/6613; H01H69/00; H01H71/025; H05K7/20409; H05K7/20445,162-072-150-363-171; 149-688-682-620-110,,2026
188-312-651-142-338,"CERAMIC SUBSTRATE, JOINED BODY, SEMICONDUCTOR DEVICE, METHOD FOR MANUFACTURING CERAMIC SUBSTRATE, AND METHOD FOR MANUFACTURING CERAMIC CIRCUIT BOARD",,H05K1/03; H05K3/00; H05K3/12; H10W40/25; H10W70/68,H05K1/0306; H10W70/68; H10W40/255; H05K3/0026; H05K2201/09163; H05K2201/09854; H05K2201/10409; H05K2203/107; H05K3/1291; H05K1/0306; H05K3/0044; H05K3/4629,166-360-645-664-437; 043-393-685-682-42X; 081-790-685-678-452; 035-490-245-376-984; 105-146-124-037-745; 002-579-660-943-054,,2026
004-564-578-305-636,Shelving power transmission component,,H01R25/00; A47F5/10; H01R13/514; H05K7/02,A47B2220/0077; A47B2097/003; A47B97/00; A47B96/021; H01R25/00; A47F5/10; H01R13/514; H05K7/02,,,2026
031-380-497-851-769,MAGNETIC COMPOSITE,,H01F10/20; C04B35/26; H01F1/00; H05K9/00,H01F1/344; H01Q17/004; H05K9/0084; C04B35/2658; C04B35/265; C04B2235/3263; C04B2235/3206; C04B2235/3284; C04B2235/3279; C04B2235/3281; C04B2235/5436; C04B35/6263; C04B35/6262; C04B2235/5463; C04B2235/5296; C04B2235/763; C04B2235/761; C04B2235/5454; C04B2235/549; C04B2235/77; C04B2235/963; C04B2235/80; C03C17/23; C03C2217/23; C03C2218/112; H01F27/366; H01F2017/0066; C04B41/009; C04B41/4529; C04B41/87; C04B41/5036; H01F10/20; H01F1/0027; H01F10/20; H05K9/0081; C04B35/26; H01Q17/004; H01F27/288; H01F27/366; C03C17/245; H01F1/344; H05K9/0081,112-225-688-041-60X; 126-018-690-110-404; 013-246-446-165-128,,2026
190-602-351-400-128,冷却器、半導体装置、及び車両,,H10W40/47; H05K7/20; H10W40/22,H05K7/20; H10W40/10; H10W40/77; H10W40/40; H10W40/47; H10W90/734; H10W90/00; H10W72/871; H10W90/754; H10W72/886; H10W72/884; H10W90/764; H10D80/30; H10W40/40; H10W40/77; H10W90/00; H10W72/871; H10W72/884; H10W72/886; H10W90/734; H10W90/754; H10W90/764,,,2026
035-002-938-575-569,ROUTING APPARATUS,,B23Q11/00; B23Q1/70; B23Q11/08; H05K3/22,B23Q11/0046; B23Q11/0866; B23Q1/70; H05K3/0052; H05K2203/0228; H05K2203/0257; H05K2203/082; H05K2203/085; H05K2203/1509; H05K3/0052; B08B9/035; B08B1/12,,,2026
098-428-969-420-184,AN ARRANGEMENT FOR COOLING POWER SEMICONDUCTOR DEVICES OF A CONVERTER,"An arrangement for cooling power semiconductor devices (2) of a converter (1) arranged in a closed casing (3) with the semiconductor devices in a bottom of the casing on top of a heat sink (5) having members (6) for heat exchange extending externally of the casing out from the bottom comprises a channel (8) for conducting a flow of air to pass said members (6) for cooling thereof, in which a first portion (7) of the channel has the casing bottom as a ceiling and receiving said members (6). A fan (9) is located with a suction side connected to the first channel portion (7) to create a flow of air from an inlet (16) from the exterior (19) into the channel while passing the heat sink members. The fan (9) is provided with an inlet cone (12) arranged to allow air to be drawn all around into the fan.",H05K7/20,H05K7/20918; H05K7/20172; B61C17/04; H10W40/22; H10W40/43,002-867-309-632-984; 169-902-405-506-416; 098-110-482-310-936,,2026
105-486-094-828-706,"TEXTURE STRUCTURE, COVER PLATE, MOBILE TERMINAL, AND PREPARATION METHOD FOR COVER PLATE",,B44C5/04; G02B5/18; H04M1/02; H05K5/03,G02B5/1819; H04M1/0283; G02B5/18; H05K5/03; B44C5/04; G02B5/1823; G02B5/1861; G02B5/1857; H04M1/0283; H04M1/02; B44F1/02; B44F1/10; B44C5/00; H04M1/0283; H05K5/03; G02B5/1823; G02B5/1857; G02B5/1861; H04M1/0283,118-503-846-390-780; 048-673-580-327-067; 159-641-291-900-208; 102-161-892-195-515,,2026
095-068-187-778-75X,SURGICAL INSTRUMENT AND ASSEMBLING METHOD THEREFOR,"The present application relates to a surgical instrument and an assembling method therefor. A power source discharging mechanism includes a circuit board and a sliding member. The circuit board includes a discharging circuit, a conductive sheet, and a conductive contact surface. A fixed terminal of the conductive sheet is fixed to the circuit board, and the conductive contact surface faces an extension section of the conductive sheet. The sliding member is opposite to the conductive sheet and can linearly move relative to the power source assembly. At a first position, at least a portion of the extension section of the conductive sheet is separated from the conductive contact surface. At a second position, at least a portion of the extension section of the conductive sheet is in contact with the conductive contact surface. The discharging circuit in the present application is turned on or turned off only based on a contact/separation relationship between the conductive sheet and the conductive contact surface, which is no longer limited to contact/separation between paired contact terminals of a discharging mechanism and a power source.",A61B17/072; H01H1/06; H02J7/00,A61B17/072; A61B17/00; H05K1/18; H01H1/06; H02J7/855; Y02E60/10; H02J7/751; H02J7/855; A61B2017/00734; A61B17/00; H02J7/751; H02J7/855; A61B17/00; A61B2017/00734,,,2026
000-989-619-563-614,METHOD AND DEVICE FOR SEPARATING HIGH LEVEL ELECTROMAGNETIC DISTURBANCES FROM MICROWAVE SIGNALS,,H01Q1/52; H01Q1/00; H04B15/02,H04B1/0475; H04B2001/0441; H05K9/0052; H04B15/02; H10W42/20; H05K9/0007; H05K9/0052; H04B2001/0441; H03H7/0153; H04B1/0475; H05K9/0088; H04B15/02; H05K9/0052; H05K9/0088; H04B1/0475; H04B2001/0441; H10W42/20; H05K9/0007; H04B1/0475; H05K9/0088; H03H7/0153; H10W42/20,183-695-471-097-065; 015-982-996-577-053,,2026
188-783-683-994-106,PHOTOVOLTAIC INVERTER,,G01R31/52; G01R15/18; G01R31/42; G01R35/00; H02H1/00; H02H3/04; H02H5/10; H02S50/10,H02H1/0015; G01R31/52; G01R35/00; G01R31/42; G01R15/181; H02S50/10; H02M7/003; H05K2201/10151; H05K1/181; H05K7/1427,,,2026
011-616-575-045-715,"INFORMATION ACQUISITION ASSEMBLIES, BATTERY PACKS AND ELECTRICAL DEVICES","An information acquisition assembly (4) includes a circuit board and a conductive bar. The circuit board includes a circuit board body (1) and a plurality of circuit board branches (2). The conductive bar includes a plurality of conductive components (3). At least one of the circuit board branches (2) is electrically connected between the circuit board body (1) and one of the conductive components(3), and is separate from the circuit board body (1) and the one of the conductive components (3).",H01M10/42; G01R31/36; H01M50/519; H01M50/569; H05K3/328,H01M10/425; H01M50/519; H05K3/328; H01M50/569; H05K1/147; H05K1/0271; Y02E60/10; H05K1/0296; H05K1/115,192-661-015-701-530; 000-119-852-431-66X; 176-383-888-768-50X,,2026
077-866-703-629-288,"SEALING ELEMENT FOR SEALING A PASSAGE FOR A CABLE ASSEMBLY THROUGH A WALL, AND ITS USE IN HOUSING FOR ACCOMMODATING DEVICES SUCH AS ELECTRICAL, ELECTRONIC AND OPTICAL DEVICES",,F16L5/10; H02G3/22,F16L5/10; H02G3/22; H05K7/1491; H05K5/069; H02G15/013; H02G3/22; H02G15/013; H05K5/069; H05K7/1491,,,2026
129-887-057-088-866,WATERPROOF ASSEMBLY AND ELECTRONIC DEVICE,,H05K5/06; A45C11/00; A45C13/00; H05K7/14,H05K5/06; H05K5/069; H05K5/068; H05K7/14; H05K5/069; H04M1/18; A45C13/008; A45C11/002; A45C11/22; A45C11/003; A45C11/001; G04B37/08; G04G17/08; H01H15/102; H04R1/023; H04R1/028; H04R1/086; H04R2499/15; H05K5/069,,,2026
103-201-856-416-472,ULTRASONIC PROBE AND FLEXIBLE PRINTED CIRCUIT BOARD,,A61B8/00,A61B8/56; A61B8/4466; A61B8/4405; A61B8/4427; A61B8/4472; A61B8/4488; A61B8/4444; H05K1/147; A61B2562/166; G01S7/52082; G01S7/52084; G10K11/355,,,2026
184-346-767-082-365,"OPTICAL SIGNAL ADAPTER ASSEMBLY HAVING LOSSY WAVEGUIDE, AND OPTICAL SIGNAL ADAPTER SYSTEM","This application relates to the field of communication technologies, and discloses an optical signal adapter assembly with a lossy waveguide, a connection core, a connector structure, an adapter structure, an optical signal adapter system, and an electronic device. The optical signal adapter assembly includes a connector core, an adapter, a first conductive layer, and a second conductive layer. The connector core is made of a plastic material. A plastic base material of the adapter is doped with a conductive filler and/or a magnetic filler. A slot is provided in the adapter, and the connector core is inserted in the slot. The first conductive layer is located between the connector core and the adapter and encloses the connector core. The second conductive layer encloses the adapter. A waveguide structure in the optical signal adapter assembly can change a transmission path of electromagnetic waves, so that the transmission path of the electromagnetic waves falls as much as possible into an area in which the adapter is located, thereby increasing an electromagnetic wave loss caused by the adapter. Based on this, the electromagnetic wave loss can be increased, and a shielding effect can be improved.",G02B6/38,G02B6/3825; G02B6/3817; G02B6/4277; H05K9/0075; H05K9/00; G02B6/42; G02B6/38; G02B6/4277; G02B6/3817; G02B6/3825,,,2026
178-954-849-269-854,HOUSING HAVING INTERNAL PRESSURE REDUCTION,,H05K5/02; H01H9/04; H02B1/28; H02K5/136,H01H9/042; H02B1/28; H02K5/136; H05K5/0213; H02B13/025; H05K5/0217; H05K5/0209; H05K5/0213,165-039-808-573-023,,2026
120-649-987-625-508,SELF-ALIGNING MECHANICAL MOUNT AND ELECTRICAL CONNECTION SYSTEM FOR ELECTRONIC MODULES WITH FEATURES FOR ROBOTIC ASSEMBLY,,H01R13/73; H01R12/57; H01R13/518; H01R13/631; H01R13/635; H01R13/64; H01R13/66; H01R107/00,B60R16/02; H01R2201/26; H01R13/73; H01R13/6315; H01R13/66; H01R12/57; H01R2107/00; B60R16/0239; H05K5/0065; B60R16/0207; B60R16/0239; H01R12/7082; H01R12/771; H01R13/518; H01R13/631; H01R2201/26; H02G1/06; H02G3/32; H05K7/04; H05K7/12,128-025-126-221-97X; 160-127-771-775-892,,2026
158-094-141-301-182,CERAMIC CIRCUIT SUBSTRATE AND SEMICONDUCTOR DEVICE USING SAME,,H10W70/68; H05K1/03; H10W70/60; H10W70/66; H10W70/692; H10W72/00; H10W74/00; H10W90/00,H05K1/0306; H10W70/68; H10W70/60; H10W70/692; H10W70/66; H10W90/734; H10W72/884; H10W74/00; H10D62/57; H10W70/413; H10W70/66; H10W74/111,173-061-345-860-026; 057-320-762-671-646; 186-335-254-199-655,,2026
147-928-514-168-839,導電性粒子、導電材料及び接続構造体,,H01B5/00; B22F1/00; B22F1/05; B22F1/06; B22F1/10; B22F1/14; B22F1/17; B22F1/18; H01B1/00; H01B1/22; H01B5/16,H01R13/02; H01R13/03; H01R12/71; H01B1/00; H01B1/22; H01B5/16; H01B5/00; H01R11/01; H05K3/32; H01B1/22; H01B5/16; H01R11/01; H01B1/02; H05K3/323,,,2026
156-088-392-734-843,PATTERN TRANSFER PRINTING SYSTEM AND METHOD,,H05K3/12; B41F16/00,B41F16/008; H05K3/1275; H05K3/107; H05K3/1258; H05K1/0393; B41J2/442; B41M5/24; H05K2203/1545,,,2026
176-153-313-929-524,球状アルミナ粉末,,C01F7/021; B29B11/16; B32B5/10; C08K13/04; C08L101/00; H05K1/03,B29B11/16; B29K2105/06; B32B5/10; C01F7/021; C08K3/22; C08K7/18; C08K13/04; C08L101/00; H05K1/03; C01F7/02; C01F7/021; C08J5/24; C08J5/10; C08K3/22; B32B15/08; C08K2003/2227; C01P2006/12; C01P2004/32; C01P2004/61,,,2026
011-144-638-901-732,WORK MACHINE,,E02F9/00; F01P3/12; F01P3/20; F01P5/02; F01P7/04,F01P5/02; F01P3/20; F01P3/12; F01P7/04; E02F9/00; B60K11/02; E02F9/2285; E02F9/207; E02F9/0866; B60K2001/006; E02F9/2095; F15B21/0423; B60K11/02; B60K2001/006; E02F9/0866; E02F9/2004; E02F9/207; E02F9/2095; E02F9/2203; E02F9/226; E02F9/2285; E02F9/2292; E02F9/26; F15B15/18; F15B19/00; F24F11/77; F04D25/08; H05K7/20836; H05K7/20209,033-004-784-128-016; 175-893-898-546-090; 138-657-396-027-702,,2026
042-210-058-151-805,ブロックコポリマー及びその使用,,C08L53/02; B32B15/082; C08F8/04; C08F287/00; C08F297/04; H05K1/03,C08F297/023; C08F297/044; C08F112/12; C08L53/00; C08L2201/02; C08J5/24; C08L53/00; C08L53/025; C08F297/044; H05K1/0373; C08J5/24; B32B15/20; B32B15/14; B32B5/024; B32B5/26; B32B17/04; B32B2262/101; B32B2260/021; B32B2260/023; B32B2260/046; B32B2250/40; B32B2457/08; B32B2307/204; B32B2307/206; B32B2307/302; B32B2307/714; B32B2307/51; B32B2307/54; B32B2307/3065; C08J2353/00; C08J2353/02; C08J2300/206; C08L53/025; C08L101/005; C08F297/04; C09D153/025; C08J5/24; B60C1/00; C08F212/08; C08F236/045; C09D125/10; C09D147/00; C08J2300/206; C08F236/10; C08J5/24; C08F212/06; C08F297/044; C08F293/005; C08F212/02; C08F232/06; C08F297/042; C08F293/00; C08F297/046; C08F297/048; C08F212/04; C08F212/36,,,2026
190-133-741-110-645,CONNECTOR ASSEMBLY FOR HIGH-SPEED WIRELESS COMMUNICATION BETWEEN VEHICLES,,H04W4/46,H05K9/0007; H04W4/40; H04W4/46; H04B7/24; H01Q1/526,,,2026
074-147-938-656-07X,FLEXIBLE DISPLAY AND ELECTRONIC DEVICE COMPRISING SAME,,G06F1/20; G06F1/16; H04M1/02,G06F1/20; G06F1/203; G06F1/1652; H04M1/0268; H04M1/0214; H04M1/0235; H04M1/0268; H05K7/20963,049-791-983-309-254; 155-646-028-811-811,,2026
162-391-529-866-580,"LASER PROCESSING APPARATUS, METHODS OF OPERATING THE SAME, AND METHODS OF PROCESSING WORKPIECES USING THE SAME","Numerous embodiments are disclosed. Many of which relate to methods of forming vias in workpieces such as printed circuit boards. Some embodiments relates techniques for indirectly ablating a region of an electrical conductor structure of, for example, a printed circuit board by spatially distributing laser energy throughout the region before the electrical conductor is indirectly ablated. Other embodiments relate to techniques for temporally-dividing laser pulses, modulating the optical power within laser pulses, and the like.",B23K26/067,B23K26/382; B23K26/082; B23K26/0622; B23K26/0626; B23K26/386; G02F1/33; H05K3/0038; B23K26/082; B23K26/0673; B23K26/0624; B23K26/082; B23K26/0624; B23K26/0673; B23K26/386; H05K3/0038; G02F1/33; B23K26/0648; B23K26/0622; B23K26/082; B23K26/0626; B23K26/362; G02F1/33; G02F2203/11,189-280-077-512-80X; 124-237-869-029-216; 076-433-438-292-660; 108-312-926-395-931; 045-808-026-038-010; 189-602-586-172-152; 009-921-206-851-251; 152-772-791-749-415; 153-544-590-810-381; 068-831-219-836-473; 123-250-753-860-286; 029-871-629-034-651; 041-940-978-373-302; 098-984-595-005-994; 093-493-257-590-934; 049-848-917-202-090; 174-965-958-465-908; 045-301-211-728-918; 178-445-628-882-123; 016-934-363-910-100; 098-838-947-587-591; 174-421-866-432-599; 078-591-119-646-835; 139-634-603-709-664; 149-443-070-263-428; 098-742-375-925-21X; 043-247-359-413-739; 155-543-139-360-716; 156-423-284-846-675; 026-661-879-129-835; 152-577-181-906-547; 180-306-076-172-095; 016-873-384-117-164; 031-954-515-614-944; 138-028-993-093-343; 137-068-061-135-97X; 136-486-065-368-063; 068-439-575-838-620; 165-551-636-675-21X; 020-755-419-947-510; 060-706-116-869-615; 041-760-124-421-528; 173-425-687-944-013; 109-584-103-941-386; 133-832-805-140-92X; 039-040-916-154-088; 087-293-760-609-299; 018-163-241-817-725,,2026
170-838-152-176-616,ELECTRONIC DEVICE,,H05K7/20; G06F1/20; G11B33/14,G06F1/20; G06F1/183; G06F1/182; H05K7/20145; H05K5/0214; H05K7/20145; H05K7/20154; H05K7/20181; H05K7/20409,044-557-476-091-142; 055-527-163-730-726,,2026
197-291-398-820-321,ELECTRONIC DEVICE AND METHOD OF COOLING THEREOF,,H05K7/20,H05K7/20236; H05K7/20272; H05K7/20927; H05K5/067; H05K5/068; H05K7/20236; H05K7/20272; H05K7/20927,,,2026
143-404-268-835-233,FRONT MAINTENANCE APPARATUS FOR TILED LED DISPLAY,,G09F27/00; G09F9/302,G09F27/005; G09F9/3026; G09F9/3026; G09F27/005; F16B5/0621; H05K5/0217,165-127-942-854-969,,2026
039-797-908-199-82X,"TWO-PHASE LIQUID COOLING SYSTEM DESIGN METHOD, AND TWO-PHASE LIQUID COOLING SYSTEM","Provided are a design method for a two-phase liquid-cooling system and a two-phase liquid-cooling system. The design method for a two-phase liquid-cooling system comprises the following steps: determining, according to set power of a heating element on each branch under standard operating conditions, a first total flow rate and a first total flow resistance of the system under standard operating conditions; matching a first pump according to the first total flow rate and the first total flow resistance; evaluating the system at least under harsh operating conditions after selecting the first pump for the system; and determining, according to the evaluation result, whether the system design satisfies requirements.",H05K7/20,H05K7/20381; H05K7/20327; H05K7/20,,,2026
080-213-079-218-791,ELECTRICAL ASSEMBLY FOR A CRYOGENIC COOLING SYSTEM,,H05K7/20,H05K7/20372; H05K2201/042; H05K1/147; H05K3/4691; H05K7/20372; H05K1/147; H05K3/4691; H05K2201/042,,,2026
058-175-873-820-702,ELECTRONIC DEVICE COMPRISING HEAT DISSIPATION STRUCTURE,"An electronic device according to an embodiment of the present disclosure comprises: a first support member at least partially comprising a thermally conductive material; a printed circuit board arranged to face the first support member; an integrated circuit chip arranged between the first support member and the printed circuit board, arranged on one surface of the printed circuit board, and equipped with a processor; a solid-state thermal interface material (TIM) with compressibility, of which at least a portion of one surface is in contact with the integrated circuit chip and at least a portion of the other surface is in contact with the first support member, to transfer heat between the integrated circuit chip and the first support member; and a shielding film which is arranged between the TIM and the first support member and partially attached to the TIM and provides a first opening allowing a portion of the other surface of the TIM to be attached to the first support member. In an embodiment, the TIM comprises a first portion that is in contact with the integrated circuit chip and a second portion laterally protruding from the first portion. In an embodiment, the second portion is at least partially attached to the shielding film. Other various embodiments are possible.",H05K7/20; G06F1/20; H05K9/00,H05K7/20; H05K9/00; G06F1/20; G06F1/203; H05K7/2039; H05K7/20963; H05K9/0024; H05K2201/064; H05K2201/10128,,,2026
047-932-402-800-349,An enclosure,"An enclosure (10, fig. 1) with a body 112, having a front wall 118, rear wall (20, fig. 1), and at least one side wall, the front wall having an aperture 124 allowing access to the body interior. A first surface of a retainer plate (138, fig. 5) fixes a first seal 116 to the front wall of the enclosure, encircling the aperture. A second seal 156 engages a second surface (140, fig. 5) of the retainer plate, and a lid 114 covers the aperture, engaging the first and second seals. Optionally there is a third seal 160, adjacent to the first seal and engaging the first surface of the retainer plate, which may be removable or fixed. The retainer plate may comprise a metal rim that engages the body of the enclosure, forming a recess for the first seal to engage. Optionally, the first, second, or both seals may be fixed or removeable. The lid may comprise a front surface with at least one extending side with an edge that engages the first seal.",H05K5/06,H02B1/28; H02B1/40; H02G3/14; H02G3/088; H05K5/061; H05K5/061,107-012-686-095-284; 083-667-738-671-705; 097-383-334-408-250,,2026
152-426-946-528-771,組み立てが容易な大電流複合回路基板及びその製造方法,,H05K1/02; H05K1/11; H05K3/00; H05K3/04; H05K3/28,H05K3/32; H05K1/0271; H05K1/0266; H05K1/0256; H05K1/115; H05K1/056; H05K2201/0364; H05K2203/1305; H05K2203/162; H05K3/4046; H05K2201/10409; H05K2201/10287; H05K2201/10295; H05K2201/10371; H05K3/043; H05K2203/0228; H05K2203/107; H05K2201/0999; H05K2201/09936; H05K2203/162; H05K1/181; H05K3/325; H05K1/0263; H05K3/281; H05K3/386; H05K3/4644; H05K1/0265; H05K3/28,,,2026
020-554-142-636-056,HEAT DISSIPATION DEVICE AND POWER MODULE ADAPTED THERETO,"A heat dissipation device (100, 100a, 100b) adapted to a power module includes a first plate body (20, 20a, 20b) and a second plate body (30, 30a, 30b). The first plate body (20, 20a, 20b) includes a first plate element (21) having a first surface (211) and a second surface (212) opposite to each other, wherein the first surface (211) faces toward a heat source in the power module, and the first plate element (21) includes plural holes (22, 22a, 22a', 22b, 22b') penetrating the first surface (211) and the second surface (212). The second plate body (30, 30a, 30b) is stacked with the first plate body (20, 20a, 20b) and includes a second plate element (31) and plural protruding elements (32, 32a, 32a', 32b, 32b'). The second plate element (31) includes a third surface (311) and a fourth surface (312) opposite each other, wherein the third surface (311) is adjacent to the second surface (212), and the plural protruding elements (32, 32a, 32a', 32b, 32b') are disposed on the third surface (311). At least a portion of the plural protruding elements (32, 32a, 32a', 32b, 32b') penetrate in the plural holes (22, 22a, 22a', 22b, 22b') and contact with the heat source.",H01L23/373; H01L23/367; H01L23/473,H10W40/228; H10W40/255; H10W40/47; H05K1/021; H05K2201/064; H05K2201/066,161-627-260-589-876; 187-290-995-256-397; 121-938-452-999-690,,2026
073-954-005-619-730,SLIDE RAIL ASSEMBLY,,A47B88/493; H05K7/14,A47B88/493; A47B2210/007; H05K7/1489; A47B88/49; A47B88/497; A47B88/443,042-410-831-663-135; 004-558-047-509-655,,2026
052-318-460-759-007,SOLDER FOR ELECTRONICS ASSEMBLY AND METHOD OF FORMING A SOLDER JOINT,,H05K1/02; H05K3/34,B23K35/0233; B23K35/302; H05K1/0204; B23K35/262; B23K35/0238; H05K3/3478; H10W72/01351; H10W72/01315; H10W72/322; H10W72/352; H10W72/345; H10W72/355; H10W72/073; H10W72/07333; H10W72/07335; B23K35/0238; B23K35/0233; B23K35/302; B23K35/262; H05K3/3478; H05K2201/0338; H05K1/0204; H10W90/734; H10W72/01351; H10W72/01315; H10W72/322; H10W72/352; H10W72/345; H10W72/355; H10W72/073; H10W72/07333; H10W72/07335; B23K35/0238; B23K35/302; B23K35/262; H05K3/3478; H05K1/0204; H05K2201/0338; H10W72/013; H10W72/30; H10W72/352; H10W72/355; H10W72/01357; B23K2101/40; B23K2101/42; B23K1/0016; B23K35/302; B23K35/404; H10W72/352; H10W72/355; H10W72/07336,,,2026
165-415-305-393-844,PRINTED CIRCUIT BOARD AND ELECTRONIC DEVICE,,H05K1/02; H05K1/18; H05K3/46,H05K1/0271; H05K2201/0195; H05K3/4688; H05K1/181; H05K1/0298; H05K1/0393; H05K1/115; H05K3/4602; H05K3/4623,,,2026
050-216-549-408-73X,アクティブ２相ミストストリーム冷却システム,,G06F1/20; F28C3/08; H05K7/20; H10W40/73,H05K7/20345; F28D15/0266; H05K7/20354; H05K7/20809; H10W40/475; H10W40/73; F25B1/005; F25B39/04; F25B31/00; H10W40/40; H10W40/73; H05K7/20318; H05K7/20327; H05K7/20354; H05K7/20345,,,2026
084-362-601-931-51X,"IMMERSION LIQUID COOLING SYSTEM, CONTROL METHOD, AND CONTROL APPARATUS",,H05K7/20; G06F1/20,G06F1/20; H05K7/203; H05K7/20818; H05K7/20836; G06F1/206; G06F2200/201,044-116-718-952-555; 011-627-484-465-11X,,2026
134-273-796-883-34X,DISPLAY APPARATUS,,G09F9/302; G06F1/16; G06F9/00; G09F9/33; H05K5/00; H05K9/00,G09F9/33; G09F9/3026; G09F9/00; G06F1/1601; G06F1/1656; H05K9/0064; G09F9/3026; G09F9/33; H05K5/0017; H05K9/0007; H05K9/0064; H10H29/24; H05F3/02; H05K5/0247; H05K5/06,138-365-347-243-527; 068-086-311-277-566; 017-165-830-846-631,,2026
164-815-422-793-501,電気接続箱,,H02G3/16; H01H45/12; H05K7/06,H02G3/08; H02G3/03; H01H50/14; H01H50/54; H02G3/16; H02G3/081; H02G3/03; H02G3/03; H02G3/081; H02G3/16; B60R16/0239; H05K7/2039,,,2026
060-506-790-338-721,"ENERGY STORAGE MODULE, ENERGY STORAGE APPARATUS, AND POWER GENERATION SYSTEM",,H01M10/617; H01M10/6556,H02J3/381; H02S40/38; H02S40/345; H02S40/425; H05K7/20909; H01M10/617; H01M10/6556; H01M10/6561; H02J2101/24; Y02E70/30; Y02E60/10; Y02E10/56; H02J7/35; H02J3/32; H01M10/617; H01M10/6561; H01M10/613; H01M10/6556; H01M10/6563; H01M10/625; H01M10/6557; H01M10/647; H01M10/627; H01M50/209; H01M10/613; H01M10/6561; H01M10/6556,,,2026
147-145-183-584-051,ELECTRONIC DEVICE HAVING WATERPROOF FUNCTION,,H05K5/06; G06F1/16; H04M1/02; H05K5/00; H05K5/03,H04M1/02; H04M1/0264; G06F1/1656; H05K5/062; H05K5/03; H04M1/0264; H05K5/0018; H05K5/03; H05K5/06,,,2026
062-216-312-581-951,ELECTRIC CONTROL DEVICE AND AIR CONDITIONER,"An electronic control device includes: an electronic control box (12-10); and an electronic control assembly (12-20), including an electronic control mounting member (12-218) in the electronic control box (12-10), and a main board (12-202) and a fan drive board (12-203) at two opposite sides of the electronic control mounting member (12-218), respectively, and connected to the electronic control mounting member (12-218). The main board (12-202) is electrically connected to the fan drive board (12-203).",F24F11/88; F24F11/89; H05K7/02,F24F11/88; H05K7/02; F24F11/89,,,2026
041-887-935-093-925,A CONNECTOR-LESS PCB-TO-PCB FITMENT ASSEMBLY FOR COMPACT ELECTRONIC DEVICES,"An apparatus comprises a sheet metal bracket configured to be mounted near a power source. The sheet metal bracket includes a plurality of notched sections along an edge, each notched section defining a mounting feature with one or more apertures configured to receive and retain one or more electrical equipment devices in a fixed position relative to the power source using a fastening element. The apparatus further includes a wire trough integrated with the sheet metal bracket and configured to contain and route wiring from the electrical equipment devices in an organized manner.",H05K1/11; H05K1/14; H05K3/36,H05K2201/09036; H05K2203/167; H05K2201/09163; H05K1/117; H05K3/366; H05K2201/048; H05K1/141; H05K2201/209; H05K1/142; H05K1/144; H05K3/368; H05K3/403; H05K1/184; H05K2201/09063; H05K2201/0919; H05K2201/09145,,,2026
176-972-482-549-062,"ELECTRIC DRIVE CONTROLLER, ELECTRIC DRIVE SYSTEM, AND AUTOMOBILE",,H05K7/14,H05K5/0056; H05K5/0069; H05K5/069; B60L15/20; B60L1/00; Y02T10/72; H05K7/14322,198-631-301-700-767; 013-128-504-374-992; 163-995-640-976-714,,2026
075-062-864-625-732,PROTECTIVE BOOT FOR AN ELECTRONIC DEVICE,"A protective boot for an electronic device is disclosed. The electronic device comprising a guide rail on a side of the electronic device. The protective boot comprising a rim that is configured to extend around a periphery of the electronic device, a strap portion that comprise a first portion that extends from the rim, and a bottom portion that defines a cut-out relative to the first portion of the strap portion. Further, the cut-out is configured to allow the guide rail of the electronic device to mate with a corresponding feature of a charging base when the rim of the protective boot extends around the periphery of the electronic device.",H04M1/02; H04M1/04; H04M1/72409,H04M1/04; H04M1/0203; H04M1/72409; G06F1/1629; G06F1/1635; G06F1/1658; H05K5/0234; H05K5/0247,159-634-350-762-445; 107-496-373-423-324; 119-261-195-335-602,,2026
098-957-106-835-88X,CAMERA ASSEMBLY AND ELECTRONIC DEVICE,,H05K1/14; H04N23/50; H04N23/51; H04N23/57; H04N23/68; H05K1/02; H05K1/18,H04N23/50; H04N23/57; H05K1/147; H05K1/189; H05K1/0277; H04N23/51; H04N23/50; H04N23/57; H04N23/687; H05K2201/051; H05K2201/055; H04N23/50; H04N23/57; H04N23/685; H04N23/57; H04N23/51,,,2026
163-616-509-729-889,ASSEMBLY FOR A CAPACITIVE BLOCK WITH INTEGRATED RETENTION MEMBERS,,H01G11/18; H01G2/04; H01G2/10; H01G11/08; H01G11/82; H01M10/625; H01M10/6554; H01M50/271; H05K7/14,H01G2/04; H01G11/18; H01G11/82; H01G2/106; H01G11/08; H01M10/6554; H01M10/625; Y02E60/10; H01M50/271; H05K7/14329; H01M50/271; H01G11/82; H05K7/14329,,,2026
008-395-272-420-78X,軟磁性合金粉及びその製造方法、並びに軟磁性合金粉から作られるコイル部品及びそれを載せた回路基板,,H01F1/24; B22F1/00; B22F1/05; B22F1/14; B22F3/00; C22C38/00; H01F1/147; H01F1/33; H01F17/04; H01F37/00,H01F1/14766; H01F1/14791; H01F41/02; B22F1/16; B22F1/142; C22C38/18; C22C38/06; C22C38/02; C22C33/0278; B22F2999/00; C22C2202/02; H01F1/14766; H01F1/14791; H01F1/33; H01F27/255; H01F17/04; H01F2017/048; H01F27/292; B22F1/142; B22F1/16; H01F1/14791; H01F27/255; H01F27/2804; H01F1/14766; H05K1/181; C22C38/18; B22F2301/35; C22C38/02; H05K2201/1003; H01F2027/2809; C22C2202/02; C22C38/06; B22F1/142; B22F1/16,,,2026
119-748-059-328-218,COVER COMPONENT AND ELECTRONIC DEVICE UNIT,,H05K5/02; G06F1/16; H05K5/03,Y02E60/10; H05K5/03; H05K5/0221; G06F1/1629; G06F1/1626; H05K5/0217; H05K5/03,144-193-069-429-899; 021-904-708-388-869,,2026
135-657-000-502-775,Loudspeaker apparatus,"The loudspeaker apparatus includes a case 1, a loudspeaker assembly 3, at least one heat sink 2, and an air deflector part 6, 60, 61. The loudspeaker assembly is disposed on the case. The heat sink is disposed on the case, and the heat sink is adjacent to the loudspeaker assembly. The air deflector part is disposed on the case, the air deflector part is arranged around the loudspeaker assembly and the heat sink, and airflow generated when the loudspeaker assembly vibrates to generate sound is deflected to the heat sink by the air deflector part. The heat sink 2 may extend through the wall of the enclosure (fig 2). The loudspeaker apparatus may include a heat pipe (4, fig 4) that abuts against the loudspeaker assembly and the heat sink. This loudspeaker apparatus solves the problem of low heat dissipation efficiency of existing loudspeakers.",H04R1/02,H04R1/02; H04R1/021; H04R2201/02; H04R1/025; H05K7/20145; H05K7/20154; H05K7/20409,081-500-449-224-178; 026-668-902-752-038; 190-306-061-168-977; 145-045-276-493-617; 020-918-552-715-827,,2026
139-244-489-791-436,MULTILAYER BOARD STRUCTURE AND DISPLAY DEVICE,"A multilayer board structure includes a plurality of light emitting devices, each light emitting device of the plurality of light emitting devices having a plurality of electrodes formed on a terminal surface thereof, and a multilayer board including a plurality of stacked substrates and implemented with the plurality of light emitting devices. An uppermost substrate of the plurality of stacked substrates has a surface formed with metal layers coupling electrodes of the plurality of light emitting devices. Remaining substrates of the plurality of stacked substrates, other than the uppermost substrate, have surfaces formed with metal layers, respectively. A number of metal layers located directly below the electrodes of the plurality of light emitting devices is the same for each of the electrodes.",H10H29/49; H05K1/02; H05K1/181; H10H29/85,H10H29/49; H10H29/8508; H05K3/3431; H05K2201/10106; H10H29/14; H10H29/8321; H05K1/0298; H05K2201/09781; H05K1/181; H05K1/113; H10H29/8508; H10H29/857,023-435-190-308-003; 155-213-728-467-691; 189-855-634-536-164; 061-314-366-027-81X; 146-584-294-622-514,,2026
163-342-259-352-381,電子デバイス及びその製造方法,,H10W42/20; C09D11/101; H05K1/02; H05K9/00; H10W74/01; H10W74/10; H10W74/47,C09D11/52; H05K3/284; H05K2203/1322; H05K2201/0715; H05K1/0218; C09D11/101; C09D11/38; H10W74/01; H10W99/00; H10W74/00; H10W74/40; H10W74/10; H10W74/114; H05K1/0215; H05K1/0216; H05K1/181; H05K2201/0761; H05K2203/013; H05K2203/1377,,,2026
084-131-577-958-983,ELECTRICAL FEEDTHROUGH AND METHOD FOR THE PRODUCTION THEREOF,"Es wird eine elektrische Durchführung (1) bereitgestellt umfassend einen Grundkörper (10) mit mindestens einer Öffnung (12), durch die ein elektrischer Leiter (30) hindurchgeführt ist und in der Öffnung (12) über ein Fixiermaterial (20) gehalten ist, wobei das Fixiermaterial (20) die Öffnung (12) verschließt und wobei der Grundkörper (10) eine längliche Form aufweist und zumindest an den Rändern der langen Seiten eine Verstärkungsstruktur aufweist. Die Verstärkungsstruktur ist als erhöhter Randbereich (16) ausgeführt ist, der gegenüber einer Grundebene (11) des Grundkörpers (10) vertikal versetzt ist.",H01B17/30; H02G3/08; H02G3/22; H02G15/013; H05K5/02,H01B17/305; H02G3/22; H02G3/088; H02G15/013; H05K5/069,023-985-433-683-825; 042-832-674-771-449; 133-807-838-826-122; 001-606-892-511-853,,2026
133-549-213-601-426,一种基于增材制造技术的填充型阶梯结构吸波体及制备方法与应用,本发明属于吸波器件技术领域，公开了一种基于增材制造技术的填充型阶梯结构吸波器，包括基于FDM技术成型的PLA阶梯型空腔结构、复合吸波剂和接地金属底层，吸波体为五层阶梯单元周期排列组成，从上至下分别为透波层、匹配层、吸波层、再吸波层、金属反射层；复合吸波剂为rGO‑Fe3O4/Ec复合微球材料与石蜡定比例混合填充组成且不同层间rGO‑Fe3O4/Ec复合微球材料的石墨烯含量不同；接地金属底层为电导率较高金属薄板。该吸波体带宽可在一定范围通过rGO‑Fe3O4/Ec微球复合中石墨烯的含量以及阶梯层厚度协同调节，能达到2‑18GHz范围内全频段的有效吸收（‑10 dB）。,H05K9/00; H01R4/64,H05K9/0088; H01R4/64; Y02P10/25,,,2026
119-324-448-110-176,Foldable display apparatus including a hinge assembly,"A foldable display apparatus may include: a housing frame including a first frame and a second frame; a hinge assembly coupled to the first frame and the second frame to implement a folding and unfolding movement of the first frame and the second frame; and a display panel disposed on the first frame and the second frame. The hinge assembly may include: a plurality of hinge arms each coupled to one of the first frame and the second frame; a hinge housing disposed below the plurality of hinge arms and accommodating the plurality of hinge arms; and an arm cover disposed above the plurality of hinge arms and fastened with the hinge housing, the arm cover including a plurality of recessed guide units respectively corresponding to the plurality of hinge arms.",H05K5/02; F16C11/04,G09F9/301; F16C11/04; G06F1/1641; G06F1/1652; G06F1/1681; H04M1/022; H04M1/0268; G06F1/1681; G06F1/1616; G06F1/1652; G09F9/301; F16C11/04; H05K5/0226,110-861-891-490-261; 124-791-075-065-360; 123-324-939-306-944; 119-800-880-400-492; 079-382-009-514-386; 088-443-994-061-016; 046-528-169-420-364; 155-412-229-402-190; 059-153-231-710-930,,2026
121-027-494-299-388,Display module and display device,"A display module, including: a protective cover, a flexible display panel, and a metal heat-dissipation layer. The protective cover includes a main body portion in the shape of a circular plate and a bending portion distributed around the main body portion. The bending portion is fixedly connected to an edge of the main body portion. A light-exit side of the flexible display panel is attached to the protective cover. An orthographic projection of an edge portion of the flexible display panel on the protective cover is within the bending portion. The metal heat-dissipation layer is attached to a side, going away from the protective cover, of the flexible display panel. An orthographic projection of an edge portion of the metal heat-dissipation layer on the protective cover is within the bending portion. The edge portion of the metal heat-dissipation layer has a plurality of hollowed-out grooves arranged in arrays.",G06F1/00; G06F1/16; G06F1/20,G04G9/00; G06F1/16; G09F9/30; H05K5/02; H05K7/20; H10K59/12; G06F1/163; G06F1/1656; G06F1/203; G06F1/1652; G06F1/163; G06F1/1652; G06F1/1656; G06F1/203,040-011-144-940-128; 181-276-467-973-684; 198-722-704-075-138; 159-567-709-457-002; 126-091-532-541-736; 028-826-975-087-407; 112-029-131-252-700; 079-230-738-523-95X; 096-831-781-543-534; 136-289-649-173-419; 068-890-627-315-896; 016-896-464-789-333; 038-224-361-046-488; 050-190-288-187-066,,2026
105-806-582-923-059,覆铜层叠体及其制造方法,本发明提供一种覆铜层叠体及其制造方法，该覆铜层叠体能够抑制传输损耗并且在低介电树脂膜与无电解镀铜层之间实现高附着力。本发明的一种覆铜层叠体的特征在于包含：低介电树脂膜，其在频率10 GHz下的相对介电常数小于3.2、且介电损耗角正切为0.008以下；及无电解镀铜层，其直接层叠于上述低介电树脂膜的至少一面。,B32B15/08; B32B15/20; C23C18/16; C23C18/20; H05K1/03,B32B15/20; B32B15/08; C23C18/16; C23C18/20; H05K1/03; H05K3/00,,,2026
177-628-115-462-268,Thermalization arrangement at cryogenic temperatures,"A thermalization arrangement at cryogenic temperatures is dislcosed. The arrangement comprises a dielectric substrate layer on which substrate a device/s or component/s are positionable, and a heat sink component is attached on another side of the substrate. The arrangement further comprises a conductive layer between the substrate layer and the heat sink component. A joint between the substrate layer and the conductive layer has minimal phonon thermal boundary resistance. Energy of conductive layer phonons are arranged to be absorbed by electrons. Another joint between the conductive layer and the heat sink component is electrically conductive. The substrate layer and the conductive layer have similar acoustic properties.",H05K7/20; F25D19/00; F28D19/00; F28F13/00; F28F21/08; H10N60/10,F28F2013/006; H05K7/20481; H05K7/20372; H10W40/253; F25D19/006; F25B21/00; H10N60/10; H10W40/25; F28F21/08; H05K7/20509; H05K7/20372; H05K7/20481; F28F2013/006; F25D19/006; H10N60/10; H10W40/253,134-729-003-470-207; 089-966-974-177-31X; 127-061-103-913-553; 104-512-352-743-159,,2026
062-741-954-169-18X,Adaptive thermal control of data center and IT equipment,"A data center thermal control system includes a local cooler configured to cool a local coolant used for cooling electronic hardware, an outer heat exchanger configured to exchange heat from fluid to outside air, and a fluid circulation system configured to convey heat from the local cooler to the outer heat exchanger by circulating at least one fluid cooling medium, the fluid circulation system including a cold portion directed to the air cooler. The thermal control system also includes one or more processors and a non-transitory computer-readable medium storing instructions that, when executed by the one or more processors, would cause the one or more processors to govern the outer heat exchanger to cool fluid in the cold portion to a first target temperature during a hot season, and cool fluid in the cold portion to a lower target temperature during a cold season.",H05K7/20,H05K7/2079; H05K7/20836; H05K7/20263; H05K7/20272; H05K7/20718; H05K7/20836,046-505-112-854-995; 080-769-890-549-761; 185-898-075-191-247; 068-094-309-491-766; 007-699-628-325-334; 045-463-311-937-612; 183-967-501-882-360; 136-408-329-555-433; 027-147-308-443-833; 050-518-525-603-067; 112-634-685-020-544,,2026
186-500-140-519-629,柔性电路板模块和包括该柔性电路板模块的电子设备,根据本发明的柔性电路板包括：基板，基板包括第一表面和与第一表面相反的第二表面；多个布线图案，多个布线图案设置在第一表面上；以及保护层，保护层设置在多个布线图案上，其中，多个布线图案各自包括：第一焊盘部，第一焊盘部连接到显示面板；第二焊盘部，第二焊盘部连接到电路板；以及布线部，布线部连接第一焊盘部与第二焊盘部，并且其中，布线部包括布线部的宽度大于布线部之间的间隔的区域。,H05K1/14; H05K1/11; H05K3/28,H05K3/28; H05K1/14; H05K1/11; H05K1/147; H05K1/111; H05K3/281,,,2026
189-832-846-168-381,包括柔性电路板的电子装置,本发明涉及一种电子装置。根据本发明的实施例的所述电子装置包括：壳体；电路板，设置在所述壳体内部；相机组装件，与所述电路板间隔开；和柔性电路板，包括连接到所述相机组装件的第一刚性部分、连接到所述电路板的第二刚性部分以及连接第一刚性部分和第二刚性部分的柔性部分。所述柔性电路板可包括：基材层；第一导电层，结合到所述基材层；第一屏蔽层，与第一导电层间隔开，并且包括位于第一刚性部分中的1‑1屏蔽层部分、位于第二刚性部分中的1‑2屏蔽层部分和位于所述柔性部分中的1‑3屏蔽层部分；和第一接地层，连接到第一屏蔽层，并且第一接地层的至少一部分沿着第一刚性部分的周边延伸。各种其他实施例也是可能的。,H05K1/02; H04M1/02; H05K1/11; H05K1/14,H05K2201/0715; H05K1/115; H05K3/4691; H05K1/0219; H05K1/189; H05K1/028; H05K1/147; H05K1/0215; H05K1/0218; H05K1/118; H04M1/02; H05K1/02; H05K1/11; H05K1/14; H05K3/4691; H05K2201/0715; H05K1/115; H05K1/0219,,,2026
074-497-351-241-537,存储器系统,一种存储器系统包含：非易失性存储器；控制器，其经配置以控制所述非易失性存储器；连接器，其能够将所述控制器与主机电连接；第一刚性衬底，其上安装有所述非易失性存储器及所述控制器；第二刚性衬底，其上安装有所述连接器；及柔性衬底，其为柔性的且将所述第一刚性衬底与所述第二刚性衬底电连接，其中所述第一刚性衬底的厚度小于所述第二刚性衬底的厚度。,G11C7/04; G11C5/02,G11C7/04; G11C5/02; H05K3/4691; H05K1/141; H05K1/144; H05K1/147; H05K2201/10159; H05K2201/10189; G11C7/04; G11C5/02; H10W90/401; H10W70/688; H10W90/724; H10W72/877; G06F3/0658; G06F3/0626; H01R12/716; H01R2201/06; G06F3/0679; H10W40/22; H10W70/65; H10W90/00; H10W90/401; H10W90/724; H10W90/794,,,2026
161-401-158-667-688,树脂组合物、预浸料、带树脂的膜、带树脂的金属箔、覆金属箔层压板、以及布线板,本发明一个方面涉及一种树脂组合物，其含有：热固性化合物（A）和无机填充剂（B），其中，所述热固性化合物（A）在分子内具有至少两个以上官能团（a‑1），所述无机填充剂（B）包含氮化硼填料（B1），聚多巴胺（C）附着在所述氮化硼填料（B1）的表面而形成聚多巴胺层，该聚多巴胺层的厚度的最大值为0.1nm以上且20nm以下。,C08L101/00; B32B15/08; B32B27/20; C08F290/14; C08J5/24; C08K3/013; C08K3/38; C08K9/04; H05K1/03,B32B15/08; B32B27/20; C08F290/14; C08J5/24; C08K3/013; C08K3/38; C08K9/04; C08L101/00; H05K1/03,,,2026
161-852-591-569-862,一种向上出风的功率柜,本实用新型公开了一种向上出风的功率柜，包括柜体、电气组件和换热部件：柜体设有相对密闭的防护腔和位于防护腔上方的通风腔；通风腔于柜体的外壁设有出风口，出风口适于向上出风；电气组件位于防护腔内；换热部件至少部分置于通风腔内，其受引入至通风腔内的冷风换热，并适于向防护腔输送冷却介质，用以对电气组件散热。本实用新型通过将柜体分隔为相对密闭的防护腔和与外部连通的通风腔，通风腔内设置换热装置，外部冷风不与防护腔内的电气组件直接接触，不仅提高了防护腔的防护等级，而且由于将通风腔在柜体外壁上的出风口配置为向上出风，热风排出后不易向下流动进入下游的功率柜，使得多个功率柜并排使用时，上游功率柜的出风口的热风不会对下游的功率柜的进风口产生影响，解决了电站热岛效应。,H02M1/00; H02B1/56; H05K7/20,H02M1/00; H05K7/20; H05K7/20136; H05K7/20218; H02B1/565,,,2026
072-636-127-196-73X,用于数据通信系统的供电装置的热管理,一种供电装置（100），包括母线（110），所述母线（110）包括支撑面板（112）、沿支撑面板的第一侧（114）延伸的第一母线元件（130）和沿支撑面板的第二侧（116）延伸的第二母线元件（140）。供电装置包括围绕母线的护罩（150）。护罩包括护罩壁（152），护罩壁（152）形成接纳母线的母线腔室（154）。供电装置包括与护罩相连的热交换器（200）。热交换器包括热联接到母线的内部部分（210）。热交换器包括护罩外部的外部部分（220），其通过对流冷却来冷却以从母线散热。,H05K7/20,H05K7/20418; H05K7/20709; H02G5/10; H05K7/20254; H05K7/20481; H05K7/20127,,,2026
057-824-513-500-474,包括其中嵌入无源电子组件的衬底的设备,一种设备包括芯层，该芯层包括上芯电介质层、下芯电介质层、接触该上芯电介质层和该下芯电介质层的中芯电介质层以及嵌入在该中芯电介质层内的无源电子组件。该设备包括上层压叠层，该上层压叠层耦接至该上芯电介质层。该上层压叠层包括上金属层和接触焊盘，该接触焊盘被配置为通过由该组上金属层限定的导电路径将管芯电连接至无源电子组件。该设备包括下层压叠层，该下层压叠层耦接至该下芯电介质层的底部表面。该下层压叠层包括下金属层和一组下电介质层，该组下电介质层设置在该组下金属层中的相邻金属层之间。,H10W70/05; H10W70/62,H05K1/185; H05K3/4602; H10W70/05; H10W70/685; H10W70/611; H10W90/00; H10W70/60; H10W90/701; H10W70/614; H10W70/685; H10W90/00; H10W72/9415; H10W80/743; H10W90/732; H10W90/734; H10W90/792,,,2026
169-588-552-309-735,Systems and methods for electronics cooling,Systems and methods for providing an electronic cooling apparatus comprising a chassis having an internal space that is sized/shaped to receive/structurally support circuit card(s). The internal space defined by sidewalls with a channel formed therein in which a coolant is disposed. The coolant is in thermal communication with the circuit card(s) via the sidewall(s) when the circuit card(s) is(are) disposed in the chassis. A refrigerant-based cooling system is disposed in the chassis and comprises an evaporator having inlet/outlet ports coupled to the channel of the chassis to define a first closed-loop channel for the coolant within the chassis. The evaporator facilitates heat transfer from the coolant to a refrigerant flowing through a second closed-loop channel of the chassis at least partially defined by the evaporator. A pump is disposed in the chassis and configured to cause the coolant to flow through the first closed-loop channel.,H05K7/20; H05K7/14,H05K7/20645; H05K7/20309; H05K7/2039; H05K7/20327; H05K7/1424; H05K7/20272; H05K7/20354; H05K7/20636; H05K7/20672,142-611-289-109-56X; 164-189-137-283-400; 002-967-571-917-430; 077-429-815-050-11X; 059-583-206-456-790; 150-107-740-007-099; 063-140-504-469-567; 137-838-670-259-132; 176-244-168-089-998; 035-893-982-931-614; 185-392-784-251-531; 117-189-703-259-399; 049-963-213-132-374; 024-722-731-799-035; 119-673-456-556-202; 109-902-772-116-413; 132-996-242-884-451; 177-036-427-406-258; 003-999-959-151-921; 179-039-821-371-408; 006-739-354-481-336; 178-299-999-141-313; 007-963-747-384-935,,2026
038-694-894-825-173,Sensing device,"The present disclosure provides a sensing device. The sensing device includes a flexible element having a first sensing area, an electronic component embedded within the flexible element, and an adjustable conductive element disposed in the flexible element and configured to electrically connect the first sensing area of the flexible element with the electronic component.",A61B5/00; H05K1/02,A61B5/6802; A61B5/6803; A61B5/6804; A61B5/681; A61B5/11; G01D21/02; A61B5/681; A61B5/02438; A61B5/0002; H05K3/222; H05K2201/10287; H05K2201/10363; H05K2201/1028; H05K2201/10151; H05K2201/09027; H05K3/284; H05K2203/1327; H05K1/0277; A61B5/0002,062-245-725-516-341; 029-803-298-313-255; 105-646-740-640-522; 062-036-613-201-715; 074-684-862-161-700; 095-153-960-463-808,,2026
005-696-006-340-285,GDDR memory expander using CMT connector,"Methods and apparatus for GDDR (Graphics Double Date Rate) memory expander using compression mount technology (CMT) connectors. A CMT connector with a dedicated pinout for GDDR-based memory is provided that enables end users and manufacturers to change the amount of GDDR memory provided with a GPU card, accelerator card, or apparatus having other form factors. Memory could also be replaced in the event of a failure. In addition, embodiments are disclosed that support a split channel concept where there could be multiple devices (e.g., GDDR modules) with dedicated signals routed to each module.",H05K1/11; H05K1/18; H05K1/182,G11C5/04; H05K2201/10159; H05K1/141; H05K1/144; H05K2201/042; H05K2201/10378; H05K2201/10409; H01R12/7082; H01R13/2407; H05K1/182; H05K2201/10159; H05K1/116,161-596-505-834-237; 042-538-661-789-941; 091-056-954-258-680; 095-715-385-346-710; 063-050-846-354-429; 057-664-237-489-546,,2026
069-017-925-536-654,Circuit board arrangement comprising a circuit board provided with a graphene island and method of communicating between a first and a second circuit,"A circuit board arrangement includes a circuit board having two conductive material structures and a separating layer, where the structures are placed on opposite sides of the layer and the layer comprises includes a first graphene island stretching between a first area of a first of the structures and a second area of a second of the structures, which first graphene island is controllable to electrically interconnect the two areas or separate the two areas from each other. A method of communicating between a first and a second circuit via the structures comprises includes controlling the first graphene island to electrically interconnect the first and the second area and the first circuit communicating with the second circuit after the interconnection.",H05K1/03; H05K1/02,H05K3/4069; H05K2201/0323; H05K2201/0792; H05K1/0251; H05K1/0293; H05K2201/09627; H05K1/0234; H05K2201/10196; H05K1/0298; H05K1/0306; H05K2201/0323; H05K2201/10098,142-973-233-304-41X; 070-040-865-093-396; 067-332-799-338-864; 071-602-102-958-222,,2026
052-205-811-909-88X,"Component for surface soldering installation on a circuit board, associated use and assembly","The present disclosure relates to a component for the surface soldering installation on a circuit board, comprising: a basic body forming at least one locating surface provided for contact with a surface of the circuit board, or several locating points spanning a plane; two elastic brackets, which are formed on opposing sides of the basic body and respectively form one soldering surface for a solder connection with a positioning surface of the circuit board, wherein each of the two brackets has, in sequential arrangement over its course from the basic body to the soldering surface, a strip-shaped, flat, first portion and a strip-shaped, flat, second portion, wherein the main surfaces of the first portion are arranged at an angle to the main surfaces of the second portion; a use and an associated assembly.",H05K1/11; H01H13/26; H01R12/57; H05K1/02; H05K3/34; H05K3/341,H05K1/181; H01R4/029; H01R12/57; H05K1/0293; H05K1/11; H05K3/341; H05K2201/10545; H01H13/26; H01H2203/038; H01R12/57,176-495-162-131-514; 124-251-990-719-586; 027-439-807-098-063,,2026
174-459-284-718-451,数据中心冷却设备,本公开涉及数据中心冷却系统的各种实施例。例如，所述数据中心冷却系统的实施例可采用双效吸收式制冷机，所述双效吸收式制冷机具有带有蒸发器和低温吸收器的第一段、带有低温生成器和高温吸收器的第二段以及带有高温生成器和冷凝器的第三段，其中各种流体流（例如，水流）被引导通过上述部件以生成用于冷却所述数据中心的受调节空间和用于冷却所述数据中心的服务器（例如，经由浸入式冷却）的冷水。另外或替代地，可采用其他部件（例如，干式冷却器、备用制冷机、泵、电制冷机、空气冷却式制冷机、单效制冷机等）。,H05K7/20,H05K7/20745; H05K7/2079; F25B15/008; F25B15/02,,,2026
141-241-310-278-391,Wiring board and method for manufacturing wiring board,"A wiring board includes a first substrate, a second substrate composed of a material different from a material of the first substrate, a wiring supported by the first substrate, and a terminal supported by the second substrate and connected to the wiring. The first and second substrates are disposed on a same side with respect to the wiring. In a plan view, the first substrate overlaps the wiring but not the terminal. In the plan view, the second substrate overlaps the terminal.",H05K1/02; H05K1/09; H05K1/11; H05K1/18; H05K3/00,H05K2201/2009; H05K2201/10977; H05K3/28; H05K1/117; H05K2201/09236; H05K3/007; H05K3/1216; H05K1/0278; H05K1/0281; H05K1/0283; H05K1/092; H05K3/249; H05K3/285; H05K2201/0215; H05K2201/10151; H05K1/0281; H05K1/0283; H05K1/118; H05K3/007; H05K2201/2009; H05K2203/068; H05K1/18; H05K1/11; H05K1/0278; H05K1/092; H05K1/117,068-895-505-476-758; 167-943-450-325-903; 084-116-945-127-10X; 084-892-164-086-511; 096-879-941-081-934; 014-413-999-911-25X; 053-814-693-206-832,,2026
003-775-228-654-688,印刷电路板组件,一种用于交通工具转向系统的印刷电路板组件包括印刷电路板。该印刷电路板组件还包括端子，该端子操作性地安装到该印刷电路板的表面，其中，该端子由能弹性变形材料形成，其中，该端子包括第一弹簧段和第二弹簧段。该印刷电路板组件还包括导线，该导线设置在第一弹簧段与第二弹簧段之间并与第一弹簧段和第二弹簧段接触。,H01R13/02; H01R13/24; H05K1/02; H05K1/18,H01R12/57; H05K1/0263; H05K1/181; H01R2201/26; H05K2201/10265; H05K2201/10287; H01R12/53,,,2026
053-289-157-340-963,Dual hinge cable management cover,"An example cable management cover is provided. The cover includes a panel defining a first side edge and a second side edge opposing the first side edge. The cover includes first and second handles slidably coupled to the respective first and second side edges of the panel. The cover includes a first pair of pins associated with the first handle and movable with the first handle during sliding of the first handle along the first side edge. The cover includes a second pair of pins associated with the second handle and movable with the second handle during sliding of the second handle along the second side edge. The first pair of pins define a first axis of rotation about which the cable management cover is rotatable, and the second pair of pins define a second axis of rotation about which the cable management cover is rotatable.",H05K7/14; H05K7/18,H04Q1/026; H04Q1/06; H05K7/1491; H05K7/186,192-920-953-963-960; 170-592-186-545-603; 125-413-367-446-454; 054-922-920-809-786; 163-847-047-943-626; 199-505-232-291-857; 050-636-046-335-381; 090-870-128-531-665; 103-358-845-779-847; 012-783-772-352-356,,2026
105-440-130-741-496,In-vehicle device including cooling apparatus,"A cooler includes a heat-receiving block, multiple heat-dissipating members, and a channel definer. The heat-receiving block has a first main surface to which a heating element is attachable, and a second main surface opposite to the first main surface. The multiple heat-dissipating members are fixed to the second main surface with spaces therebetween. The multiple heat-dissipating members dissipate heat transferred from the heating element through the heat-receiving block to air flowing through the spaces. The channel definer covers the multiple heat-dissipating members and is fixed to the second main surface of the heat-receiving block. The channel definer defines a flow channel for the air flowing through the spaces between the multiple heat-dissipating members. The channel definer includes multiple vents for the air to flow into the flow channel and for the air drawn in the flow channel to flow out.",H05K7/20,F28F3/025; F28D2021/0029; F28D2021/008; F28D1/0233; H05K7/20854; H05K7/20863,079-444-169-965-427; 066-116-731-812-90X; 192-942-497-746-66X; 025-963-116-664-909; 035-261-256-626-249; 145-657-439-573-564; 031-085-218-283-577; 124-307-543-604-592; 104-865-468-723-962,,2026
172-180-054-666-229,基于形状记忆合金动态调控的吸波材料及制备石墨烯电容层的方法,本发明公开了一种基于形状记忆合金动态调控的吸波材料及制备石墨烯电容层的方法，该材料包含叠置的屏蔽层、第一形状记忆材料、石墨烯电容层、第二形状记忆材料、介质材料，其中，介质材料中嵌入了亚波长结构吸波层；第一形状记忆材料两端分别连接屏蔽层与石墨烯电容层，第二形状记忆材料两端分别连接石墨烯电容层和亚波长结构吸波层；可通过施加电压调控石墨烯电容层的等效方阻；通过分别在第一形状记忆材料、第二形状记忆材料两端施加电压控制它们的伸缩长度。本发明能够灵活地切换工作状态，实时地调整吸波频带和幅度，结构简单、可设计性强，对入射电磁波具有良好可调控效果，能够满足日益复杂的电磁环境需求。,B32B7/12; B32B9/00; B32B9/04; B32B15/00; B32B15/02; B32B15/04; B32B15/08; B32B15/20; B32B27/08; B32B27/20; B32B27/28; B32B27/36; B32B33/00; B32B37/10; H05K9/00,B32B7/12; B32B9/007; B32B9/005; B32B9/041; B32B9/04; B32B15/00; B32B15/20; B32B15/043; B32B15/02; B32B33/00; B32B27/281; B32B15/08; B32B27/08; B32B27/20; B32B27/36; B32B37/10; H05K9/0081; B32B2307/20,,,2026
119-933-048-090-19X,树脂组合物、预浸料、带树脂的膜、带树脂的金属箔、覆金属箔层压板、以及布线板,本发明一个方面涉及一种树脂组合物，其含有：热固性化合物（A）和无机填充剂（B），其中，所述热固性化合物（A）包含选自由具有反应性不饱和基团的聚苯醚化合物、具有反应性不饱和基团的烃类化合物、以及具有两个以上马来酰亚胺基的马来酰亚胺化合物构成的组中的至少一个自由基聚合性化合物（A1），所述无机填充剂（B）包含氮化硼填料（B1），并且在所述氮化硼填料（B1）的表面附着有聚多巴胺（C），该聚多巴胺（C）具有与所述自由基聚合性化合物（A1）反应的官能团（X）。,C08L101/00; B32B15/08; B32B27/20; C08F290/14; C08J5/24; C08K3/013; C08K3/38; C08K9/04; H05K1/03,B32B15/08; B32B27/20; C08F290/14; C08J5/24; C08K3/013; C08K3/38; C08K9/04; C08L101/00; H05K1/03,,,2026
175-058-277-532-607,粗化処理銅箔、キャリア付銅箔、銅張積層板及びプリント配線板,,C25D5/16; C25D5/48; C25D7/00; C25D7/06; H05K1/09; H05K3/38,C25D1/04; C25D5/12; C25D5/16; C25D7/06; H05K1/09; H05K3/38; C25D1/04; C25D5/60; C25D5/12; C25D5/16; C25D7/06; C25D5/48; H05K1/09; H05K3/38,,,2026
121-550-366-909-07X,用于冷板液体冷却的泄漏保护,一种用于IT机架中的液体冷却式机箱的框架，可包括容纳在框架的一个或多个壁内的流体供应管线和容纳在框架的一个或多个壁内的流体返回管线。流体分配功能和硬件集成到框架中。一个或多个接触垫可位于框架的外表面上，用于与IT设备传递热能。,H05K7/20,H05K7/208; H05K7/20772; H05K7/20818; H05K7/20781; H05K7/20818; H05K7/20254; H05K7/20781; H05K7/20772; H05K7/20809,,,2026
196-082-264-235-218,一种基于磁屏蔽结构的零磁场漏磁检测系统,本发明公开了一种基于磁屏蔽结构的零磁场漏磁检测系统，当零磁场漏磁检测系统扫查被测试件缺陷时，先将移动载体放置于被测试件上，然后通过控制移动载体在被测试件上匀速移动，在移动过程中，磁化器使被测试件磁化至饱和，此时永磁体磁通分为两路，一路传播至被测试件内部，另一路在空气中传播，磁通在被测试件内的传播过程中，当遇到缺陷位置时，缺陷处的磁导率发生畸变，磁通产生磁折射泄露到空气中，同时伴随着磁扩散与背景磁场带来的磁压缩效应，最终在缺陷上方形成漏磁场；磁传感器捕获漏磁信号发送给pc端，从而判断出缺陷的形状与大小。,G01N27/83; H05K9/00,G01N27/83; H05K9/0071; H05K9/002,,,2026
038-479-769-412-546,Joint structure,"A joint structure, in which an electronic component and a wiring substrate are joined to each other, includes: a base material of the electronic component; a base material of the wiring substrate; and a joint portion that includes at least an electrode of the electronic component and an electrode of the wiring substrate, and that joins the base material of the electronic component and the base material of the wiring substrate. The joint portion includes a material having an absorption coefficient of 2×10{circumflex over ( )}5 cm−1 or more for light of a wavelength of 250 to 1000 nm. The base material of at least one component of the electronic component and the wiring substrate consists of a material having an absorption coefficient of 1.5×10{circumflex over ( )}5 cm−1 or less for the light of a wavelength of 250 to 1000 nm.",H05K3/34,H05K3/3494; H05K2201/0112; H05K3/285; H05K1/181; H05K3/346; H10W72/071; H05K3/346,069-906-057-654-14X,,2026
000-465-520-103-266,Fuel cell apparatus,"A fuel cell apparatus of the disclosure includes a fuel cell and a power distribution unit configured to distribute power generated in the fuel cell. The power distribution unit includes a power part and a cooling unit, which is disposed so as to be in contact with the power part to cool the power part and includes an inlet port configured to allow cooling fluid to be introduced thereinto from the outside and an outlet port configured to discharge the cooling fluid to the outside. The inlet port and the outlet port are disposed so as to be oriented from the power distribution unit in the same direction.",H02B1/20; H01M8/0267; H01M8/10; H02B1/56; H05K7/20,Y02E60/50; H01M8/0267; H01M2008/1095; H01M8/04029; H01M8/04067; H01M8/04014; H05K7/20863; H05K7/20872; H05K7/20145; H05K7/20272; H01M2250/20; H02B1/20; H01M8/0267; H01M2008/1095; H01M2250/20; H02B1/56,084-512-326-461-023; 161-322-025-955-269; 145-780-255-966-447; 034-990-830-578-346; 069-082-391-342-660; 003-084-341-064-660,,2026
160-100-791-188-994,"聚(3,4-乙烯二氧噻吩）及其制备方法、应用","本公开涉及了一种聚(3,4‑乙烯二氧噻吩)及其制备方法、应用，属于导电聚合物材料领域。该聚(3,4‑乙烯二氧噻吩)的制备方法包括：将含氮杂环化合物或芳胺类化合物加入至3,4‑乙烯二氧噻吩中，进行搅拌并得到混合液；将混合液加入至铁盐化合物中进行搅拌，在含氮杂环化合物或芳胺类化合物的聚合调节作用下以及铁盐化合物的氧化作用下，得到3,4‑乙烯二氧噻吩部分聚合的预聚液；对预聚液进行加热，以使得3,4‑乙烯二氧噻吩继续聚合，得到含有聚(3,4‑乙烯二氧噻吩)的聚合物。使用本公开的制备方法，整备过程无溶剂化并且不添加胶粘剂，制备得到的聚(3,4‑乙烯二氧噻吩)聚合物膜在50μm时，能够屏蔽99％的电磁干扰。",C08G61/12; H05K9/00,C08G61/126; H05K9/0081; C08G2261/3223; C08G2261/11,,,2026
001-681-006-468-900,フィーダセットアップ装置,,H05K13/02,H05K13/0419; H05K13/086; H05K13/0419; H05K13/086,,,2026
192-897-595-370-010,一种局域网通讯集线器,本发明涉及集线器技术领域，公开了一种局域网通讯集线器，包括集线器本体、距离调节组件和整线板组件，集线器本体开设有若干接口，距离调节组件包括调节座、把手、活动块及设于调节座内的传动锥齿轮A、传动锥齿轮B、传动锥齿轮C、传动锥齿轮D、传动杆和丝杆，调节座固定连接于集线器本体顶部，把手、传动杆及丝杆转动连接于调节座，把手与传动锥齿轮A连接，传动锥齿轮A与传动锥齿轮B啮合，传动杆与传动锥齿轮B、传动锥齿轮C连接且同轴，传动锥齿轮C与传动锥齿轮D啮合，传动锥齿轮D与丝杆连接且同轴，活动块螺纹连接于丝杆，活动块一端凸出于集线器本体前侧连接整线板组件。本局域网通讯集线器可整线且防尘、易清理。,H01R13/72; B01D46/12; B01D46/681; B08B5/04; B08B15/04; H01R25/00; H05K7/20,H01R13/72; H01R25/00; H05K7/20136; H05K7/20181; B01D46/12; B01D46/681; B08B15/04; B08B5/04,,,2026
051-693-803-412-135,電子部品モジュールおよびこれを含む電源供給装置,,H01F30/10; H02M3/28,H05K1/18; H01F27/06; H01F2027/065; H01F27/263; H01F27/266; H01F27/2828; H01F27/2852; H01F27/02; H05K1/145; H05K3/366; H05K3/368; H05K2201/047; H05K2201/10272; H01F27/29; H01F27/266; H05K1/181; H05K2201/1003; H01F2027/065; H01F27/24; H01F27/28; H01F27/292; H05K1/141; H05K1/181; H05K2201/1003; H05K2201/10272,,,2026
006-697-714-048-737,Wireless charging device,"A wireless charging apparatus may comprise a first shell, a second shell, a magnet, and a wireless charging assembly. The second shell may be rotatably connected to the first shell, and the second shell may be rotatable in a circumferential direction of the first shell. The wireless charging assembly may be connected to the second shell or the first shell to charge an electronic device. The magnet may be connected to the second shell or the first shell, a charging region corresponding to the wireless charging assembly is formed on the second shell, and the magnet is used for holding a device to the charging region through magnetic force.",H02J7/00; H02J7/14; H02J50/10; H02J50/40; H02J50/90; H05K7/20,H02J50/10; H02J7/731; H02J50/90; H02J50/10; H02J50/40; H05K7/209,122-836-695-973-531; 161-369-672-611-831; 192-672-435-574-850; 043-688-579-828-948; 163-482-131-253-32X; 092-302-228-481-260; 136-161-204-708-182; 134-149-593-015-624; 152-832-248-757-300; 196-456-751-126-08X; 136-292-780-844-764; 177-647-078-062-292; 058-597-830-293-041; 189-905-591-531-410; 191-408-883-408-38X; 171-823-660-133-203; 164-801-337-328-974; 116-873-220-654-006; 173-880-739-674-604; 070-341-550-026-585; 149-821-558-373-159; 041-797-494-271-095; 116-437-724-826-835; 083-393-273-562-369; 125-299-718-276-703; 186-453-416-479-068; 148-106-327-141-861; 054-494-992-370-25X; 088-146-549-192-826,,2026
152-683-624-115-736,Casing structure of electronic device and manufacturing method thereof,"A casing structure of electronic device including a metal base plate, a transparent cathodic electrodeposition paints layer, and a transparent paints coating layer is provided. The metal base plate has brushed texture and high gloss surface. The transparent cathodic electrodeposition paints layer is disposed on the base metal base plate. The transparent paints coating layer is disposed on the transparent cathodic electrodeposition paints layer. A manufacturing method of casing structure of electronic device is also provided.",C25D13/14; C09D5/44; C25D13/20; C25D13/22; H05K5/04,C25D13/22; C09D5/443; C09D5/4411; C25D13/20; C25D13/14; C25D13/12; C25D11/30; C25D13/14; H05K5/04; C09D5/4411; C25D13/20; C09D5/443; C25D13/22,130-923-627-641-469; 165-148-835-361-782,,2026
116-916-927-668-724,Circuit assembly,"Disclosed is a circuit assembly having a novel structure capable of reducing thermal resistance in a heat-dissipating path and increasing heat dissipation while ensuring insulation between a heat-dissipating portion and a heat-dissipation target. A circuit assembly includes: heat-generating components that generate heat as a result of a current flowing therethrough; metal plates connected to connecting portions of the heat-generating components, and each having a heat-dissipating portion configured to come into thermal contact with an external heat-dissipation target; a case accommodating the heat-generating components and the metal plates, and having opening portions that expose the heat-dissipating portions of the metal plates to an outside; and an insulating film sealing the opening portions of the case and fixed to the case.",H05K7/20,H02G3/16; B60R16/02; H05K7/20445; H05K7/20463; H05K7/20445,101-762-553-716-723,,2026
036-752-643-453-627,氮化硅基板,本发明的氮化硅基板在载荷0.5mN的条件下的纳米压痕试验获得的硬度分布中，硬度小于15.00GPa的区域的累积10%的硬度HA10与硬度小于15.00GPa的区域的累积90%的硬度HA90之比R1（HA10/HA90）为0.25以上，且硬度为15.00GPa以上的区域的累积10%的硬度HS10与硬度为15.00GPa以上的区域的累积90%的硬度HS90之比R2（HS10/HS90）为0.52以上。根据本发明，能够提供热导率和介电损耗的温度依赖性小且具有高可靠性的、在微观组织水平上的均匀性高的氮化硅基板。,C04B35/587; H05K1/03; H10W70/692,H05K1/03; C04B35/587; H10W70/692,,,2026
151-037-391-450-230,一种电机控制器电路板制造加工设备,本申请公开了一种电机控制器电路板制造加工设备，属于电路板制造加工领域，包括：底座；电动轨道，所述电动轨道装配在底座顶部；抽气组件，所述抽气组件装配在底座顶部；电动滑块，所述电动滑块装配在电动轨道内壁；加热罩，所述加热罩装配在电动滑块底部；所述电动滑块顶部装配弹性伸缩杆，所述弹性伸缩杆底部固定连接有压板，所述底座内壁底部滑动连接有移动块。通过电动滑块、弹性伸缩杆和压板等结构的协同作用，确保了压板在下压瞬间对电路板的均匀施压，并解决了层间摩擦力小、抵抗剪切力差的问题，从而避免了顶层电路板的移动，保证了半固化片在加热前能够充分融化，确保树脂的均匀加热，提升了生产效率和电路板的质量。,H05K3/46; H05K3/00,H05K3/4611; H05K3/4626; H05K3/0008; H05K2203/068; H05K2203/1115,,,2026
062-031-431-842-308,Electronic device having speaker module and microphone,"A smart speaker includes an outer casing, a speaker module, and a microphone module is provided. The outer casing includes a first housing and a second housing assembled to each other. The speaker module is disposed in the first housing. The microphone module includes a circuit board and at least one microphone. The circuit board is assembled to the second housing and separated from the first housing. The microphone is disposed on the circuit board.",H04R1/04; H04R1/08; H04R1/28; H05K1/181,H04R1/20; H04R1/025; H04R1/288; H04R1/04; H04R1/083; H04R1/04; H04R1/083; H04R1/288; H05K1/181,041-528-291-480-828,,2026
190-619-657-883-995,Integrated circuit with error detection circuit for monitoring connection with an external component,"An integrated circuit having an error detection circuit for detecting an error in a connection with an electrical component. The error detection circuit includes a control circuit, a terminal arranged to connect the electrical component, and a driver coupled to the terminal and arranged to be controlled by the control circuit. The driver is arranged to drive a current on receipt of a control signal (Vctl) from the control circuit and the control circuit is further arranged to receive in response to the current a measurement signal via the terminal, to determine based on a characteristic of the measurement signal a possible error and to communicate an error signal based on the determining.",G01R31/28; G01R31/00; G01R31/64,H05K1/18; G01R31/2843; G01R31/2851; G01R31/2853; G01R31/2856; G01R31/64; G01R31/66; G01R31/64; G01R31/001; G01R31/2853,162-938-315-666-889; 093-463-839-561-01X; 062-852-204-371-380; 036-704-810-716-177; 143-019-926-837-580; 020-440-217-895-672; 048-145-102-234-289; 183-086-806-316-714; 167-437-376-977-652,,2026
023-401-304-217-500,输入设备,当振动马达被驱动时，防止了由于电路板和支撑构件之间的接触而产生的噪声以及包括在语音数据中的噪声。一种输入设备(10)包括电路板(61)、振动马达(5R、5L)、麦克风(8A、8B)、电路板(61)附接到其上的框架(51)以及设置在电路板(61)和框架(51)之间的阻尼器(68)。,A63F13/24; A63F13/215; A63F13/285,A63F13/285; A63F13/24; A63F13/215; A63F13/215; A63F13/24; A63F13/285; H05K1/18,,,2026
115-028-881-425-919,电子部件及电子部件的制造方法,本发明的电子部件具备基板，所述基板上设置有电路部件、与将所述电路部件与外部屏蔽开的屏蔽件的导电性成分导电连接的导体、以及与所述导电性成分和所述导体这两者接触的导电性构件，并且，所述导电性构件与所述导电性成分合金化。,H10W42/20; H01Q13/16; H05K1/02; H05K9/00; H10P95/90,H05K9/00; H05K1/02; H01Q13/16; H10W99/00; H10W74/00,,,2026
120-080-972-565-588,具有电容式触摸表面的负载控制装置,本公开涉及具有电容式触摸表面的负载控制装置。一种被配置为用在负载控制系统中以控制一个或多个电气负载的控制装置可以包括：致动构件，所述致动构件具有限定触敏表面的前表面，所述触敏表面被配置为检测沿着所述前表面的至少一部分的点致动；触敏电路；以及控制电路。触敏装置可以包括一个或多个接收式电容式触摸板，其位于所述致动构件后面并邻近于所述触敏表面以线性阵列布置。所述控制电路可以被配置为基于所述控制装置的状态/模式和/或基于用户沿着所述触敏表面的点致动的位置指示所述用户进行微调还是大幅调整来使用不同的滤波技术进行操作。例如，控制电路可以使用轻度滤波/无滤波或使用重度滤波来生成输出信号。,H03K17/96; G06F3/041; G06F3/044; G08C17/00; H05B39/04; H05B45/10; H05B45/20; H05B47/10; H05B47/175; H05K1/16,H03K17/9622; G08C17/00; H05B45/10; H05B45/20; G06F3/0416; H05B47/175; G06F3/0443; H05B39/041; H05B47/10; H03K2217/960755; H05K1/162; H05K2201/10151; H05B47/196; H05B47/1985; H05B47/1965; G06F3/0443; H03K17/9622; H05B47/175; G08C17/00; H03K2217/960755; H05B47/10; H05B45/10; H05B45/20; H05B39/041; H05K1/162; H05K2201/10151; Y02B20/00; H05B47/196; H05B47/1965; H05B47/1985; G06F3/0416; G06F3/044; H05B47/175; H05B47/196; H05B47/1965; H05B47/1985; H05B47/19,,,2026
157-517-068-789-518,Photopolymer for anti-yellowing and anti-thermal cracking applications,"An acrylate based photopolymer with high yellowing resistance, excellent photo sensitivity, high toughness, and high glass transition temperature, methods of preparation and used thereof, and solders comprising the same.",C08F220/14; C08F220/18; C09D11/101; C09D11/102; C09D11/107; C09D11/36; H05K3/00,C08F220/325; C08F222/103; C09D11/107; C09D11/102; C09D11/101; C08F220/14; C09D11/107; C09D11/101; C09D11/102; H05K3/0076; H05K3/0082; H05K2203/0551; C08F220/14; H05K3/0082; H05K3/0076; C08F220/1806; H05K2203/0551; C09D11/101; C09D11/107; C09D11/102; C09D11/36; C08F220/1804,120-611-780-075-015; 069-971-769-933-965; 112-756-205-345-880,,2026
026-507-019-693-561,Power supply switching system and switch apparatus,"A power supply switching system includes a switch controlling apparatus, at least two switch apparatuses, alternating current (AC) powers, and a power shelf. The power shelf includes at least two AC inputting ends. Each of the at least two switch apparatuses is electrically connected between one of the AC inputting ends and the AC powers. A number of the AC powers is less than a number of the at least two AC inputting ends. The switch controlling apparatus is electrically connected with each of the at least two switch apparatuses, and controls the at least two switch apparatuses to turn on or turn off. The power supply switching system saves a number of the AC powers while executing an ATS test, thus an efficiency of the power shelf is improved. A switch apparatus is also provided.",H02J9/06; H05K7/20,H02J9/062; H05K7/209; H05K7/20909; H02J9/068; H05K7/20909; H02J9/068,144-665-607-331-120,,2026
007-252-086-930-714,インターフェースアセンブリおよびインターフェースアセンブリの製造方法,,H03K17/965,H03K17/965; H03K17/968; H03K17/97; H03K17/975; H03K2217/94036; H03K2217/960755; H03K17/968; H03K17/97; H03K17/975; H03K2217/94036; H03K2217/960755; B29C51/14; B29L2031/3425; G01P1/02; H05K1/185; H05K3/0014; H05K3/306; H05K2201/10151; H05K2201/10265; H05K2203/1327; H05K2203/166,,,2026
129-913-927-232-830,Semiconductor device and methods of making and using an enhanced carrier to reduce electrostatic discharge,A semiconductor device is made with a boat carrier including stainless steel. A Polytetrafluoroethylene (PTFE) layer is formed over the boat carrier. A semiconductor package substrate is disposed over the boat carrier. A manufacturing step is performed on the semiconductor package substrate. An electrostatic discharge (ESD) is imparted on the boat carrier during the manufacturing step. The semiconductor package substrate is protected from the ESD by the PTFE layer.,B32B38/00; C09D127/18,H10P72/135; B32B38/0008; C09D127/18; H10P72/123; H10W70/093; H10W70/05; H10W42/20; H05K1/18; H10W72/071; H10W70/60; H10W42/20; C09D127/18; B32B38/0008; B32B2255/06; B32B2255/26; B32B2255/28; H10W42/20; H10P72/123; H10P72/135; H10P72/145; H10P72/155; H10P72/165; H10P72/175; H10P72/7616,132-641-594-173-255; 157-635-470-833-318; 101-031-779-897-089; 062-735-166-548-196; 175-664-232-390-799; 027-846-492-942-204; 032-141-365-303-005; 092-355-687-984-309; 041-689-719-969-657; 030-436-828-156-589; 004-625-002-454-854; 101-073-025-217-978; 048-971-460-090-910; 120-555-977-184-879; 012-949-958-012-656; 194-101-120-981-48X; 149-228-704-461-759; 091-233-462-741-62X; 172-298-477-470-555,,2026
148-838-905-620-818,一种自适应电磁屏蔽触控显示模组,本发明公开一种自适应电磁屏蔽触控显示模组，属于显示模组技术领域，包括触控组件和液晶显示组件，液晶显示组件侧边的顶部与触控组件的顶部之间设有铜箔，铜箔的顶部覆盖有压板，且压板固定在触控组件与液晶显示组件的顶部之间，压板顶部的中间位置处开设有环形通槽，压板的顶端固定有固定环，环形通槽位于固定环的内部。本发明通过在触控组件以及液晶显示组件的外侧边覆盖有铜箔，局部形成外屏蔽层，然后在外屏蔽层的中间设置第一金属网格以及第二金属网格，再利用旋转机构控制第一金属网格的旋转，能够在确保装置散热效果的同时，动态调整屏蔽层组合，使网格夹角变化，改变对不同频率电磁波的衰减能力，提高了抗干扰的效果，实用性更高。,G02F1/1333; G06F3/041; H05K7/20; H05K9/00,H05K9/0007; H05K7/20963; H05K7/20954; H05K9/0084; H05K9/0071; H05K9/0081; G02F1/1333; G02F1/133334; G06F3/0412,,,2026
101-990-727-291-580,其上安装有电池的柔性印刷电路板,一种柔性印刷电路板(PCB)可以具有安装到其上的一个或多个钮扣电池，使得保持柔性PCB的柔性。柔性PCB具有在其上制造的一个或多个电池接触垫。每个电池接触垫包括金属化通孔的图案，每个通孔从柔性PCB的顶表面延伸到底表面。钮扣电池可以定位在电池接触垫上方或下方。将导电光固化环氧树脂施加到每个金属化通孔处和之中以接触并附着到钮扣电池，从而形成从电池通过电池接触垫到柔性PCB上的印刷导体的导电路径。还提供了将一个或多个钮扣电池安装到柔性PCB的方法，以及其它方面。,H05K3/34; H05K1/09; H05K1/11; H05K1/189; H05K3/12; H05K3/40,H05K1/115; H05K1/113; H05K3/321; H05K2201/10037; H05K2201/056; H05K1/189; H05K2201/053; H05K2201/09063; H05K2201/0979; H05K1/095; H05K3/4069; H05K3/1283; Y02E60/10; H05K3/321; H05K3/284; H05K3/287; H05K1/113; H05K1/189; H05K3/4069; H05K1/095; H05K1/115; H05K3/1283; H05K2201/053; H05K2201/056; H05K2201/09063; H05K2201/0979; H05K2201/10037; H05K2201/10098; H05K2201/10151; H05K2203/1377; A61B5/0002; A61B5/14532; H05K1/113; H05K1/118; H05K1/181; H05K1/189; H05K3/284; H05K3/287; H05K2201/10037; H05K2201/10098; H05K2201/10151; H05K2203/1377,,,2026
000-855-458-005-780,Electronic device,"An electronic device includes a body and a heat dissipation module. The body includes a display, and the display has a display surface. The heat dissipation module is disposed on the display. The heat dissipation module includes a casing and at least one first fan. The casing has a first opening. The first opening faces the display surface. The first fan is disposed in the casing, and the first fan includes an air inlet portion and an air outlet portion. The air outlet portion faces the first opening, wherein an airflow generated by the first fan flows out of the casing from the air outlet portion via the first opening to flow to the display surface. An ambient air outside the casing flows into the air inlet portion of the first fan via the first opening.",H05K7/20; G06F1/20,G06F1/20; G06F1/1601; G06F1/206; G06F1/20; G06F1/203; H05K7/20972; H05K7/20172; H05K7/20972; G06F1/206; H05K7/20172,182-551-686-043-364; 191-690-142-790-392; 106-915-922-842-546; 059-428-572-617-072; 178-276-459-494-466,,2026
011-916-540-915-471,Waterproof structure and electronic device comprising same,"An electronic device is provided. The electronic device includes a body having a passage, a physical button having a rod passing through the passage, an inner surface having a first convex surface and a second convex surface formed to be spaced apart from the first convex surface, a through-hole formed by the inner surface, an outer surface having a third convex surface and a protruding surface formed to be spaced apart from the third convex surface, a bottom surface formed between the inner surface and the outer surface, and a waterproof member having a fourth convex surface formed in the direction facing the bottom surface, wherein the waterproof member is arranged between the body and the rod.",G04B37/10; F16J15/16; H01H13/06; H01H13/14; H05K5/06,H01H13/14; H01H13/06; F16J15/3236; F16J15/56; G04G17/00; G04G17/02; G04G17/04; G04G21/00; G04G21/08; G04B37/106; G06F1/163; G06F1/1656; G06F1/1671; H01H9/04; H01H13/06; H01H13/14; G04B37/106; F16J15/16; F16J15/16; G04B37/106; H01H13/06; H01H13/14; H05K5/069,083-176-640-183-299; 108-844-393-623-627; 059-303-868-592-223; 106-428-556-344-871; 054-586-914-838-37X; 178-664-131-225-849; 175-480-916-714-081; 179-657-948-270-370; 017-608-200-454-57X; 117-381-954-943-363,,2026
063-503-386-198-099,接地连接引出膜,本公开提供一种在金属层和胶粘剂层之间难以产生剥离，且在加热时在金属层和胶粘剂层之间难以积留气体的接地连接引出膜、或能形成该膜的接地连接引出膜。接地连接引出膜1包括金属层2、设于金属层2的一面2b的胶粘剂层3。在金属层2形成有在厚度方向T贯通的开口部21，开口部21在厚度方向T截面中有含有第一宽边D1和第二宽边D2的截面，该第一宽边D1在面延展方向H延伸且相对较宽，该第二宽边D2在面延展方向H延伸且相对于第一宽边D1来说相对较窄。相对于第一宽边D1，胶粘剂层3层叠于第二宽边D2侧的金属层2面。胶粘剂层3的一部分能够侵入或已侵入开口部21内，在胶粘剂层3的一部分已侵入开口部21内的状态下，第二宽边D2被掩埋于开口部21内的胶粘剂层。,H05K9/00; B32B15/08,B32B15/08; H05K9/00; H05K9/0084; H05K9/0064; H05K1/0218; B32B15/08,,,2026
135-425-787-784-856,共聚物、其制造方法、树脂组合物及其制品,公开了一种共聚物，包括由苯基乙烯基硅烷和含乙烯基化合物A形成的结构单元，共聚物的原料包含苯基乙烯基硅烷和含乙烯基化合物A，以两者重量总计为100重量份计，所述苯基乙烯基硅烷为80重量份至98重量份，且含乙烯基化合物A为2重量份至20重量份。还公开了一种共聚物的制备方法，包括将80重量份至98重量份的苯基乙烯基硅烷和2重量份至20重量份的含乙烯基化合物A进行反应。还公开了一种包括该共聚物的树脂组合物、该树脂组合物的制备方法、该树脂组合物在制备制品中的用途、以及至少一部分由该树脂组合物制成的制品。,C08F230/08; B32B15/08; B32B15/20; B32B27/08; B32B27/28; C08F212/32; C08J5/18; C08J5/24; C08K7/14; C08K7/18; C08K9/06; C08L23/16; C08L25/10; C08L43/04; C08L53/02; C08L71/12; H05K1/03,C08F230/085; C08L43/04; C08J5/244; C08J5/18; C08K7/14; B32B27/08; B32B27/28; B32B15/08; B32B15/20; H05K1/036; C08J2343/04; C08J2471/12; C08J2453/02; C08J2423/16; C08J2425/10; C08J2471/12; C08J2423/16; C08J2409/06; C08F2800/20; H05K2201/012; C08J2353/02; C08J2343/04; C08L2205/03; B32B2307/308; C08J2453/02; H05K1/0353; C08J5/244; C08F299/022; B32B27/30; B32B27/06; B32B2307/30; B32B2307/748; B32B2307/204; C08L43/04; H05K2201/012; C08L53/025; C08J5/244; B32B5/26; H05K1/0353; C08F2800/20; C08L2205/03; C08J2343/04; C08J2353/02; C08J2453/02; C08J2471/12; C08J2423/16; C08J2409/06; B32B2250/05; B32B2250/40; B32B2260/023; B32B2260/046; B32B2262/101; B32B2307/204; B32B2307/308; C08F230/085,,,2026
032-937-916-943-249,Holding seat thereof,"A holding seat includes a first base, a second base, a handle, and a connecting rod. The first base has a base rail. The second base is connected to the first base. The handle is connected to the first base. The connecting rod has a first end and a second end. The first end of the connecting rod is pivotally connected to the handle, and the second end of the connecting rod is slidably disposed in the base rail. The handle drives the connecting rod to rotate the second base with respect to the first base.",G06F1/183; H05K5/02,G06F1/183; G06F1/187; G06F1/183; H05K5/023; H05K5/0234,156-032-799-720-774; 094-970-531-212-342; 079-308-049-297-704; 105-454-589-843-282; 077-364-930-129-136; 071-819-315-261-717; 073-819-495-568-558; 168-327-218-759-931; 194-311-239-290-876; 096-185-687-305-173; 036-848-927-687-464; 153-679-504-050-872; 176-779-282-938-990; 134-871-955-539-563; 173-927-241-646-45X; 062-596-322-047-610,,2026
033-582-205-399-44X,显示装置及电子装置,本公开涉及的显示装置，是可装卸于控制装置的显示装置，其具备：设置有与所述控制装置电连接的连接器的连接器单元；以及对所述连接器单元进行可位移地支承的支承结构。,H05K7/14,H05K7/14,,,2026
054-201-171-218-400,"Electric control box, air conditioning outdoor unit, air conditioner and method for assembling electric control box","An electric control box includes a shell, a mounting plate, and a heat exchanger; the mounting plate and the heat exchanger are connected by screw-thread fitting of a first fastener and corresponding connecting holes, the mounting plate and the heat exchanger are located inside the shell, and the heat exchanger is located between the mounting plate and an inner bottom face of the shell; the mounting plate and the shell are connected by screw-thread fitting of a second fastener and corresponding connecting holes.",F24F1/22; H05K7/20,H05K7/20218; F24F1/24; F24F1/22; H05K7/20327,146-012-407-264-255; 006-784-026-077-927; 037-266-382-384-987; 164-306-790-481-397; 075-525-707-756-980; 058-876-563-213-415; 086-139-056-391-693; 019-321-143-256-108; 188-539-391-906-800; 109-746-949-891-377; 141-951-935-032-988; 182-144-409-688-465; 060-355-574-192-670; 132-630-645-371-857; 126-532-093-342-057; 126-731-423-779-182; 041-919-341-150-260; 030-530-214-426-389; 167-012-366-134-738; 062-624-285-132-431; 013-977-691-980-870; 183-773-625-121-509; 125-458-199-238-400; 169-272-110-649-280; 182-175-316-899-601; 191-552-360-305-302; 017-527-162-515-532; 151-813-397-496-108; 196-060-855-022-831; 053-181-216-807-806; 150-886-697-914-384; 040-407-893-802-399; 078-368-236-717-258,,2026
155-267-318-028-112,Interposer board side wall having electrical features,A stacked printed circuit board assembly (PCBA) including an interposer board extending between a two circuit boards. The interposer board has a side wall including pads that are electrically tied to vias extending between electronic components of the circuit boards to allow testing of the electronic components and connections to any other electronic system. The test pads increase the number of probing points of the PCBA. Electrical traces electrically interconnect the test pads to the electronic components and may include electrical traces extending laterally through the interposer boards.,G01R31/28; H05K1/02; H05K1/11; H05K1/14,H05K1/0268; G01R31/2818; H05K1/116; H05K1/144; H05K2201/042; H05K2201/10098; H05K2201/10378,,,2026
026-701-102-002-134,Thumb-triggered wearable device and system,"Methods and apparatuses are disclosed for triggering a back-of-the-hand-worn electronic device (such as a scanner) via a trigger button toward the end of a removable flexible trigger button assembly or arm that is left/right-handed reversable in accordance with the preference of the user. The flexible trigger button assembly has at least a portion that is user bendable and twistable over a wide range to a desired user-customized static configuration for optimal ergonomic placement of a trigger button relative to the user's thumb. In a second embodiment, the flexible trigger button assembly instead has a simple cable terminating in a trigger button ring assembly that can be secured on the user's forefinger. Both embodiments allow each user to press the trigger button more easily, comfortably, and repeatedly.",G06K7/10; H05K5/00,G06K7/10396; G06K7/10297; H05K5/0086; G06K2007/10534,024-154-169-862-443; 001-718-969-242-708; 068-093-121-210-278; 178-196-383-150-105; 116-979-124-387-126,,2026
144-311-350-101-398,电力转换装置,为了使具有主电路板、第一电路板和第二电路板的电力转换装置小型化，主电路板在强电部配置对交流电压进行整流而输出直流电压的整流电路和对直流电压进行逆变而输出交流电力的逆变器电路，第二电路板具有配置在弱电部的第二电路，第一电路板与主电路板和第二电路板连接，第一电路板包括配置在强电部的第一电路；用于对强电部与弱电部进行绝缘加强的绝缘加强区域；配置在绝缘加强区域的、作为接收直流电压并对第一电路和第二电路供电的电源电路的构成部件的绝缘变压器；和配置在绝缘加强区域的、在第一电路与第二电路之间传递信号的绝缘元件。,H02M7/48,H02M3/33507; H02M3/003; H02M7/003; H02M1/007; H02M1/0006; H02M7/5387; H05K7/14322; H02M5/458; H02M7/003; H05K1/0213; H05K1/141; H05K2201/044,,,2026
027-345-658-032-61X,一种空间相机多通道热管换热装置,本发明涉及光学遥感技术领域，具体涉及一种空间相机多通道热管换热装置，包括柔性导热带、导热板和热管层，柔性导热带为C形结构；导热板包括沿水平方向设置的上导热板、下导热板和中间导热板，上导热板和下导热板分别连接于柔性导热带，中间导热板堆叠设置于上导热板和下导热板之间，以使相邻导热板之间形成容纳层；至少一层包括蒸发端热管的热管层和至少一层包括冷凝端热管的热管层分别设置于容纳层；其中，相邻容纳层的热管层类型不同，并且蒸发端热管和冷凝端热管交错设置。由此，能够减小空间相机多通道热管换热装置的体积、减轻重量、提高换热效率，快速有效地排散发热设备产生的热量，确保空间相机在各种工况下稳定可靠运行。,H05K7/20,H05K7/2039; H05K7/20309; H05K7/20318,,,2026
158-284-475-620-367,Production system,"A production system includes a first production line and a second production line arranged in parallel with each other, and a first feeder exchange device and a second feeder exchange device respectively provided in each production line at an interval with which the first feeder exchange device and the second feeder exchange device can pass by each other. When the production is stopped, the first feeder exchange device and the second feeder exchange device stop at intervals of a predetermined distance or more in a board conveyance direction.",B23P19/00; G05B19/418; H05K13/02; H05K13/04; H05K13/08,H05K13/021; H05K13/0417; F16P3/144; Y02P90/02; H05K13/086; G05B19/4183; H05K13/021; H05K13/0417,145-361-321-482-592; 155-075-886-153-45X; 098-878-298-423-779,,2026
111-517-551-782-798,貼付剤,,A61J1/00; A61K9/06; A61M35/00,A61M35/00; A61K9/70; A61M37/00; A61J1/00; A61M2205/6009; A61M2209/06; A61M2205/3561; A61M2205/6063; G06K19/06037; G16H20/10; G06K19/07327; A61M35/10; G16H20/10; A61M35/10; A61M2205/3561; A61M2205/6009; A61M2205/6063; A61M2209/06; G06K19/06037; H05K9/0081,,,2026
186-992-046-512-942,Heat exchange device and power conversion device,"A heat exchange device that is formed in a substantially rectangular shape and that cools a power semiconductor element, and a power conversion device comprising the heat exchange device, the heat exchange device including: a fin formation region in which cooling water flows in a transverse direction; and a buffer region formed in a lamination direction and facing the fin formation region, a partition wall being interposed therebetween, wherein an inlet and an outlet for the cooling water are respectively formed at at least one of both ends in a longitudinal direction, a flow path pit connecting the fin formation region and the buffer region is formed at both ends in the transverse direction, and the buffer region has a partition that divides the cooling water flowing in from the inlet and the cooling water flowing toward the outlet, and the inlet and the outlet are respectively connected to the fin formation region via the flow path pit.",H05K7/20,H02M7/003; H10W40/778; H10W40/47; H10W72/07354; H10W72/347; H10W90/732; H10W90/00; H10W74/00; H05K7/20927; H10W40/40; H10W40/47; H10W40/22,,,2026
075-678-169-908-250,一种基于LE-audio技术的同传设备,本发明公开了一种基于LE‑audio技术的同传设备，属于同传设备技术领域，本方案中演讲者头戴LE‑audio蓝牙同传耳机使用麦克风演讲时，借助LE‑audio蓝牙传输技术与头戴LE‑audio蓝牙同传耳机的与会代表转译传达演讲内容，同时显示终端实时显示会议内容，存储装置本体借助数据传输机构实时记录存储会议数据，便于后续的查询和使用，且数据传输过程中，数据任务量增多，传输运行过载时，散热降温机构能够对连接主插头和主接端口进行散热降温，避免温度过高对其造成损坏，保证其稳定运行，而在连接主插头发生故障时，故障断连机构推动其和主接端口分离断连，避免对主接端口和主控制终端的运行造成干扰，保证同传工作的稳定进行。,H04W4/80; G06F13/38; G06F40/58; G11B31/00; H04L12/18; H04W4/06; H05K7/20,G06F40/58; G06F13/385; G11B31/003; H05K7/20136; H05K7/20218; H04W4/06; H04W4/80; H04L12/1831,,,2026
172-792-065-872-359,电子设备以及壳体构件,提供涂膜难以剥落、美观性较高的电子设备以及壳体构件。计算器（100）为具备在基材（铝材）的表面具有涂装层的外壳（壳体构件）（1）的计算器（电子设备），上述涂装层具有：第1涂装层（10C），涂装于基材（铝材）；和第2涂装层（10D），通过与第1涂装层（10C）重叠地涂装生漆涂料（朱合漆）而形成。第1涂装层（10C）作为提高基材与该第1涂装层（10C）之间以及该第1涂装层（10C）与第2涂装层（10D）之间的密接性的层而形成，第2涂装层（10D）形成有涂膜较厚的厚膜区域和涂膜较薄的薄膜区域，并形成为在薄膜区域中通过第2涂装层（10D）透视看到第1涂装层（10C）的涂装色。,H05K5/02; G06F15/02,H05K5/02,,,2026
089-209-287-146-433,"Antenna module, connection member, and communication device including the same","The antenna module includes a first substrate and a second substrate on each of which a radiating element is arranged, a third substrate, and a switch circuit. An RFIC for supplying a radio frequency signal to the first substrate and the second substrate is arranged on the third substrate. The switch circuit is configured to change over a connection between the RFIC and the radiating element on the first substrate and a connection between the RFIC and the radiating element on the second substrate.",H04B1/00; H01Q1/50; H01Q23/00; H04B1/40,H04B1/3827; H05K1/14; H04B1/38; H04B1/40; H04B1/0064; H04B1/006; H04B1/44; H04B1/0458; H01Q1/243; H04B1/0057; H04B1/18; H01Q3/24; H01Q21/28; H01Q1/38; H01Q25/00; H01Q21/0025; H01P5/02; H01P1/047; H01Q1/38; H01P3/08; H04B1/3827; H05K1/14; H01Q23/00; H01Q1/50; H01Q1/50; H01Q23/00; H04B1/0064; H04B1/40,154-302-673-005-163; 008-838-175-542-996; 127-821-449-975-048; 133-750-314-552-015,,2026
084-541-519-856-809,用于电缆的连接器组件和电连接器,本发明涉及一种用于具有预定线规（404）的电缆（802）的连接器组件（100），该电缆（802）沿着配合方向（110）与配合连接器（702）配合，该连接器组件（100）包括布置在公共端子平面（106）上的多个端子（204），该公共端子平面（106）平行于该配合方向（110）延伸；其中该端子（104）中的每一个被配置成连接到至少一个线缆（212），该多个端子（204）中的每一个之间在节距方向（116）上的距离（124）小于预定线规（404）。本发明还涉及一种电连接器（700），其包括如上所述的连接器组件（100）和/或配合连接器（702），该配合连接器（702）包括具有配合节距（1004）的多个配合触头（703），该配合节距（1004）等于连接器组件（100）的端子（104）的距离（124）。,H01R13/02; H01R12/71; H01R12/75; H01R13/40; H01R13/502; H01R24/00,H01R9/226; H01R9/223; H05K7/20127; H01R13/436; H01R13/025,,,2026
005-795-763-785-189,一种减少AMB覆铜陶瓷基板焊料蚀刻铜残留的方法,本发明公开了一种减少AMB覆铜陶瓷基板焊料蚀刻铜残留的方法，涉及覆铜陶瓷基板制造技术领域，包括以下步骤：将AMB基板置入在焊料蚀刻液中，搅拌浸泡5‑15min，得到焊料蚀刻AMB基板；对焊料蚀刻AMB基板进行水洗，取出烘干，后置于蚀铜液中，恒温浸泡30‑60s，再次水洗烘干，得到铜蚀刻AMB基板；重复上述两步骤，3‑5次焊料蚀刻后，过清洗线清洗产品并烘干，得到AMB覆铜陶瓷基板。,H05K3/06,H05K3/06; H05K3/067; H05K2203/0562,,,2026
171-075-038-571-093,Air directing scoop for heat sink and UV-C apparatus,"An air sanitizing apparatus arranged within an HVAC duct having an air scoop, the air scoop arranged on a surface of the HVAC duct, the air scoop having an inlet end and an outlet end, the air scoop having a bracket extending distally from the air scoop, a UV light module, the UV light module secured to the bracket, the UV light module having a temperature sensor, a heat sink, the heat sink secured to the UV light module and proximate to the outlet end and, a control board, the control board in communication with the UV light module, the control board having a microprocessor in communication with an ambient temperature sensor and a heat-source temperature sensor arranged proximate to an external heat source, the microprocessor in communication with the temperature sensor of the UV light module.",F24F8/22; A61L9/20; F24F13/08; F24F13/30; G01K7/22; H05K1/02; H05K7/20,F24F2110/10; A61L2209/111; F24F8/22; F24F13/30; H05K1/0203; H05K2201/10106; H05K2201/066; A61L2209/16; A61L9/20; F24F8/22; F24F11/89; F24F11/30; H05K1/0203; H05K7/2039; F24F2110/10; H05K2201/066; H05K2201/10106; H05K1/0203; F24F8/22; F24F13/30; F24F13/08; A61L2209/12; H05K7/2039; A61L9/20; H05K2201/10106; A61L2209/16; G01K7/22,080-622-731-556-335; 158-441-177-881-434; 192-526-785-250-594; 187-671-004-815-397; 174-927-669-869-132; 092-017-585-203-784,,2026
001-901-703-604-439,Foldable display,"A foldable display includes a housing unit including a hinge member, and a first housing and a second housing coupled via the hinge member, and a flexible display panel including a flexible display layer and a support substrate. The support substrate includes a third portion between a first portion and a second portion of the support substrate. The third portion of the support substrate includes, in a first state, a first region overlapping a at least one step portion and a second region overlapping a planar portion. A first ratio of volume of openings of an opening group in the first region to volume of the first region in the first region of the support substrate is lower than a second ratio of volume of openings of an opening group in the second region to volume of the second region in the second region of the support substrate.",H05K5/02; G06F1/16,G06F1/1652; G09F9/301; H05K5/02; G06F1/1652,143-952-380-626-447; 027-118-130-945-39X; 136-388-572-721-678; 072-122-373-967-749,,2026
051-279-669-950-798,冷却装置、冷却组合件以及用于冷却计算系统的方法,本发明公开一种冷却装置、冷却组合件以及用于冷却计算系统的方法，其中冷却装置用于计算系统，冷却装置包括输入导管、第一散热器、第二散热器、连接导管、以及输出导管。第一散热器具有第一顶部槽以及第一底部槽。第一顶部槽耦接至输入导管。第二散热器具有第二顶部槽以及第二底部槽。第二散热器定位平行于第一散热器。第一散热器以及第二散热器相对于计算系统的底部面板以一角度定位。连接导管具有第一端以及第二端，第一端耦接至第一底部槽，第二端耦接至第二底部槽。输出导管耦接至第二顶部槽。,H05K7/20,H05K7/20718; H05K7/20763; H05K7/20781; H05K7/20781; H05K7/20736; H05K7/20272; F28D2015/0216; F28D15/00; F28F9/00,,,2026
040-819-218-966-585,兼具优异吸波和红外隐身性能的纳米气凝胶材料及其制备方法,本发明提供了一种兼具优异吸波和红外隐身性能的纳米气凝胶材料及其制备方法，该纳米气凝胶材料由具有高交联密度的含硅聚合物基体和碳纳米材料组成，碳纳米材料均匀分散在所述含硅聚合物基体中，所述含硅聚合物基体吸附在碳纳米材料表面形成了有机‑无机杂化结构，该纳米气凝胶材料中具有纳米级孔隙结构，空隙率为90％～95％，该纳米气凝胶材料同时具有吸波性能和红外隐身性能。本发明可以解决现有技术难以将热辐射阻挡性能和电磁波吸收性能有效集成到一个材料体系中的问题，可以同时改善材料的EMW吸收性能和红外隐身性能。,C08L43/04; C08J9/28; C08K3/04; H05K9/00,C08J9/28; C08J9/0071; H05K9/0081; C08J2205/026; C08J2205/042; C08J2343/04,,,2026
112-254-323-319-245,Wideband antenna arranged on vehicle,"An antenna module mounted on a vehicle, according to an embodiment, comprises: a PCB on which a transmission line is formed; and an antenna element coupled to the PCB and configured such that metal patterns are interconnected on a surface thereof in a first axial direction and in a second axial direction perpendicular to the first axial direction. The metal patterns comprise: a first branch line arranged such that the metal patterns arranged in the first axis direction have lengths overlapping each other on the second axis; and a second branch line extending from an end of the first branch line connected to the PCB, to a portion parallel to the PCB, so as to be perpendicular to the PCB.",H01Q5/371; H01Q1/32; H01Q3/34,H01Q1/3275; H01Q21/30; H01Q9/40; H01Q3/02; H04B7/0617; H01Q1/1271; H01Q1/32; H01Q5/50; H01Q5/25; H01Q1/38; H01Q1/48; H04B7/0413; H05K1/0243; H05K2201/10098; H01Q5/371; H01Q1/3233; H01Q3/34,146-161-954-271-787; 131-836-067-345-733,,2026
025-657-029-017-599,Component management device and component management method,"Provided are a roll body extractor that extracts roll bodies from reels and store the roll bodies in cases having radio tags, respectively, and a storage warehouse that includes a plurality of storage positions for storing the cases storing the roll bodies. Furthermore, provided are a reading unit that acquires component information, an identification information generator that generates identification information for identifying a component, a writing unit that writes the component information and the identification information in the radio tag, and a contactless reader that reads the identification information written in the radio tag. Further, the component information written in the radio tag and the identification information are stored in association with each other, and storage position information generated by specifying the storage position and the identification information read by the contactless reader are stored in association with each other.",B65G1/137; B65G9/00,B65G1/137; G06Q10/087; H05K13/021; H05K13/0419; H05K13/086; Y02P90/30; B65G1/137; B65G9/002,008-596-415-236-797; 199-215-098-995-646; 151-330-943-423-330; 045-976-574-456-451; 135-787-949-263-569; 009-512-601-032-988; 017-115-752-087-741,,2026
044-625-522-033-106,活性金属钎料用蚀刻液及使用了其的陶瓷电路基板的制造方法,关于本发明，在用于将含有Ag、Cu及活性金属的活性金属钎料层进行蚀刻的活性金属钎料用蚀刻液中，活性金属钎料用蚀刻液含有氟化铵、硼氟化氢酸、和选自过氧化氢及过氧二硫酸铵中的1种或2种。,C23F1/30; B23K1/00; C23F1/02; C23F1/18; H05K3/06,H05K3/06; C23F1/18; C23F1/30; H05K3/067; C04B37/026; C04B2237/124; C04B2237/122; C04B2237/125; B23K1/0016; B23K1/203; B23K2101/42,,,2026
016-393-634-824-900,Power board module and server,"A power board module and a server are provided by the present application. The power board module includes: a chassis, a side wall of the chassis having a guiding groove; a power board bracket, wherein a power board is fixedly installed on the power board bracket, and a side wall of the power board bracket has an adjusting rod hanging groove; and an adjusting shifting piece module, wherein the adjusting shifting piece module has an installing portion matched with the adjusting rod hanging groove, and the installing portion is installed in the adjusting rod hanging groove; an end portion opposite to the installing portion has two adjusting elastic arms matched with the guiding groove, and the two adjusting elastic arms are clamped with two inner walls of the guiding groove, respectively.",H05K7/14,H05K7/1401; H05K5/02; H05K7/1485; H05K7/1487; H05K7/1492; H05K7/1492,090-262-649-230-797; 157-956-312-995-618; 098-165-021-329-173; 150-216-024-824-541; 001-365-381-533-220; 125-511-019-434-704; 003-566-302-795-665; 111-893-090-750-097; 158-247-099-174-291; 163-992-450-415-568; 086-186-358-682-658; 008-280-525-443-411; 030-157-664-369-681; 092-748-150-011-109; 173-754-090-097-314; 157-438-582-535-312; 004-164-094-584-111; 124-943-642-972-750; 188-004-128-234-161; 042-837-579-718-837,,2026
095-952-975-736-048,Filling cracks on a substrate via,"A semiconductor device assembly is provided. The assembly includes a substrate having a first layer with a first contact and a second layer with a second contact. A via that includes a first conductive material electrically couples the first contact and the second contact. A second conductive material having a lower melting point than the first conductive material is disposed at least partially between the via and the second contact. When a crack occurs between the via and the second contact, the second conductive material may be heated to fill the crack. Thus, the techniques, apparatuses, and systems disclosed herein may provide a repairable substrate.",H05K1/11; H05K3/40; H10W90/00,H05K1/0213; H05K1/09; H05K1/11; H05K1/116; H05K3/00; H05K3/4046; H05K3/225; H05K3/225; H05K3/4038; H05K1/116; H10W70/05; H10W70/685; H05K1/116; H05K3/4038; H05K2201/10674; H05K2201/0939; H05K2201/09563; H05K2203/1105; H05K2201/10984; H10W90/724,046-869-001-587-991; 179-222-828-449-517; 087-858-423-038-005; 190-205-159-574-241; 115-509-447-966-402; 075-054-136-791-425; 034-582-220-482-547,,2026
133-447-232-757-947,RF shielding pouch and garment for electronic devices,"A RF (“Radio Frequency”) shielding container with an associated garment such as a jacket is described. The RF shielding container may comprise a pouch that holds and encapsulates an electronic mobile device such as a cell phone. The pouch is made of multiple layers of fabric including metalized layers that effectively block the reception and/or transmission of RF signals to and from the cell phone. A sealing mechanism formed on the pouch ensures the blockage of RF signals while offering ease of use while in combat. A garment such as a jacket or pants is designed to have internal pockets or cavities which can hold the RF shielding container. The RF shielding container May remain in the jacket during use, as well as when the mobile device is placed into or retrieved from the container.",H05K9/00; A41D1/00,A41D1/002; A41D27/205; H05K9/0043; A41D1/002; H05K9/0043,070-964-073-078-075; 063-018-113-897-346,,2026
012-013-390-972-102,一种石墨烯分散液及其制备方法和应用,本发明公开了一种石墨烯分散液及其制备方法和应用，属于PCB技术领域。本发明提供的石墨烯分散液包括改性石墨烯以及分散剂；所述石墨烯分散液的pH为2～6；所述改性石墨烯，为TSiPD改性的石墨烯；所述分散剂为溴化钠和次氯酸钠的混合水溶液。本发明提供的墨烯分散液可用于PCB板的孔金属化，并显著提高孔内导电性的均匀程度，以及石墨烯和孔壁的附着强度。本发明还提供了上述石墨烯分散液的制备方法和应用。,C01B32/19; C25D5/02; C25D7/00; H05K1/00; H05K3/00,C01B32/19; C25D5/02; C25D7/00; H05K1/00; H05K3/00,,,2026
186-115-255-410-147,气溶胶产生装置,一种气溶胶产生装置，包括：电源；加热腔室，该加热腔室可操作以加热气溶胶基质以产生气溶胶；第一控制电路系统，该第一控制电路系统被配置成控制从该电源到该加热腔室的电力供应；以及壳体，该壳体包括嘴口端和相反端。该电源、该加热腔室和该第一控制电路系统被布置在该壳体的内部体积中，该加热腔室被布置在该第一控制电路系统与该嘴口端之间，并且该第一控制电路系统被布置在该加热腔室与该电源之间。,A24F40/40,A24F40/40; A24F40/20; A24F40/40; A24F40/46; A24F40/50; A24F40/65; A24F40/51; A24F40/90; A24F40/20; H02J7/855; A24F40/90; A24F40/46; A24F40/57; A24F40/60; H05K1/028; H05K1/11; H05K1/14,,,2026
130-698-541-036-307,Radio frequency transmission circuit board and manufacturing method thereof,"A radio frequency transmission circuit board has a bending portion, a signal transmitting portion and a signal receiving portion, and includes a first multilayer structure, a second multilayer structure, a third multilayer structure, a blind hole, a lens and an optical fiber. The blind hole extends from the second multilayer structure to the first multilayer structure. A reflective layer is arranged in the blind hole. The lens is embedded in the first multilayer structure and partially exposed in the blind hole. The optical fiber is embedded in the first multilayer structure and connected to the lens. The bending portion does not include the second multilayer structure and the third multilayer structure. The blind hole and the lens are located in the signal transmitting portion. The optical fiber is located in the bending portion.",H05K1/02; G02B6/42,G02B6/43; G02B6/4214; H05K1/0274; H05K2201/10121; G02B6/4274; H01Q1/38; H05K1/0274; G02B6/4206; H05K1/024; H05K1/028; G02B6/4293,195-316-774-714-764; 124-742-475-881-454; 071-981-368-462-112; 105-710-245-751-413; 130-258-231-869-777; 174-577-540-388-816,,2026
133-631-234-253-259,一种防过热云母加热器,本发明公开了一种防过热云母加热器，包括云母加热器，所述云母加热器的外侧设置有保温套，所述保温套的一周均匀设置有多个防过热机构，所述保温套的内侧顶部安装有热传感机构，所述保温套的外侧一周设置有多个滑装座，所述防过热机构的两端均连接有转动轴，所述保温套的内侧安装有电控推杆，所述电控推杆的一端与防过热机构的一侧活动连接。本发明通过将防过热机构均匀分布在保温套的一周，从而方便了在当内部热量较高时，可通过散热槽进行通风散热，以保证内部，当过载时则可通过将电控推杆推动转动轴打开，实现了大范围的通风效果，以便于快速解决过热损伤的问题，从而有利于对云母加热器实现了防过热保护的效果，延长了加热器的使用寿命。,H05B3/02; H05B3/06; H05K5/02; H05K7/20,H05B3/02; H05B3/06; H05K5/0213; H05K7/20209; H05K7/20136; Y02B30/00,,,2026
086-465-126-428-687,High-frequency electronic component,"A high-frequency electronic component includes a ceramic multilayer substrate, ground electrodes provided at different layers of the ceramic multilayer substrate, and a shielding film covering at least a side surface among surfaces of the ceramic multilayer substrate. Two or more of the ground electrodes are exposed to the side surface of the ceramic multilayer substrate but do not protrude from this side surface, and are electrically connected to the shielding film. On the side surface of the ceramic multilayer substrate, the two or more of the ground electrodes at least partially overlap each other in a thickness direction of the ceramic multilayer substrate, with a distance in the thickness direction between the overlapping ground electrodes being 5 μm or greater.",H05K1/03; H05K3/341; H05K3/46,H05K9/00; H10W70/60; H10W74/114; H10W42/20; H10W44/20; H10W90/00; H10W42/276; H05K1/0306; H05K3/3442; H05K3/4652; H05K2201/1006,014-565-621-716-172; 058-659-627-626-972; 018-413-697-658-928,,2026
095-111-388-305-394,Electronic device,"According to one embodiment, an electronic device includes a wall and a substrate. The substrate is provided with an opening. The substrate includes an organic compound layer, a first surface of the organic compound layer, a second surface of the organic compound layer opposite the first surface, first wiring on the second surface, second wiring on the second surface, a first pad, and a second pad. The first surface is attached to the wall. The first pad is connected to the first wiring. The second pad is connected to the second wiring away from the first pad. The opening penetrates the organic compound layer to open to the first surface and the second surface between the first pad and the second pad.",H05K1/02; G11B33/12; H05K1/03; H05K1/09,G11B33/124; H05K1/118; H05K3/0061; H05K3/282; H05K3/244; H05K2201/0949; H05K1/09; H05K2201/0347; G11B33/124; H05K1/0268; H05K2201/0154; H05K2201/094; H05K1/0326; H05K1/0346; H05K2201/0145; H05K2201/09063,087-827-582-871-916; 161-051-081-943-594; 039-947-486-500-053; 028-385-228-828-75X; 108-821-635-505-139; 162-279-131-123-584; 082-317-699-379-042; 018-335-614-967-16X; 144-204-966-702-163,,2026
048-673-487-499-155,用于操作电动车辆驱动器的功率模块,一种用于操作电动车辆驱动器的功率模块(10)，包括多个功率开关(12，14，16)，该多个功率开关分别具有功率半导体；控制电子器件(18)，该控制电子器件用于控制多个功率开关(12，14，16)，以便基于输入电流产生输出电流；其中控制电子器件(18)进一步包括温度单元(24)，该温度单元被设计用于获得功率半导体的工作电压和工作电流，并且基于工作电压和工作电流来确定功率半导体的温度。,H02P27/08; G01K7/00; G01R31/26; H02M7/00; H02M7/5387; H02M7/5395; H05K7/20,H02P27/085; H02M7/003; H02M7/53871; H02M7/5395; H05K7/209; G01K7/00; G01R31/2603; B60L15/007; B60L2240/525; H02M1/0009; H02M1/327; Y02T10/64; Y02T10/70; H02M7/539; B60L2210/40; B60L50/51,,,2026
083-054-654-517-020,Display device,"An embodiment of the present disclosure provides a display device including a front member disposed on a front surface of a display panel and having curved areas and a planar area, a second adhesive layer disposed on a rear surface of the display panel, a first member disposed on the second adhesive layer, a second member disposed on the first member, a heat dissipation member disposed on the second member and having a width different from that of the front member, an encapsulation member encapsulating the heat dissipation member and including a first region and a second region and a third adhesive layer disposed on the heat dissipation member, wherein the curved areas are located at both ends of the front member along a width direction of the front member, wherein a width of the encapsulation member is less than or equal to a width of the front member.",H10K59/80; B32B3/26; B32B5/18; B32B7/12; B32B15/04; B32B15/08; B32B15/20; B32B17/06; B32B17/10; H10K77/10; H10K102/00,G09F9/30; H05K7/20963; B32B17/061; B32B17/06; B32B17/10; Y02E10/549; H10K59/873; H10K59/8794; B32B2457/20; B32B3/266; B32B5/18; B32B2266/045; B32B15/046; B32B15/08; B32B15/20; H05K7/20963; H10K50/87; H10K59/87; B32B2457/20; B32B7/12; B32B3/266; B32B5/18; B32B15/046; B32B15/20; B32B15/08; B32B17/061; B32B17/06; B32B17/10; B32B2266/045; H10K77/111; H10K2102/311; H10K59/8794; H10K59/873,198-871-994-730-696; 074-187-321-680-025; 094-518-933-085-410; 008-749-809-993-525; 100-180-314-452-437; 144-501-260-077-141; 183-064-938-847-544; 185-100-207-425-477; 058-579-774-308-616; 194-152-485-686-811,,2026
009-936-895-354-42X,快速射频封装,一种包括芯片载体的器件封装，所述芯片载体具有腔以及被配置成用于路由信号的一个或多个微波波导。存在包括一个或多个衬垫并且位于所述芯片载体的腔内的芯片。每个衬垫与所述芯片载体的所述一个或多个微波波导中的微波波导的对应连接器衬垫对准。所述一个或多个衬垫中的至少一个衬垫借助于所述至少一个衬垫与所述微波波导的对准的对应连接器衬垫之间的重叠电容耦合而耦合至所述对应微波波导的所述连接器衬垫。,H10D80/30; H10W70/60,G06N10/40; H05K1/0243; H05K2201/066; H05K1/0203; H05K2201/10598; H05K2201/10371; H05K2201/09063; H05K2201/09072; H10W76/12; H10W76/157; H10W70/668; H10W44/601; H10W44/20; H10W72/00; H10W44/216; H10W70/682; H10W90/293; H05K1/0243; H10N60/00; H10N60/12; H10N60/805; H10N60/815; H10N69/00; H10W70/60; H10W44/20; H10W72/00; H10W90/00; H01Q13/08; H05K2201/10371; H05K2201/09072; H05K2201/066; H05K1/0243; G06N10/40; H05K2201/10598; H05K1/0203; H05K2201/09063; H01Q13/18; H10N60/815; H10N60/00; H10N69/00; H10N60/12; H10N60/805; H10W76/12; H10W76/157; H10W70/60; H10W70/668; H10W44/601; H10W44/20; H10W72/00; H10W90/00; H10W44/216; H10W70/682; H01Q13/18; H01Q13/08,,,2026
087-866-360-515-459,布线电路基板,布线电路基板(X)在厚度方向上依次具备金属支承基材(10)、绝缘层(20)和导体层(30)，布线电路基板(X)具有沿第1方向(D1)延伸的端缘部(E)。端缘部(E)包含主构造部(E1)、且局部包含部分构造部(E2)。在主构造部(E1)，金属支承基材(10)具有在与第1方向(D1)和厚度方向正交的第2方向(D2)上比绝缘层(20)向外侧伸出的基材伸出部(11)。在部分构造部(E2)，绝缘层(20)具有在第2方向(D2)上比金属支承基材(10)向外侧伸出的绝缘层伸出部(21)。,H05K3/22,H05K1/056; H05K3/242; H05K3/243; H05K3/243; H05K1/09; H05K1/05; H05K1/11,,,2026
197-447-866-215-658,Method of manufacturing circuit board,"A method of manufacturing a circuit board is provided. The method includes forming an open substrate, in which the open substrate includes a substrate body having a top surface and a bottom surface; an opening in the substrate body, in which the opening has a first sidewall and a second sidewall opposite to the first sidewall; and at least one first fixing portion and at least one second fixing portion extending from the substrate body toward the opening, in which the first fixing portion and the second fixing portion are respectively protruded from the first sidewall and the second sidewall. A heat dissipation block is inserted in the opening to clamp the heat dissipation block between the first fixing portion and the second fixing portion, in which the heat dissipation block includes the heat dissipation block comprises a ceramic or a composite material.",H05K3/46; H05K1/02; H05K3/00,H05K1/0204; H05K3/4644; H05K2201/09854; H05K2201/10416; H10W70/682; H05K1/0204; H05K3/4697; H05K2201/10416; H05K2201/09854; H05K2201/09063; H05K3/0047,102-611-794-507-71X; 028-351-267-818-129; 149-363-411-944-679; 133-533-437-776-974; 084-087-314-806-878; 109-333-718-047-528; 096-661-310-472-005,,2026
053-280-948-822-546,通孔形成方法及柔性印刷布线板用基板,本发明提供通孔形成方法及柔性印刷布线板用基板，该方法包括如下工序：形成层叠体，层叠体具有氟树脂层、第一粘合剂层、第一加强树脂层、第一导体层、第二粘合剂层、第二加强树脂层、第二导体层；通过加热层叠体，使第一及第二粘合剂层固化并分别成为第一及第二固化粘合剂层；在第一导体层形成开口部，通过向开口部照射激光，除去第一加强树脂层、第一固化粘合剂层、氟树脂层、第二固化粘合剂层及第二加强树脂层，形成在底面露出有第二导体层的有底的导通用孔；通过在导通用孔的内壁形成镀层，将第一导体层与第二导体层电连接，第二固化粘合剂层的热解温度低于第一加强树脂层及第二加强树脂层的热解温度，第二固化粘合剂层的厚度为10μm以上200μm以下。,H05K3/42; H05K1/11,H05K3/0035; H05K2203/1572; H05K3/429; H05K2203/061; H05K1/036; H05K3/4688; H05K2201/015; H05K2201/068; H05K1/0281; H05K1/115; H05K1/0281; H05K3/4688; H05K3/421; H05K3/429; H05K2203/072; H05K1/036; H05K2201/0191; H05K2201/015; H05K2201/068; H05K3/0035; H05K1/0313,,,2026
122-388-518-873-920,基板アセンブリ,,H10W40/20; G02B6/42; H05K7/20,H05K7/20; G02B6/42; H04B10/40; G02B6/428; G02B6/4245; G02B6/4269; H10W40/10; G02B6/4245; G02B6/4269; H04B10/40,,,2026
192-735-828-814-662,一种异黑素/氧化石墨烯层状气凝胶薄膜及其制备方法,"本发明公开了一种异黑素/氧化石墨烯层状气凝胶薄膜及其制备方法，方法包括：将1,8‑二羟基萘溶于溶剂中，并进行超声分散、搅拌，得到1,8‑二羟基萘溶液；加入氧化石墨烯水分散液并搅拌，得到1,8‑二羟基萘/氧化石墨烯混合溶液；加入高碘酸钠溶液，在室温下搅拌反应4‑48h，然后离心、洗涤，得到异黑素/氧化石墨烯浆料；用液氮进行单向冷冻成型，然后进行冷冻干燥，得到异黑素/氧化石墨烯气凝胶薄膜。本发明采用的原料均为常见的试剂，制备方法具备良好的可重复性；利用1,8‑二羟基萘与氧化石墨烯相似的结构和相互作用，采用一锅法原位聚合，得到异黑素插层氧化石墨烯的复合薄膜，工艺过程高效、简便，过程协同性高。",H05K9/00,H05K9/0081,,,2026
110-462-506-514-821,Modular power system,"Disclosed is a modular power system. The modular power system comprises a high current backplane for providing electrical connections, the high current backplane comprises a plurality of slots wherein each slot is configured to receive a power module from a plurality of power modules, and wherein a power module of the plurality of power modules can be removably coupled to a slot of the plurality of slots; and at least one memory device configured to store configuration data for one or more of the plurality of power modules, wherein each power module of the plurality of power modules comprises a processor operatively coupled with the at least one memory device to employ the configuration data for a desired operation of the modular power system.",H05K7/14; H02B1/46; H05K7/02,H02B1/46; H05K7/14325; H02B1/46; H05K7/026; H05K7/14324; H05K7/1457,186-672-539-514-249; 189-599-183-758-437; 157-906-994-047-256; 177-313-156-868-292; 089-588-632-223-819,,2026
161-002-934-510-918,Flexible heater and electronics,"A heater for an aerosol-generating device is provided, the heater including: a flexible electrically insulating substrate including a first portion, a second portion, and a fourth portion, in which the flexible electrically insulating substrate is rolled into a tube; control electronics disposed on the first portion of the flexible electrically insulating substrate; a heating element including an induction coil and being disposed on the second portion of the flexible electrically insulating substrate; and a susceptor element arranged on the fourth portion of the flexible electrically insulating substrate. An aerosol-generating device is also provided, including a cavity to receive an aerosol-generating article including an aerosol-forming substrate, and the heater. A system is also provided, including the aerosol-generating device and the aerosol-generating article including the aerosol-forming substrate.",A24F40/465; A24F40/20; H05B6/10; H05B6/36; H05K1/02; H05K1/16,A24F40/46; A24F40/465; H05K1/028; H05K1/0212; H05K1/165; H05K1/167; H05B3/34; A24F40/20; H05B6/105; H05B2203/003; H05B2203/013; H05B2203/021; H05B3/58; H05K2201/051; H05K1/118; H05K2201/09263; H05B3/04; A24F40/46; A24F40/465; H05B3/34; H05B3/58; H05B6/105; H05B3/10; H05K1/0212; H05K1/028; H05K1/165; H05K1/167; A24F40/20; H05B2203/003; H05B2203/013; H05B2203/021; H05B2203/03; H05K2201/051; H05K2201/09263; A24F40/465; A24F40/20; H05B6/105; H05B6/36; H05K1/028; H05K1/165; H05K2201/051,109-894-571-842-091; 073-440-504-974-229; 032-779-119-644-878,,2026
024-742-171-022-196,电子设备,本申请公开了一种电子设备，属于电子技术领域。电子设备包括壳体和按键，壳体设置有按键安装槽，按键安装槽的槽壁上设置有限位部，限位部靠近按键安装槽的槽口设置；按键包括弹性连接部和与弹性连接部连接的键帽主体，键帽主体的至少部分位于壳体外，弹性连接部的至少部分设置于按键安装槽内，弹性连接部上设置有卡接部，在弹性连接部至键帽主体的方向上，卡接部可与限位部限位配合。,H01H13/86; H01H13/705; H01H13/7065; H04M1/02; H05K1/02,H01H13/86; H01H13/705; H01H13/7065; H04M1/026; H04M1/0277; H05K1/0271; Y02E60/10,,,2026
077-556-737-685-866,Rollable screen device thermal mitigation,"In aspects of rollable screen device thermal mitigation, a mobile device can be configured in a compact form factor and in an expanded form factor. The mobile device includes at least one heat source that generates heat within the mobile device. The mobile device implements a configuration manager that initiates expanding the mobile device from the compact form factor to the expanded form factor based at least in part on one of a thermal load, a device temperature, or a device component temperature. The mobile device can be a foldable mobile device, or an expandable mobile device with a rollable display screen configurable in one of multiple display states corresponding to respective device form factors.",H04M1/02,G09F9/301; G09F9/335; H05K7/20963; H04M1/0208; H04M1/0208,075-152-497-380-903; 014-661-381-593-512; 185-166-701-693-022; 131-095-047-826-024; 150-746-062-129-468,,2026
122-661-515-301-470,Multilayer radio frequency component,"A radio frequency (RF) component having a compact form-factor includes a planar transmission line located between first and second dielectric substrates. A first plurality of conductive vias integrated with the first substrate are electrically connected to a second plurality of conductive vias integrated with the second substrate, wherein the electrically connected conductive vias are arranged at least partially about the planar transmission line. The vias are connected to a ground plane on one of the substrates. Multiple RF components can be stacked one atop the other to form an integrated bank of discrete or electrically connected electrical devices implemented as antennas, couplers and filters, among other RF components, and combinations thereof.",H01P3/08; H05K1/02; H05K1/11,H05K2201/09509; H01P3/088; H05K1/115; H05K1/0243; H01P3/088; H05K2201/09509; H05K1/115; H05K1/0243,017-096-118-709-215; 094-547-944-696-594; 072-702-043-014-153; 110-394-789-541-907; 071-290-993-216-07X; 090-831-719-765-613; 050-805-257-210-399; 108-406-878-087-033; 164-430-403-181-182; 180-814-244-837-617; 164-426-454-310-341; 063-264-474-527-934; 028-811-980-377-52X,,2026
117-539-938-531-710,一种铁路机房通信电源及机房环境监测系统,本发明涉及铁路机房监测设备技术领域，且公开了一种铁路机房通信电源及机房环境监测系统，包括防潮板，所述防潮板的外侧设置有平衡机构，防潮板的外侧设置有复位机构，平衡机构能够保证电源支撑设备出现故障时，电源设备依旧能够保持平衡稳定，复位机构能够保证电源设备供电线脱落后，能够自动复位，平衡机构包括支撑板，支撑板的右侧面固定连接于防潮板的外表面。该铁路机房通信电源及机房环境监测系统，通过设置有传动滚轮与导电线之间的摩擦力，可带动导电线和连接头向右侧移动，并且使导电线在右侧堆积，连接头的表面与两个推板接触，随后液压杆运行会推动推板和连接头移动，使连接头重新插入电源设备本体的内部，完成复位的目的。,H05K7/14,H05K7/14,,,2026
058-560-931-407-803,"Solder alloy, solder ball and solder joint","The present invention employs a lead-free and antimony-free solder alloy which has an alloy composition that contains from 1.0% by mass to 4.0% by mass of Ag, from 0.1% by mass to 1.0% by mass of Cu, from 0.1% by mass to 9.0% by mass of Bi, from 0.005% by mass to 0.3% by mass of Ni and from 0.001% by mass to 0.015% by mass of Ge, with the balance being made up of Sn.",B23K35/26; B23K35/02; B23K101/40; C22C13/02,C22C13/00; C22C13/02; B23K35/262; B23K35/0244; H05K3/346; B23K35/262; C22C13/02; B23K35/0244; B23K2101/40; B23K35/0244; B23K35/262; C22C13/02,058-406-213-016-036; 002-080-520-062-033; 104-901-296-196-435; 099-969-614-061-82X; 085-174-377-917-497; 122-176-854-563-847; 185-298-878-734-955; 006-951-939-630-34X; 000-385-351-862-21X,,2026
029-324-938-809-550,电连接器,本发明涉及一种电连接器(10)，所述电连接器具有输入侧的触头(30)以及壳体(20)，在所述壳体之内，电导线(40)和具有至少一个传感器装置(84)以及控制装置(82)的电路连接到所述触头(30)上。根据本发明，所述传感器装置(84)和所述控制装置(82)设置在共同的载体(70)上。这里所述载体构造成由塑料注塑的电路载体，在所述电路载体上施加金属的导体线路(80)。优点：易于将传感器和监控功能集成到传统的连接器中。,H05K3/10; H01R13/66,H01R13/6683; H01R13/6658; H05K2201/10189; H05K2201/10151; H05K3/0014; H05K2201/09118; H01R13/6675; H01R13/6683; H01R13/6691,,,2026
049-441-683-841-097,Semiconductor device,"A semiconductor device includes a wiring substrate including a plurality of wiring layers, and a semiconductor chip including a first analog circuit. A power supply potential pattern capable of supplying a first power supply potential to the first analog circuit and a reference potential pattern capable of supplying a first reference potential to the first analog circuit are electrically connected with the first analog circuit. The power supply potential pattern is provided in a first wiring layer which is the nearest to a lower surface of the wiring substrate among the plurality of wiring layers. The reference potential pattern is provided in a second wiring layer which is the next nearest to the lower surface after the first wiring layer. The power supply potential pattern and the reference potential pattern extend in the same direction as each other while mutually overlapping with each other in transparent plan view.",H01L23/48; H01L23/00; H01L23/498,H10W20/427; H10W42/20; H10W70/685; H10W72/00; H10W70/65; H10W90/701; H10W90/724; H05K1/111; H05K1/181; H10W70/65; H10W90/701; H10W72/90; H10W72/926; H10W70/685; H10W70/65; H10W90/724; H10W72/20,059-742-196-662-421,,2026
029-441-490-307-503,Optical module,"An optical module includes a circuit board and a light emitting assembly. The circuit board includes a first circuit board ground line, a second circuit board ground line and a circuit board signal line. The light emitting assembly is connected to the circuit board, and the light emitting assembly includes a spacer and a laser chip. The spacer includes a first spacer ground line, a second spacer ground line and a spacer signal line. The first spacer ground line is connected to the second spacer ground line through a fourth connection line; or the first spacer ground line is connected to the second circuit board ground line through a fifth connection line; or the second spacer ground line is connected to the first circuit board ground line through a sixth connection line; or the first circuit board ground line is connected to the second circuit board ground line through a seventh connection line.",H01S5/02345; H01S5/02253; H01S5/026,G02B6/428; G02B6/4279; G02B6/4277; H01S5/0239; H01S5/02345; H01S5/06226; H05K1/142; H05K2203/049; H05K1/0219; H05K2201/0979; H01S5/02253; H01S5/02345; H01S5/0261; H01S5/0264,183-554-686-503-738; 101-827-295-408-844; 142-165-894-316-498; 176-773-160-322-947; 157-371-231-463-018; 112-564-263-144-79X; 048-455-233-583-052; 090-243-980-151-307; 161-012-817-611-532; 114-612-467-427-245; 066-727-074-828-76X,,2026
074-502-682-156-146,电子模块的制造方法及电子模块,提供一种能够实现电子模块的小型化的电子模块的制造方法以及电子模块。电子模块的制造方法包含以下工序：第1工序，在印刷基板(30)的通孔(31)之上涂敷焊膏(53)；第2工序；以及第3工序，通过回流焊使焊膏(35)熔融。在第2工序中，将第1电子部件(10)的引线(12)插入至通孔(31)而配置第1电子部件(10)，以使第2电子部件(20)的表面安装用的连接部件与印刷基板(30)的连接用的焊盘(32)相接的方式配置第2电子部件(20)。位于第1电子部件(10)侧的连接部件的高度高于焊膏(35)的高度。在第2工序中，在俯视观察时，第2电子部件(20)的至少一部分与焊膏(35)的一部分重叠。,H05K3/3494; H05K1/181; H05K3/303,H05K3/341; H05K1/181,,,2026
179-026-232-348-581,一种具有简易结构优化器的灌胶方法,"本发明公开了一种具有简易结构优化器的打胶及灌胶方法,包括以下步骤：S1、将散热片通过定位柱安装在优化器盒体内部的四边框架槽口位置，将单组分胶涂覆在四边框架端面上，并将PCBA板通过热熔柱定位粘接在四边框架上；S2、PCBA板安装完成后将双组分胶从灌胶口进行第一次灌胶，填充四边框架内部单独空间；S3、第一次灌胶完全凝固后，从盒体正面进行第二次灌胶，直至双组分胶没入溢胶槽；S4、第二次灌胶完全凝固后，安装面盖，完成装配。本发明通过单组分胶的粘接和热熔柱的固定，双重作用稳固PCBA板，双组分胶面保证PCBA板电子元件工作时能有足够的散热，将电子元件置于密封保护的环境，避免了电子元件在野外安装时出现受污染，损伤的情况。",H05K5/06; H05K7/14; H05K7/20,H05K5/064; H05K7/1402; H05K7/2039,,,2026
154-534-824-751-095,流体控制装置、方法和系统,一种流体控制装置包括具有多个表面的壳体，所述多个表面在所述壳体内限定空腔。所述壳体包括接收流体混合物的入口和将所述流体混合物引导出所述壳体的出口。所述流体混合物包括与碎屑结合的流体。结构阵列被安置在所述空腔内并包括多个结构。所述多个结构中的每一个包括与所述壳体的内表面耦接的第一表面和远离所述壳体的所述内表面一定距离安置的第二表面。所述结构阵列包括第一部分和第二部分。所述第一部分被配置成干涉所述流体混合物以将至少一些所述碎屑从所述流体分离，并且所述第二部分被配置成将所述流体和至少一些所述碎屑引导向所述出口。,B01D45/06; B01D21/26,H05K7/20927; H05K7/20272; F28F3/12; B01D2279/45; B01D21/0003; F28F2200/00; F28F2265/18; H10W40/226; H10W40/40; F28F19/01; F28F2210/02; F28F2250/102,,,2026
071-249-465-441-99X,一种电子设备及其散热器,本申请公开了一种电子设备及其散热器，散热器包括调整模块和散热模块，调整模块包括第一换气腔和第二换气腔，散热模块包括液冷循环管，液冷循环管的两端分别与第一换气腔及第二换气腔连通，第一换气腔内设有第一封板和第一驱动件，第一驱动件提供动力，使得第一封板向第一侧运动，以驱动液冷循环管内的冷却介质流动；第二换气腔内设有第二封板和第二驱动件，第二驱动件提供动力，使得第二封板向第二侧运动，以驱动液冷循环管内的冷却介质流动。上述散热器可以解决计算机高负载运行时出现温度热尖峰，导致风冷热管内冷却工质无法及时冷凝回流，造成热管干涸，散热风扇转速高，噪声过大，甚至宕机的问题，实现快速降温。,H05K7/20,H05K7/20272; H05K7/2039,,,2026
036-261-558-277-626,用于显示器件制造的多层FPC控制板的生产方法,本发明涉及显示器件制造等技术领域，提供一种用于显示器件制造的多层FPC控制板的生产方法，该方法包括：在基准治具上通过机械定位孔与光学靶标实现功能层的高精度对准，形成包含多种功能层的初始叠层体；采用受控模具沿预设折叠轴线开窗，去除第三覆铜层、第二聚酰亚胺绝缘层及AD纯胶粘结层，暴露第二覆铜层背面并形成局部减薄区；通过在未开窗侧施加主压力、开窗侧施加副压力的方式进行差异热压合，使开窗区形成柔性结构，未开窗区保持原始厚度和刚性特性；最后采用预设冷却曲线完成固化定型。该方法可实现高精度层间对准、可控局部开窗、区域差异压合及刚柔一体化成型，提升折叠显示器件中FPC控制板的可靠性、一致性与制造效率。,H05K3/46; H05K3/06,H05K3/4638; H05K3/4691; H05K3/06,,,2026
129-111-012-257-082,Display device and head-up display,"A display device includes: a display panel that includes, in a front surface, a display area in which an image is displayed, and projects, from the display area, light that has entered from a back surface as display light showing the image; a thermal conductive sheet that is disposed contacting the display panel, and has an opening positionally corresponding with the display area; and a light transmissive material that sandwiches the thermal conductive sheet together with the display panel.",H05K7/20; B60K35/23; B60K35/60; G02B27/01,G02B2027/0192; G02B27/0101; G02B27/0149; G02B27/01; B60K35/23; B60K35/231; B60Y2410/114; B60K2360/25; B60K35/60; H05K7/20963; G02B27/0101; G02B2027/0192; B60K35/23; B60K35/60,132-470-473-625-784,,2026
036-491-686-125-591,激光雷达的散热结构、激光雷达及车辆,本申请提供了一种激光雷达的散热结构，所述激光雷达的散热结构包括：上舱、下舱、驱动装置以及叶轮；上舱，用于安装发射激光的光机，所述上舱设有风道以及与所述风道连通的进风口和出风口，所述进风口位于所述上舱朝向所述下舱的底部，以及所述出风口位于所述上舱背离所述下舱的顶部；下舱，与所述上舱连接，用于支撑所述上舱，所述下舱通过无线供电的方式为所述上舱进行供电，并通过无线通信的方式进行信号传输；驱动装置，连接于所述上舱和下舱之间，用于驱动所述上舱相对所述下舱旋转；叶轮，与所述驱动装置连接并位于所述上舱和所述驱动装置之间，所述叶轮在所述驱动装置驱动下随着所述上舱旋转，以使外部空气形成气流从所述进风口流入，并从所述出风口流出。本申请还提供了一种激光雷达及车辆。,H05K7/20; G01S7/481,G01S17/931; G01S7/4813; G01S7/4817; H05K7/20145; H05K7/20172; G01S17/931; H05K7/20409; G01S7/4813; H05K7/20154,,,2026
020-205-307-474-468,Portable container for an industrial battery charger,"A portable container for an industrial battery charger is provided. The portable container includes a housing with a removably coupled top portion. The portable container also includes two or more access holes provided in the form of pockets for forklift tines. The portable container includes a power adapter, cable management device(s), and a document enclosure. The portable container can also include a structural support system to stabilize the battery charger and one or more ventilation apertures to provide cooling and airflow to the battery charger.",H02G3/04; H02J7/00; H05K5/02,H02G3/04; H02J7/70; H05K5/0217; H02G3/04; H05K5/0213; H02J7/70,,,2026
032-317-077-476-784,Electronic smoking device comprising a rigidised flexible PCB,"A printed circuit board is configured to mechanically support a plurality of electrical and/or electronic components which are electrically connected via conductive tracks. At least some of the conductive tracks are arranged on a common flexible carrier. A first rigidizing layer including a first rigidizing material is located at a first portion of a surface of the common flexible carrier to form a first rigidized zone. A second rigidizing layer including a second rigidizing material is located at a second portion of the surface of the common flexible carrier to form a second rigidized zone. The first portion of the surface and the second portion of the surface are spaced apart from each other. The first rigidizing material and the second rigidizing material support electrical and/or electronic components. The electrical, electronical components and/or conductor tracks are attached between the rigidizing layers.",H05K1/00; A24F40/40; H05K1/02; H05K1/189,H05K1/189; H05K1/028; H05K3/4691; H05K1/148; H05K2201/046; H05K2201/2009; H05K1/0306; H05K2201/0191; H05K2201/0275; A24F40/40; A24F40/70; A24F40/40; H05K1/0281; H05K1/189; H05K2201/2009,162-172-535-411-566; 152-474-075-017-891; 141-287-727-758-159; 008-785-496-029-783,,2026
040-761-046-193-15X,Embedded flip chip package substrate and manufacturing method thereof,"A manufacturing method for an embedded flip chip package substrate includes laminating a first dielectric layer on the first line layer formed on a carrier plate, forming a first window on the first dielectric layer, filling a first copper post in the first window, forming a second window on the first dielectric layer, mounting a flip chip to the second window, sequentially stacking a packaging layer and a second dielectric layer covered with a first metal layer on the first dielectric layer, pressing a packaging layer encapsulating the first copper post and the flip chip and a second dielectric layer, curing the packaging layer, opening a hole through the first metal layer, the second dielectric layer and the packaging layer to form an interlayer conducting blind hole, forming a second line layer on the first metal layer, and removing the carrier plate to obtain a package substrate.",H01L23/495; H01L21/48; H01L21/56; H01L23/00; H01L23/31; H01L23/498,H10W70/05; H10W95/00; H10W74/01; H10W74/114; H10W74/111; H10W70/69; H10W70/65; H10P72/743; H10P72/7424; H10P72/74; H10W70/05; H10W70/095; H10W74/019; H10W74/114; H10W70/69; H10W90/701; H10W70/685; H10W70/65; H10W70/635; H10W42/121; H10W90/724; H10W74/00; H05K3/341; H05K3/3494; H05K3/0026; H05K3/007; H05K1/185; H10W70/60; H10W74/00; H10W74/114; H10W70/05; H10W70/685; H10W74/012; H10W74/15; H10W90/701; H10W90/724; H10W72/20,009-232-201-591-303,,2026
198-960-681-200-541,"Apparatus, system and method for determining a match condition for a printed circuit board to a stencil","An apparatus for determining the condition of a printed circuit board, including a stencil database for storing a plurality of stencil data files corresponding to stencils of different dimensions, an image capturing device having an area where the printed circuit board is laid thereon for a surface profile of the printed circuit board to be captured for generating a surface data file of the printed circuit board, and a condition determination module that compares data from the surface data file with data from one or more stencil data file as a nominal reference via a matching process to determine the condition of the printed circuit board based on a set of categories. The printed circuit board is sent for further processing (i.e., stencil printing) after being determined to be in a match-successful condition where data from the surface data file falls within a tolerance of the nominal reference.",G06T7/00; H05K3/12,G06F30/392; G06F30/398; G06F2115/12; G06T7/001; G06T2207/10116; G06T2207/20084; G06T2207/20081; G06T2207/30141; H05K3/1225; H05K2203/163; H05K3/341; G06F30/398; G06F30/392; H05K3/1225; G06F2115/12; G06T7/001; H05K3/1216; G06T2207/10116; G06T2207/20081; G06T2207/30141; H05K2203/163,194-266-394-818-394; 116-644-437-190-282; 124-838-000-375-60X; 093-709-658-932-173; 197-091-600-191-770; 095-857-501-906-062; 101-248-026-380-349; 152-651-711-799-084; 122-193-137-779-80X,,2026
068-825-840-598-441,一种转动机构和折叠终端,本申请涉及电子设备技术领域，公开了一种转动机构和折叠终端。其中，转动机构包括第一摆臂、第二摆臂、轴盖、轴支撑件以及泄力结构。其中，第一摆臂能够绕第一轴线转动，第二摆臂能够绕第二轴线转动，第二轴线平行于第一轴线，第一摆臂和第二摆臂的转动方向相反。沿第一方向，轴支撑件的至少一部分位于第一摆臂和第二摆臂之间。沿第二方向，轴盖和轴支撑件之间设有泄力结构，泄力结构用于在轴盖受到外力作用时泄力。上述转动机构采用泄力结构，能够避免柔性屏因应力集中而损坏，有效提高了折叠手机的耐用性，用户体验佳。此外，本申请的转动机构结构简单紧凑，成本低，适用范围大。,F16M11/04; F16M11/12; H04M1/02; H05K5/02,F16M11/04; F16M11/12; H05K5/0226; H04M1/0216,,,2026
061-864-062-507-917,"Package, method for forming a package, chip card, and method for forming a chip card","A package including an electronic leadless module having a top side, a bottom side and side faces between the top side and the bottom side, the electronic leadless module having an electronic circuit, a plurality of electrical contact pads at the bottom side of the electronic leadless module which are electrically conductively coupled to the electronic circuit, and encapsulation material which partially encapsulates the electronic circuit, wherein the electrical contact pads are at least partially free from encapsulation material and the electronic leadless module have an anchoring region on at least one side face. The package may also include a carrier frame which carries the electronic leadless module, with the side face extending further in the direction of the carrier frame below the anchoring region than in the anchoring region, and filler material in the anchoring region for fastening the electronic leadless module to the carrier frame.",H05K3/34; G06K19/077; G06V40/13; H05K1/11; H05K3/341,G06K19/07722; H10W70/699; G06K19/07722; H05K2201/10727; H05K1/111; G06V40/13; H05K2201/09381; H05K3/3431,119-858-075-681-57X; 174-972-232-517-559; 015-967-501-773-939; 179-606-420-141-247; 175-356-363-277-337,,2026
017-802-280-475-715,降低机壳发烫的研磨工具机,一种降低机壳发烫的研磨工具机，包含一机壳及一驱动组件，该机壳分为一头部及一身部，该机壳包含多个壳件，该机壳具有一设于该身部的进气口及一设于该头部远离该身部一侧的出气口，该机壳于该头部成形一马达罩体，该马达罩体未接触该些壳件令该机壳成形一气流通道。该驱动组件包含一设于该机壳的电路板，一置入该马达罩体的马达及一与该马达同步转动的气流产生件，该气流产生件转动时产生一经该气流通道并对该电路板及该头部散热的第一散热气流，及一对该马达面对该气流产生件一侧散热的第二散热气流。,B24B23/02; B24B55/05; B24B55/10; H05K7/20,B24B23/02; B24B55/10; B24B55/05; H05K7/20136; H05K7/20145; Y02P70/10,,,2026
174-470-496-258-343,粗化処理銅箔、キャリア付銅箔、銅張積層板及びプリント配線板,,C25D5/16; C25D5/48; C25D7/00; C25D7/06; H05K1/09; H05K3/38,B32B15/04; C25D1/04; C25D5/12; C25D5/16; C25D7/06; H05K1/09; H05K3/38; C25D1/04; C25D5/60; C25D5/12; C25D5/16; C25D7/06; C25D3/38; C25D15/00; C25D5/48; H05K1/09; H05K3/38; B32B15/04,,,2026
131-222-760-346-391,Optical transceiver,"An optical transceiver includes an attenuation mechanism capable of attenuating the electromagnetic waves in an intermediate space of the interior space. The interior space is continuous in a first direction between the photoelectric device and the optical connector, the interior space being surrounded with a conductive surface from every direction perpendicular to the first direction. The attenuation mechanism is a post structure including some conductive posts electrically continuous to the conductive surface, the conductive posts extending in a second direction perpendicular to the first direction, the conductive posts being arranged at some points in a plan view along the second direction, the points being at vertices of some quadrangles, adjacent quadrangles of which share one side with each other, the quadrangles being arranged in the first direction, the optical fiber passing through at least one adjacent pair of the quadrangles in the first direction.",H04B10/67; H04B10/40,G02B6/4292; G02B6/4287; G02B6/4274; G02B6/428; H04B1/40; H04B10/25891; H05K9/00; H04B10/40; H04B10/674; G02B6/4246; G02B6/4277; H04B10/40; H04B10/674,101-587-410-884-919; 185-220-202-244-745; 132-899-685-008-595; 049-362-731-563-090,,2026
077-804-032-771-000,一种具有连续本压功能的邦定装置,本发明公开了一种具有连续本压功能的邦定装置，涉及邦定装置技术领域，所述邦定装置包括底座、预压头、本压头、移动座一、移动座二、轨道、滑动座、滑轨、机械臂、传送带、集中组件、传递组件、稳定组件，以及转移组件；通过将基板在集中组件处进行预压后基板的集中，以及和传递组件的配合使用，对本压环节基板的分发传递，有效提高了基板的本压连续性，提高了工作效率，且基板向本压头处移动的过程中，稳定组件会产生吸力将基板固定在传递组件表面，防止基板在传递过程中发生位移，且本压完成后转移组件会在不与机械臂干涉情况下把传递组件表面的基板抓取转移至传送带处。,B23P19/02; B23P19/00; B25B11/00; H05K3/34,B23P19/02; B23P19/001; B25B11/005; H05K3/34,,,2026
192-009-930-001-514,Clustered microvia structure for a high-density interface PCB,"According to various embodiments, a printed circuit board includes: a buried via formed through one or more layers of the printed circuit board; a first conductive pad that is formed on a first end of the buried via; a first conductive via that is formed through a first layer of the printed circuit board and is connected to the first conductive pad; and a second conductive via that is formed through the first layer of the printed circuit board and is connected to the first conductive pad.",H05K1/11; H05K1/181,H05K1/113; H05K1/181; H05K2201/0979; H05K1/0265; H05K2201/096; H05K2201/09536; H05K3/4644; H05K1/181; H05K1/113,076-761-806-537-354,,2026
086-410-596-423-022,Multilayer resin substrate and method of manufacturing multilayer resin substrate,"A multilayer resin substrate includes a stacked body and a coil including coil conductor patterns. A first coil conductor pattern includes a first non-overlapping portion not overlapping with a second coil conductor pattern, when viewed in a Z-axis direction. A second coil conductor pattern includes a second non-overlapping portion not overlapping with the first coil conductor pattern, when viewed in the Z-axis direction. The first non-overlapping portion protrudes more to an outer peripheral side in a radial direction than the second coil conductor pattern, and the second non-overlapping portion protrudes to an inner peripheral side in the radial direction.",H01F27/28; H01F5/00; H01F41/04,H05K1/16; H05K3/46; H01F5/003; H01F41/041; H01F5/003; H01F27/2804; H01F41/041; H01F2027/2809,053-776-134-595-46X; 014-817-199-678-489; 132-014-763-161-675; 094-302-112-581-350; 054-130-261-420-674; 085-140-592-257-991; 083-329-070-049-227,,2026
156-477-087-592-796,一种树脂组合物、包含其的预浸料、覆铜板和印制电路板,本发明提供一种树脂组合物、包含其的预浸料、覆铜板和印制电路板。以马来酰亚胺化合物、聚苯醚树脂、交联剂和反应型含磷阻燃剂的总重量份为100份计，所述树脂组合物的制备原料包括如下重量份数的组分：马来酰亚胺化合物30‑50份、聚苯醚树脂20‑40份、交联剂10‑20份、反应型含磷阻燃剂5‑15份、无机填料60‑150份。本发明提供的树脂组合物实现了无卤阻燃以及低介电损耗特性，并且能较好平衡介电性能、低热膨胀和高耐热性，综合性能优异。,C08F283/06; B32B15/08; B32B15/20; B32B27/06; C08F2/44; C08F226/06; C08F283/00; C08F283/04; C08J5/24; C08K3/36; C08K7/14; C08L51/08; H05K1/03,C08F283/065; C08F283/04; C08F283/00; C08F2/44; C08K3/36; C08J5/244; B32B15/08; B32B15/20; B32B27/06; H05K1/0366; C08J2351/08; C08J2451/08; C08K7/14,,,2026
134-654-895-006-077,Electrically conductive bonding tape with low passive intermodulation,"An electrically conductive bonding tape includes a conductive self-supporting first layer conductive in each of three mutually orthogonal directions and including conductive opposing first and second major surfaces, an conductive second layer coated on the first major surface of the self-supporting first layer and having at least 60% by weight of nickel, the second layer having an exposed major surface facing away from the first major surface of the self-supporting first layer and exposing at least some of the nickel in the second layer, and a conductive adhesive third layer bonded to the second major surface of the self-supporting first layer opposite the second layer. The adhesive third layer is conductive in at least one of the three mutually orthogonal directions and includes a plurality of conductive elements dispersed in an insulative material, at least some of the conductive elements physically contacting the self-supporting first layer.",C09J7/38; C09J7/25; C09J7/28; H01B1/22; H01R4/04; H05K9/00,C09J9/02; C09J2301/122; C09J2301/314; C09J2301/408; C09J7/29; C08K2003/0862; C08K2201/001; C08K9/12; C09J2301/41; C09J2203/326; B32B5/022; B32B15/092; B32B27/12; B32B27/18; B32B15/20; B32B2264/1055; B32B2307/202; B32B2405/00; C09J7/385; C09J7/255; C09J7/28; H01B1/22; H01R4/04; H05K9/0088,182-090-317-482-602; 051-556-896-103-161; 077-889-351-093-919; 066-763-792-630-190; 064-129-759-702-155,,2026
066-077-938-411-151,"Fastening device, method, arrangement and switchgear cabinet","A fastening device for fastening a DIN rail to a wall includes: at least one fastening element having a wall fastening portion for fastening the fastening element to the wall, and a DIN rail fastening portion for fastening the fastening element to the DIN rail. When in a fastened state, the DIN rail fastening portion is guided at least in some regions through an opening formed in the DIN rail. The DIN rail fastening portion includes a tongue and groove system into which a portion of the DIN rail is inserted in the fastened state.",H02B1/34; H02B1/01; H02B1/04; H02B1/052; H05K7/18,H02B1/052; H02B1/012; F16B5/02; F16B5/0685; H02B1/012; H02B1/042; H02B1/052; H02B1/34; H05K7/183,124-255-841-441-953; 037-190-669-417-231; 194-740-719-069-412; 196-245-137-188-563; 075-424-694-006-327; 126-242-378-415-939; 032-461-064-920-969; 008-915-347-426-147,,2026
013-238-334-107-003,显示设备,公开了一种显示设备，其包括：显示器；罩，罩接合到显示器并且在罩中设置有空间；多个印刷电路板，印刷电路板容纳在空间中；以及安装部，安装部接合到显示器，容纳在空间中，并且在安装部上形成有第一安装突出部，其中，印刷电路板安装在第一安装突出部上，其中，第一安装突出部包括多个安装槽，其中，印刷电路板分别安装在多个安装槽中，其中，多个安装槽被限定在沿第一安装突出部的长度方向彼此间隔开的位置处，使得多个印刷电路板被设置为彼此间隔开。,G09F9/30; H05K1/02; H05K5/02; H05K7/14,G09F9/30; H05K5/0217; H05K1/02; H05K7/14; G02F1/133308; G02F1/133314; H05K7/1402; H05K5/0018; H05K5/0026; H05K5/03; H05K5/0018,,,2026
002-407-670-898-655,NOVEL USE FOR COOLANTS WITH LOW ELECTRICAL CONDUCTIVITY,,C09K5/10; G06F1/20; H05K7/20,C09K5/10; G06F1/20; G06F2200/201; H05K7/20763; H05K7/20236; C09K5/10; H05K7/20236; H05K7/20763; G06F1/20; G06F2200/201; C09K5/10; H05K7/20236; H05K7/20263; H05K7/20281; H05K7/20763,,,2026
187-643-890-946-106,Liquid crystal polymer embedded microelectronics device,"Embodiments described herein can include multi-layer circuits within a liquid crystal polymer (LCP) material to define a 3-D interconnect structure that connects the microelectronics features, devices, components and electrical interfaces. In addition, mechanical functions can be embedded in a fashion and proximity such that the embedded electronics can interface and interact with each other as well as introduced conditions relevant to the function of the device and the outside world or environment it is exposed to.",H05K3/30; H05K1/02; H05K1/03; H05K1/18,B01L3/502715; B01L2200/025; B01L2300/0645; H05K1/0296; H05K1/032; H05K2201/0141; H05K3/30,132-768-332-111-28X; 047-258-730-418-294; 089-338-875-165-041,,2026
044-467-949-027-011,电子模块和布置,电子模块(1)包括至少一个功能电路部件(10)、模块本体(2)、配置成电连接到功率模块(91)的第一接口(6)和配置成电连接到功率源(92)的第二接口(7)。电子模块(1)还包括配置成降低外部高频噪声的第一电容单元(3)和配置成降低外部低频噪声的第二电容单元(4)，使得第一电容单元(3)和第二电容单元(4)形成EMC滤波器结构。第一电容单元(3)、第二电容单元(4)和功能电路部件(1)集成在模块本体(2)中。电子模块(1)可以包括冷却板(11)，该冷却板(11)被配置成将热量从功能电路部件(10)耗散到冷却体(8)。冷却板(11)还可以被配置成屏蔽功能电路部件(10)免受噪声的影响。,H02M7/5387; H02G5/00; H02M1/00; H02M1/12; H02M1/44; H02M7/00; H05K7/14,H02M7/5387; H02M7/003; H02M1/12; H02M1/123; H02M1/126; H02M1/44; H02M1/0064; H05K7/1432,,,2026
073-255-427-686-084,Electrical apparatus and plug,"An electrical apparatus includes a housing including an opening, an electronic component in the housing, electrical wires connected to the electronic component and extending out of the housing through the opening, a plug extending in a first direction and inserted in the opening with the electrical wires passing through the opening, and a waterproofing material in the opening. The plug includes a first outer peripheral surface matching an inner wall surface of the opening, and a second outer peripheral surface opposite and spaced apart from the inner wall surface of the opening. The electrical wires are between the second outer peripheral surface and the inner wall surface of the opening.",H02G3/08; H01R13/533,Y02A30/14; B62M6/45; H05K5/062; H05K5/069; B62J50/22; B62K23/02; B62J11/19; B62J1/165; H01R13/533; H02G3/088,086-773-034-122-650; 028-216-211-751-20X; 163-304-159-003-793; 147-598-659-701-21X,,2026
086-317-226-001-731,Electrical components for physiological monitoring device,The present disclosure relates to a device configured to be adhered to the surface of a mammal for recording physiological signals. The device may include a housing enclosing a circuit board and a flexible wing extending from the housing. The device may include an electrode coupled to the flexible wing and an electrical trace for transmitting an electrical signal between the electrode and the circuit board. The electrical trace may have an insulator with a conductive material and resistors printed on the surface of the insulator. The trace layer may include conductive vias for transmitting the signal from a bottom of the trace layer to a top of the trace layer. The housing may include a battery having a battery terminal connector configured to provide electrical access to both terminals on a single side of the battery. The housing may include a floating trigger button.,A61B5/00; A61B5/257; A61B5/282; A61B5/325; A61B90/00; H05K1/14; H05K5/00; H05K5/02; H05K7/14,A61B5/6833; A61B5/0245; A61B5/02438; A61B5/352; A61B5/0022; A61B5/256; A61B5/02405; A61B2560/0214; A61B2560/0487; A61B2562/16; A61B5/325; A61B5/257; A61B5/28; A61B5/325; A61B5/352; A61B5/6833; A61B5/0006; A61B2562/16; A61B2560/0214; A61B2090/0807; A61B2562/0215; A61B2562/0217; A61B5/325; A61B5/282; A61B5/257; A61B5/6833; A61B5/6843; A61B2562/166; A61B2562/227; H05K5/0026; H05K1/147; H05K5/0086; H05K5/0217; H05K7/1427,107-861-687-957-524; 170-891-459-395-533; 088-570-941-382-037; 190-371-117-225-637; 044-073-392-185-212; 101-768-558-565-597; 162-057-670-132-443; 178-154-911-851-007; 124-956-557-465-642; 025-227-423-869-490; 045-266-034-439-494; 071-294-757-027-064; 106-254-190-761-533; 128-720-229-505-371; 086-597-710-520-495; 022-008-306-158-965; 181-024-011-519-183; 078-330-940-175-655; 056-592-576-605-488; 064-146-281-818-400; 073-885-120-149-846; 091-579-300-959-878; 034-293-151-316-578; 023-579-640-941-248; 143-882-270-116-939; 113-579-590-524-771; 021-557-089-896-878; 115-896-208-390-365; 055-413-562-160-34X; 077-146-721-527-191; 139-175-266-849-921; 100-690-423-653-289; 085-340-679-266-889; 022-404-875-542-689; 037-980-045-795-177; 138-165-350-564-237; 107-160-727-160-324; 078-950-227-586-616; 108-537-279-596-178; 149-639-811-404-385; 188-935-709-852-086; 154-451-373-265-480; 138-161-821-119-984; 134-671-395-178-707; 161-277-585-625-428; 130-177-057-271-985; 175-598-846-060-29X; 029-890-727-174-037; 063-406-679-250-124; 075-094-687-432-062; 018-692-958-409-597; 174-275-798-196-80X; 092-433-224-842-33X; 114-373-557-833-460; 132-691-982-702-951; 020-119-870-983-244; 021-893-553-464-802; 054-268-212-490-600; 160-631-799-821-566; 109-374-675-937-950; 028-123-922-714-015; 116-384-420-033-792; 013-040-475-562-989; 115-278-119-523-527; 142-949-176-330-805; 047-745-671-413-036; 137-466-772-447-252; 153-497-892-295-021; 026-153-069-357-78X; 068-604-824-141-24X; 020-080-517-712-085; 138-558-508-209-284; 063-405-502-373-044; 155-721-235-308-239; 111-040-650-620-203; 134-296-907-854-392; 001-628-773-294-400; 020-910-287-540-993; 164-268-059-554-118; 171-507-528-987-549; 013-878-741-547-538; 165-639-917-446-700; 070-007-497-781-763; 036-020-717-584-15X; 142-551-497-338-023; 028-705-243-798-456; 048-204-407-350-368; 009-265-265-099-327; 150-253-831-637-761; 012-489-909-252-157; 156-028-783-883-673; 104-331-038-874-094; 099-819-218-085-930; 167-610-076-641-387; 014-796-052-855-065; 171-980-914-385-478; 073-146-342-165-201; 131-431-962-605-380; 036-453-824-549-126; 126-043-640-534-14X; 014-351-592-175-085; 112-679-850-608-907; 171-507-867-383-344; 042-761-437-056-120; 110-879-526-172-64X; 170-420-251-646-750; 097-946-410-031-413; 063-797-816-513-826; 022-815-769-349-320; 097-190-136-104-28X; 126-258-154-279-989; 099-352-965-226-518; 037-597-728-671-024; 150-660-123-354-443; 049-976-195-005-322; 172-021-929-700-605; 114-448-715-095-330; 141-926-733-946-39X; 197-860-716-505-931; 080-080-989-057-214; 143-908-948-301-410; 164-351-667-635-605; 129-587-090-719-24X; 152-707-022-159-559; 092-366-261-584-299; 088-754-029-791-701; 087-475-310-665-696; 003-859-816-050-926; 058-044-984-207-636; 117-507-954-890-450; 113-159-804-813-173; 114-903-894-778-576; 043-016-359-516-924; 072-187-510-297-663; 128-164-821-604-884; 004-488-154-107-458; 015-924-548-470-396; 039-173-637-164-899; 163-417-344-402-471; 161-355-566-443-363; 113-492-269-234-864; 098-538-134-020-921; 125-938-174-589-135; 135-026-117-231-656; 064-430-087-706-577; 132-053-035-454-80X; 145-046-860-292-325; 063-433-246-104-993; 142-191-213-358-326; 143-751-324-016-440; 030-473-013-835-663; 125-073-376-866-559; 170-848-180-603-944; 061-918-673-590-159; 162-944-438-083-190; 108-528-148-008-677; 092-481-608-695-160; 150-416-360-450-944; 101-814-726-301-211; 073-950-568-272-752; 089-366-188-087-481; 090-471-160-573-47X; 197-110-566-630-581; 180-203-668-551-61X; 104-936-073-769-11X; 170-312-223-189-363; 016-182-414-425-115; 116-656-953-743-11X; 170-290-774-951-751; 007-200-867-740-265; 124-771-904-139-323; 114-020-330-738-625; 014-100-698-297-658; 086-977-341-673-211; 154-458-173-060-255; 027-479-919-858-633; 113-379-318-840-779; 140-500-876-809-603; 095-461-651-317-609; 052-489-993-897-521; 049-778-706-167-685; 113-292-833-729-774; 184-488-754-629-791; 147-004-033-577-332; 056-890-117-541-521; 197-240-618-056-856; 141-749-328-576-079; 150-033-869-284-506; 009-699-078-670-469; 123-628-766-518-449; 162-840-306-553-051; 117-279-671-639-256; 056-423-604-536-671; 112-613-769-874-261; 168-833-107-186-095; 192-817-882-430-212; 082-035-256-875-56X; 090-210-796-013-333; 183-895-774-914-110; 116-368-893-284-84X; 147-051-556-960-260; 021-021-186-417-693; 165-227-261-699-201; 027-228-167-397-056; 089-170-412-644-699; 025-338-437-573-529; 109-743-234-929-788; 159-955-573-393-517; 073-768-223-972-04X; 147-712-694-635-023; 035-126-721-844-03X; 161-501-966-146-918; 090-445-999-833-880; 062-311-571-422-993; 196-865-869-511-474; 133-143-345-432-679; 165-435-826-079-277; 165-638-245-430-022; 133-787-161-004-390; 161-757-786-203-62X; 077-326-394-554-886; 082-020-977-819-670; 004-070-061-410-628; 117-122-754-249-768; 038-494-229-963-908; 068-815-060-369-905; 073-760-528-281-999; 078-027-249-087-19X; 190-658-264-163-219; 191-245-212-904-207; 142-888-245-867-918; 069-394-120-958-263; 083-721-100-086-667; 005-949-125-991-673; 102-378-308-904-827; 117-056-193-446-725; 105-147-004-631-461; 103-328-092-951-405; 043-451-512-790-425; 126-028-158-344-49X; 190-995-205-350-214; 033-843-912-004-008; 017-344-923-306-697; 180-082-231-681-587; 021-323-806-765-618; 114-940-029-007-913; 056-018-742-556-401; 052-233-958-618-735; 125-239-598-778-930; 116-725-465-642-412; 066-738-646-076-940; 178-128-388-681-509; 081-606-929-663-554; 060-381-812-294-47X; 026-521-953-092-782; 060-986-155-031-419; 171-222-533-074-622; 055-510-857-696-701; 092-882-800-304-331; 045-096-880-149-462; 015-113-368-159-761; 008-212-639-241-653; 089-797-006-136-92X; 185-618-157-316-85X; 169-539-697-348-486; 137-280-529-085-065; 192-400-800-351-251; 030-802-417-178-940; 118-919-402-050-653; 105-636-527-351-116; 191-136-126-177-557; 159-402-348-224-290; 020-900-755-298-941; 181-859-350-577-412; 083-710-950-002-016; 090-786-309-551-022; 171-826-664-436-07X; 067-628-102-195-879; 197-813-234-522-534; 158-722-520-965-645; 056-974-583-221-777; 139-043-298-671-182; 017-338-005-683-177; 192-723-008-766-37X; 018-658-671-051-47X; 067-340-847-334-690; 194-702-781-514-778; 195-979-349-267-526; 108-906-994-886-167; 030-778-972-411-791; 082-091-910-598-445; 102-494-089-983-315; 008-123-753-204-114; 125-469-687-414-446; 147-145-623-994-303; 021-879-059-983-526; 059-564-868-739-059; 135-491-386-640-830; 024-715-541-216-26X; 164-083-563-381-665; 064-650-758-528-56X; 093-124-579-712-46X; 117-625-159-578-123; 137-028-465-994-037; 151-629-390-321-436; 156-118-256-492-856; 061-369-042-235-936; 173-598-578-291-522; 013-390-907-774-687; 043-104-306-468-949; 173-814-071-012-858; 010-680-462-389-415; 095-503-766-869-908; 046-525-798-992-96X; 122-154-458-951-736; 097-238-245-495-953; 026-508-869-130-305; 181-697-717-906-317; 177-546-343-293-604; 195-164-567-557-559; 018-757-801-824-631; 178-478-773-523-101; 143-152-155-030-115; 077-761-569-624-425; 186-699-955-500-743; 120-725-632-263-140; 162-124-896-553-117; 157-292-506-730-731; 060-111-341-944-092; 071-698-676-045-130; 186-547-783-436-542; 114-834-445-730-124; 041-317-065-243-795; 156-461-088-936-021; 199-056-764-550-820; 034-011-813-522-314; 037-466-276-739-277; 121-443-502-967-802; 058-978-905-011-352; 197-960-277-491-299; 067-430-294-340-191; 096-820-222-102-739; 031-462-943-967-075; 118-583-234-518-520; 124-752-658-706-885; 137-051-110-011-164; 014-510-516-707-217; 188-047-964-106-755; 180-531-872-465-535; 086-181-105-440-914; 004-585-260-027-747; 028-074-362-633-277; 006-428-967-154-25X; 157-033-182-145-803; 141-589-779-073-630; 148-377-226-460-104; 048-256-138-589-366; 184-983-666-777-59X; 054-832-832-243-103; 199-522-216-927-688; 164-766-061-462-126; 148-598-371-369-429; 191-945-435-899-430; 066-380-980-273-962; 192-929-847-252-656; 083-927-857-631-560; 175-698-135-426-783; 097-795-953-040-329; 062-696-754-383-042; 018-323-199-708-903; 023-349-009-241-609; 174-568-437-544-249; 102-100-615-177-643; 095-662-005-589-504; 030-852-183-330-051; 060-049-041-513-990; 191-681-410-074-866; 095-758-566-307-702; 041-211-928-962-053; 176-888-667-828-322; 045-659-165-382-093; 125-269-759-322-967; 007-629-186-414-327; 184-710-566-621-295; 166-648-186-142-770; 193-431-620-445-267; 111-349-035-796-456; 091-983-021-565-889; 178-017-243-837-101; 172-996-543-903-047; 102-554-192-769-538; 036-135-058-686-549; 172-883-744-570-364; 026-893-018-742-331; 003-427-232-663-615; 025-280-589-174-501; 135-144-272-134-01X; 028-019-180-724-301; 197-063-711-569-301; 090-128-121-444-79X; 035-311-961-115-973; 092-000-762-779-75X; 082-613-374-084-103; 073-472-444-966-994; 113-762-683-438-691; 184-703-614-824-551; 082-433-817-860-354; 130-499-790-596-741; 010-281-362-241-300; 099-623-131-239-47X; 116-049-700-212-973; 129-818-469-245-697; 115-760-223-043-676; 114-956-328-499-731; 141-672-002-347-695; 083-205-458-432-738; 048-530-205-887-566; 038-615-044-001-081; 174-271-359-732-22X; 185-580-080-602-581; 017-959-214-009-332; 034-128-358-979-054; 016-092-437-906-465; 074-923-961-580-551; 171-775-221-808-164; 111-920-235-011-019; 149-111-130-471-122; 195-071-421-459-566; 004-634-569-258-699; 042-217-753-927-048; 140-098-063-173-73X; 132-501-343-108-817; 007-066-585-226-159; 104-811-578-361-989; 090-454-980-010-643; 034-253-256-599-088; 047-847-640-348-988; 117-404-769-312-622; 196-438-236-147-733; 066-423-174-657-23X; 045-575-418-525-139; 043-732-670-881-825; 028-106-301-340-386; 164-813-481-434-286; 111-105-809-918-330; 010-232-005-087-455; 115-664-380-417-504; 085-776-086-180-454; 006-029-900-642-859; 015-981-423-611-037; 136-278-119-929-764; 007-361-052-684-554; 030-870-962-319-010; 047-023-567-546-862; 003-060-638-639-860; 138-017-317-373-282; 044-331-289-874-65X; 003-035-004-238-497; 179-623-396-021-556; 187-590-155-367-830; 108-684-985-862-437; 172-437-967-893-689; 152-889-115-879-782; 120-795-833-168-688; 138-249-331-665-751; 094-888-902-240-703; 073-742-194-638-564; 004-940-759-044-523; 140-054-059-388-004; 103-654-435-295-74X; 185-250-141-698-088; 093-206-180-049-773; 146-047-863-201-426; 049-677-942-229-523; 128-417-764-846-774; 162-266-392-330-706; 079-819-743-606-575; 021-295-643-400-036; 192-525-050-820-993; 158-356-023-925-557; 110-245-925-048-967; 118-067-859-927-032; 189-270-741-421-481; 192-427-382-554-40X; 040-034-823-077-831; 133-390-183-230-967; 043-373-336-975-955; 061-141-701-422-348; 014-107-766-825-048; 081-640-919-512-698; 163-055-214-581-576; 086-623-417-806-861; 102-962-679-195-25X; 045-042-910-508-793; 010-154-448-081-166; 165-667-380-009-671; 035-462-798-495-993; 160-475-403-082-532; 101-708-769-846-933; 021-001-648-291-557; 094-581-601-421-686; 130-722-995-305-732; 024-378-291-931-855; 098-377-621-221-419; 089-326-527-939-540; 016-048-261-630-208; 165-695-738-223-495; 078-948-509-613-317; 056-765-106-698-803; 065-368-825-323-618; 127-477-580-725-239; 044-566-745-331-824; 046-801-011-590-982; 040-786-236-623-940; 143-668-445-321-997; 128-220-879-120-712; 168-007-688-383-825; 137-593-671-088-74X; 073-156-536-956-502; 039-272-598-007-914; 117-206-455-618-912; 197-210-829-436-122; 081-738-883-977-287; 015-706-925-217-754; 105-029-999-884-493; 184-428-582-381-384; 020-592-871-501-757; 105-697-444-243-389; 135-186-406-919-134; 012-378-043-631-364; 067-232-887-095-50X; 061-727-889-792-057; 045-075-686-374-276; 088-250-022-615-669; 173-388-717-251-622; 192-189-752-374-414; 171-498-005-928-249; 069-168-393-843-175; 172-839-468-044-369; 086-344-428-724-202; 056-984-057-452-793; 038-166-013-575-989; 098-531-680-249-887; 004-222-926-396-475; 054-976-702-957-119; 047-493-870-230-330; 183-918-436-356-215; 012-061-079-905-624; 007-637-531-171-443; 086-757-362-674-067; 009-973-446-893-789; 057-103-846-785-500; 113-207-860-730-464; 052-475-114-614-162; 054-710-322-353-235; 042-513-711-035-259; 077-618-033-275-587; 050-406-128-624-079; 146-383-374-752-123,,2026
142-286-212-799-025,Electronic device with force feedback and interlocking system for coupling two electronic boards,"An electronic device (1) comprising two electronic boards and a force feedback and interlocking coupling system for mechanically and electrically coupling same, comprising: a base (2) receiving a daughterboard having daughter connectors; a compressible retraction assembly received in the base and configurable between an idle configuration, wherein the daughter connectors are retracted, and a compressed configuration, wherein the daughter connectors are extended; a removable support assembly (4) receiving an electrical battery and having a lower portion (41) supporting mother connectors connected to a motherboard and capable of being interconnected with the daughter connectors in the compressed configuration and capable of being disconnected in the idle configuration; a protective cover (7) mounted on the removable support assembly; and an interlocking system (8) for locking the protective cover (7) onto the removable support assembly.",H01R13/447; G01D11/24; H01R12/73; H01R13/639; H01R13/66,H05K7/1434; G01D11/245; G01D11/245; H01R12/73; H01R13/447; H01R13/639; H01R13/6683,166-430-651-262-179; 000-698-844-155-57X; 137-936-258-048-121,,2026
191-929-292-832-49X,Method for forming flipped-conductor-patch,A method includes providing a layer of non-conductive material having a conductive electroplating seed layer formed on a surface thereof; applying a photoresist layer over the surface of the conductive electroplating seed layer; and defining wiring channels in the photoresist resist layer. The method includes electroplating a conductive material in the defined wiring channels; adhering a non-conductive layer over the photoresist layer and the plated conductive material in the wiring channels; and removing the layer of non-conductive material and the conductive electroplating seed layer.,H05K3/00; H05K1/02; H05K1/03; H05K1/11; H05K1/14; H05K1/181; H05K3/24,H05K1/0298; H05K1/11; H05K1/115; H05K1/185; H05K3/4697; H05K3/007; H05K3/108; H05K3/4658; H05K3/4694; H05K2203/0156; H05K3/3485; H05K1/112; H05K1/144; H05K1/0298; H05K1/181; H05K1/111; H05K1/0393; H05K1/0366; H05K1/119; H05K3/007; H05K3/243,146-505-242-636-166; 025-928-469-427-892; 164-421-021-777-904; 126-473-695-427-19X; 163-110-064-288-073; 079-573-110-446-711; 060-343-733-014-567; 080-713-705-139-099,,2026
162-145-100-800-905,陶瓷基板和电子部件,陶瓷基板（1）具备包含陶瓷层的坯体（10）、设置于坯体的内部的至少一个内部导体（40）、设置于坯体的外表面的端子电极（20）和绝缘层（30），内部导体与端子电极电连接，端子电极具有与坯体的外表面相接的第一电极（21）和被覆第一电极的表面的第二电极（22），绝缘层被覆第一电极的外缘部（21e）的至少一部分和坯体的外表面的一部分，在坯体的厚度方向上，存在从坯体的外表面侧依次重叠有第一电极（21）、绝缘层（30）、第二电极（22）的部分，第一电极（21）中的非导电成分的含量为3重量％～40重量％，第二电极（22）中的非导电成分的含量为0重量％～10重量％，第一电极（21）中的非导电成分的含量高于或等于第二电极（22）中的非导电成分的含量。,H05K3/46; H05K1/09,H05K3/46; H05K1/09; H05K1/0306; H05K1/162; H05K1/165,,,2026
188-201-451-737-909,Electrical connection box,"Provided is an electrical connection box with a simple configuration that can prevent liquid from running into a housing. An electrical connection box for a vehicle provided with a case member for installing a first fuse includes a removal port formed at a front surface of the case member, the removal port enabling the first fuse to be installed and removed; and a groove formed around the removal port, the groove guiding liquid running down the front surface away from the removal port.",H02G3/08; B60R16/023,H02G3/16; B60R16/02; H05K5/02; B60R16/0238; B60R16/0239; B60R16/0238; H02G3/081; H02G3/086; H02G3/088,097-115-389-179-95X; 137-516-448-067-613; 029-217-116-707-658; 052-722-800-940-940; 057-402-877-956-819; 146-354-013-899-311; 082-574-303-541-208; 022-429-819-955-914,,2026
101-848-885-122-398,电子装置,一种电子装置包括第一电子模块、第二电子模块以及偏移距离S。第一电子模块包括布置成多个列的多个第一电子单元，其中第一电子单元的顶列定义了第一基线。第二电子模块与第一电子模块相邻。第二电子模块包括布置成多个列的多个第二电子单元，其中第二电子单元的顶列定义了第二基线。在第一基线和第二基线之间具有偏移距离S。偏移距离S满足0<S≤(P1+P2)/4，其中P1由在顶列和与顶列相邻的列中的两个相邻的第一电子单元定义，并且P2由在顶列和与顶列相邻的列中的两个相邻的第二电子单元定义。,G09F9/302,G09F9/302; G09F9/3026; H10W90/00; G09F9/3026; H05K5/30; H10W90/00,,,2026
195-493-817-498-414,Flexible circuit board and rotating electrical machine,A flexible circuit board includes at least one continuous wire where first and second partial wires and second partial wires respectively formed on first and second main surfaces of a strip-shaped insulating sheet are connected alternately via vias and which includes first and second continuous portions that cross in a chain-like shape to form annular portions without electrical continuity to each other in a projection plan view seen in a normal direction of a main surface of the insulating sheet. Two ends of each first and second partial wires are respectively placed along two long sides of the insulating sheet. Each via is placed on a connection conductor portion that extends from each of ends of the first partial wires and ends of the second partial wires that overlap with the insulating sheet interposed therebetween toward a closer long side of the two long sides.,H05K1/11,H05K2201/09227; H05K2201/09627; H05K1/115; H05K1/118; H05K1/115; H05K2201/09227; H05K2201/09627; H05K1/118,197-689-392-278-471,,2026
089-018-855-450-627,Electronic control unit interfaces with flexible input signal conditioning,An electronic control unit includes a housing and an interface extending across the housing including a plurality of interface pins accessible at an exterior of the housing and at an interior of the housing. A circuit board is disposed in the housing. A plurality of conductive traces are operatively coupled with the circuit board and extending between a plurality of discrete component footprints. A microcontroller is positioned on the microcontroller footprint and includes an input pin conductively coupled with a first conductive trace. An input terminal positioned on the input terminal footprint and conductively coupled with a second conductive trace and one of the plurality of interface pins. A flexible input signal conditioning (FISC) circuit comprising a plurality of discrete components positioned on respective discrete component footprints and conductively coupled with respective sets of the plurality of conductive traces.,H05K1/02,H03K19/017509; G05B19/0423; H05K1/029; H05K1/0292; H05K1/0292; H05K1/029,171-051-279-710-414; 036-237-697-199-795; 125-693-817-763-289; 117-926-660-697-168,,2026
155-406-907-997-891,Methods of operating swappable battery modules comprising immersion-thermally controlled prismatic battery cells,"Described herein are swappable battery modules comprising immersion-thermally controlled prismatic battery cells and methods of operating thereof. A module comprises a tubular enclosure attached (e.g., glued) to different surfaces of the cells and forming two fluid channels with one side of the cells and two additional fluid channels with the opposite side. The module also comprises a first end plate, which is attached to the tubular enclosure and comprises two electrical terminals for connecting to an electric vehicle (EV) and/or external charger. The first end plate also comprises a first fluidic port (fluidically coupled with two fluid channels) and a second fluidic port (fluidically coupled to the remaining two fluid channels), both are configured to form fluidic coupling to the electric vehicle and/or the external charger. The module also comprises a second end plate that fluidically interconnects paid fluid channels from different cell sides.",H01M10/6568; B60L53/80; H01M10/42; H01M10/613; H01M10/63; H01M10/647; H01M50/209; H01M50/244; H01M50/258; H01M50/367; H01M50/507; H01M50/55; H05K7/20,Y02E60/10; H01M2220/20; H01M50/209; H01M10/625; H01M10/613; H01M10/615; H01M10/6553; H01M10/6556; H01M50/358; H01M50/3425; H01M10/6568; H01M50/209; H01M50/55; H01M2010/4271; H01M50/258; H01M50/367; H01M50/507; H01M10/613; H01M10/647; B60L53/80; H01M50/244; H05K7/20236,157-311-894-663-120; 038-061-225-158-975; 040-285-299-472-611; 043-052-339-785-471; 131-544-133-013-872; 006-310-428-621-425,,2026
069-870-092-644-615,一种一二次融合环网柜的紧凑型结构及其方法,本发明公开了一种一二次融合环网柜的紧凑型结构及其方法，包括：环网柜，环网柜的内侧固定连接有多个隔板；本发明通过设置打开机构，带动盖板转动，从而将安装板顶部的通槽打开，从而对环网柜的内侧进行散热，此时第一驱动块继续移动，当第一转动轮移动到与另一个斜面接触时，此时在拉伸弹簧和斜面的作用下使得第一转动轮进行逐渐复位，并且当第一驱动块移动到第一转动轮与另一个斜面的底部接触时，此时第一转动轮完成复位，此时在滑动板顶部的卡齿的作用下，驱动盖板复位以此将安装板顶部的通槽关闭，从而实现了对这个安装板外侧进行散热，当斜面继续移动，从而对下一个安装板外侧进行散热，从而实现了对环网柜内侧进行完全散热。,H02B1/015; H02B1/20; H02B1/30; H02B1/32; H02B1/56; H02B3/00; H02G1/06; H02G1/14; H05K9/00,H02B1/015; H02B1/202; H02B1/30; H02B1/32; H02B1/565; H02B3/00; H02G1/06; H02G1/14; H05K9/0007,,,2026
137-648-569-173-783,"Terminal interposers with mold flow channels, circuit modules including such terminal interposers, and associated methods","A circuit module includes a module substrate, a terminal interposer, and encapsulant material. The module substrate has a mounting surface and a plurality of conductive pads at the mounting surface. The terminal interposer is coupled to the mounting surface of the module substrate. The terminal interposer includes a dielectric body and a conductive terminal. The dielectric body has top, bottom, and side surfaces, and one or more mold flow channels extending from at least one of the side surfaces into the dielectric body. The conductive terminal is embedded within the dielectric body and extends between the top and bottom surfaces of the dielectric body. A proximal end of the conductive terminal is coupled to a first conductive pad of the plurality of conductive pads. The encapsulant material covers at least a portion of the mounting surface of the module substrate and extends into the one or more mold flow channels.",H10W40/70; H05K1/02; H10W40/10; H10W44/20; H10W74/10; H10W90/00,H10W74/01; H10W72/071; H10W74/10; H10W72/20; H05K1/141; H05K1/144; H05K2201/10378; H10W74/117; H10W40/10; H10W90/701; H10W70/635; H10W42/20; H10W70/611; H10W90/401; H10W44/20; H10W90/734; H10W44/231; H10W90/00; H10W44/234; H10W74/00; H10W42/273; H05K1/0206; H10W40/70; H10W40/10; H10W44/20; H10W74/117; H10W90/701,004-127-348-136-173; 100-390-096-518-99X; 124-361-854-473-603; 172-500-437-360-219,,2026
023-306-726-072-449,一种千安培级大电流传感器测试装置,本发明属于电流测试技术领域，尤其是一种千安培级大电流传感器测试装置，包括工作桌台，所述工作桌台的表面固定连接有整体测试机架。该千安培级大电流传感器测试装置，通过设置传感器测试的烧录性能测试装置、多工位电流供应装置和电流正反切换控制机构，在使用时，通过升降接触气缸带动金手指本体运动与测试产品接触，并通过电流控制气缸带动两个导电插条插入六个测试载具上电流传感器内，并连接通电，并通过第一接电气缸、第二接电气缸、第三接电气缸和第四接电气缸自动切换控制电流正负极，从而解决了现有无法直接对大电流进行测试，不仅测试效率较低，且推算准确度常常偏差较大的问题。,G01R35/00; H05K7/20,G01R35/00; H05K7/20136; H05K7/20218; H05K7/2039,,,2026
131-227-725-232-770,一种电气连接结构和配电装置,本申请实施例提供一种电气连接结构和配电装置。电气连接结构包括至少一个汇流结构，所述汇流结构包括：汇流排组件，包括至少两个汇流排；印刷线路板PCB组件，包括至少一个PCB，所述PCB组件的至少一侧层叠设置有所述汇流排组件；其中，所述汇流排组件中的至少两个汇流排错位层叠设置，相邻层叠设置的两个汇流排中远离所述PCB组件的汇流排包括错位部分和层叠部分，所述错位部分相对所述层叠部分靠近所述PCB组件。本申请实施例装配简单，可降低组装时间，并且可减少汇流排局部堆叠层数，降低了厚度，减少了材料用量，有助于减小体积和降低成本，同时通风散热效果较好，有利于提升功率密度。,H01R25/16; H01R12/71; H01R13/6461; H05K7/20,H01R25/167; H01R25/162; H01R25/161; H05K7/20127; H01R12/716; H01R13/6461; Y02E60/10,,,2026
063-641-039-920-644,Mounting system for head-mounted devices,"A mounting system for head-mounted devices, including an electronic component housing and an adapter plate. The electronic component housing may be a display module or a battery, and includes a first surface and a plurality of holes. The adapter plate may be connected to a head mount and is arranged to slidingly connect to the electronic component housing, such that the electronic component housing is adjustable with respect to the adapter plate in a slidingly displaceable manner. The adapter plate includes a second surface, at least one tab or channel arranged to slidingly engage the electronic component housing, and at least one resilient tabular member arranged to engage the first surface. The at least one resilient tabular member is arranged to engage the first surface to resist or prevent sliding displacement of the electronic component housing with respect to the adapter plate.",G02B27/01; H05K5/02,G02B2027/0169; G02B2027/0154; G02B27/0176; G02B2027/0161; G06F1/163; G02B27/0176; H05K5/0213; G02B2027/0161; G02B2027/0154; G02B2027/0169,077-632-300-760-693; 150-172-667-401-233; 169-626-021-009-279; 061-890-757-435-816; 106-439-875-710-027; 094-675-519-713-126; 082-020-679-495-751; 092-351-165-711-17X; 129-674-356-374-310,,2026
033-937-079-314-627,微波介质基板和多层微波介质基板,本发明涉及一种微波介质基板，所述微波介质基板包括泡沫基体，所述泡沫基体的两个相对表面上均依次层叠设置有第一树脂组合物层和金属箔，所述泡沫基体的侧面的粗糙度小于或等于20μm，或者，所述泡沫基体的侧面包覆有第二树脂组合物层，所述第二树脂组合物层的粗糙度小于或等于50μm。本发明还涉及一种多层微波介质基板，包括至少两层所述微波介质基板，相邻两层所述微波介质基板之间设置有粘结层。本发明所述的微波介质基板的密度低，且具有低的介电常数、低的介电损耗、高的透波性能和优异的力学性能。,B32B15/00; B32B7/12; B32B15/08; B32B27/08; B32B27/28; B32B33/00; C08K3/36; C08K7/26; C08L71/12; C08L79/04; H05K1/05,B32B15/00; B32B15/08; B32B27/285; B32B27/281; B32B27/08; B32B7/12; B32B33/00; H05K1/056; C08K7/26; C08K3/36,,,2026
066-836-572-226-043,Gas collection apparatus,"This application relates to the field of liquid cooling technologies, and provides a gas collection apparatus, configured to collect bubbles generated due to loss of a working medium in a liquid cooling apparatus. The gas collection apparatus includes a cooling plate. The cooling plate includes at least one gas collection structure disposed inside the cooling plate, a first flow channel disposed inside the cooling plate, a second flow channel disposed inside the gas collection structure, and at least one connecting channel configured to connect the first flow channel and the second flow channel. The at least one connecting channel is configured to transfer, to the second flow channel, bubbles carried when the working medium flows in the first flow channel. The at least one gas collection structure is configured to collect the bubbles from the second flow channel.",H05K7/20; G06F1/20,H05K7/20272; H05K7/20254; F28D15/0266; F28D15/0233; G06F1/203; G06F2200/201; F28D15/046; G06F1/203; H05K7/20254; H05K7/20272,087-335-312-472-260; 010-541-699-858-785; 179-568-252-197-297; 130-629-757-019-427; 018-622-722-941-938; 000-308-283-518-492; 063-339-301-125-13X; 138-665-534-630-72X,,2026
145-996-195-694-955,集成封装内天线结构,本公开涉及集成封装内天线结构。半导体装置包括第一基底。电气部件被安放在第一基底上。板对板连接器被安放在第一基底上。包封剂被沉积在第一基底和电气部件上以形成子封装。板对板连接器保持从包封剂暴露。接触焊盘被形成在子封装的侧表面上。通过接触焊盘，子封装被安装到天线。,H10W70/01; H10W20/40; H10W20/41; H10W44/20; H10W72/00,H10W95/00; H10W20/20; H10W20/423; H10W20/42; H10W20/435; H10W44/20; H01Q1/2283; H01Q9/0485; H05K1/0243; H05K1/141; H05K2201/10189; H05K2201/045; H10W74/014; H10W74/117; H10W70/657; H10W90/701; H10W70/611; H10W90/401; H10W42/20; H10W44/20; H10W90/00; H10W42/276; H01Q1/2283; H10W70/614; H10W44/20; H10W44/248; H01Q9/0485; H01R12/716; H10W70/657; H10W42/00; H10W42/20; H10W90/00,,,2026
137-964-848-960-370,Sticking device,"A sticking device includes: a transfer roller that transfers a sticking film piece to a circumferential surface, and sticks the sticking film piece to a member to be stuck; a moving unit that moves the transfer roller; and a sticking film adjusting unit that adjusts a position and a posture of the sticking film piece on the circumferential surface of the transfer roller at a position away from both a transfer region A1 and a sticking region A2. The sticking film piece adjusting unit includes: a rotation angle adjusting unit that adjusts a sticking start position of the sticking film piece; a width direction adjusting unit that adjusts a position of the sticking film piece; and an inclination adjusting unit that adjusts an angle of the transfer roller.",B32B41/00; B32B37/00; B32B38/18,H05K13/0469; H10P72/0442; B32B41/00; B32B2309/06; B32B37/025; B32B37/0053; B32B38/1833; B32B2309/10; B32B2309/72,196-381-800-263-045; 026-680-325-091-015; 151-761-234-586-449,,2026
072-555-111-684-865,触媒化金属箔およびその用途,,H05K3/18; C23C18/30; C23C28/00; H05K1/03,C25D5/022; C25D5/02; C23C18/1653; C25D7/0614; C23F1/02; H05K2203/0392; H05K2203/0709; H05K2203/1415; H05K2203/1407; H05K3/181; H05K3/108; H05K2203/072; H05K3/181; H05K3/4644; H05K2203/0307; C23C18/1605; C23F17/00; H05K3/285,,,2026
121-735-150-504-381,引导部件,本发明提供一种引导部件。该引导部件具有形成有容纳部的基座。容纳部具有两个第一边和两个第二边，每个第一边沿第一水平方向延伸，每个第二边沿第二水平方向延伸。容纳部设置有第一压配突起和第二压配突起，第一压配突起在水平面内从第一边向内突出，第二压配突起在水平面内从第二边向内突出。在引导部件附接到连接器的附接状态下，连接器位于容纳部中，在第二水平方向上压靠第一压配突起，并在第一水平方向上压靠第二压配突起。,H01R13/631; H01R13/64; H01R24/00,H01R12/78; H01R13/631; H01R12/7064; H01R12/716; H01R12/79; H05K1/189; H05K1/182; H01R12/7005; H01R12/722; H01R12/732; H01R13/629,,,2026
184-871-000-348-055,Connecting assembly and related electronic apparatus,"A connecting assembly for aligning and connecting a first electronic device and a second electronic device is provided. The connecting assembly includes a first connecting component, a second connecting component, a pin, a resilient component and a locking component. The first connecting component is disposed on the first electronic device. The second connecting component is disposed on the second electronic device. The pin protrudes from the first connecting component and is configured to be inserted into the second connecting component along a first direction. The resilient component is disposed inside the second connecting component and configured to apply a radial resilient force onto the pin inserted into the second connecting component. The locking component is screwed onto the second connecting component and configured to apply a radial locking force onto the pin inserted into the second connecting component. Besides, a related electronic apparatus is also provided.",H01R13/62; H01R13/52; H01R13/621; H01R13/631,H05K5/0217; H05K5/0221; H05K5/069; H05K5/0247; H05K5/0221; H05K5/30; H01R13/5219; H01R13/6215; H01R13/631,007-844-641-494-472; 038-530-875-085-842; 153-470-368-332-842; 095-902-595-509-489; 007-528-893-939-648; 091-962-293-292-658; 113-963-180-342-98X; 004-658-702-666-322; 113-715-642-725-924; 127-889-170-216-90X; 059-101-049-467-095; 111-118-821-161-310; 147-178-039-708-938; 010-405-218-604-594; 063-734-767-778-546; 051-655-959-020-982; 149-710-289-376-72X,,2026
154-658-664-784-481,Vapor chamber system,"A vapor chamber system, includes a heat source and a vapor chamber device. The vapor chamber device includes a first casing, a second casing, a second capillary structure and a third capillary structure. The first casing includes a first plate, and a first capillary structure. The second casing is stacked on the first casing. The second capillary structure is disposed between the first capillary structure and the supporting posts of the second casing. The third capillary structure is disposed at a zone of the inner surface of the first plate, the zone is within a projection of the heat source projected onto the inner surface, and an area of the zone is smaller than an area of the projection of the heat source.",F28D15/04; F28D15/02; H05K7/20,F28D15/04; F28D15/0233; F28D15/046; H05K7/20336; F28D15/046; H05K7/20336; F28D15/0233; F28D15/04,001-784-580-124-426,,2026
130-081-538-141-077,液冷功率变换系统及液冷功率变换方法,本申请提供了一种液冷功率变换系统及液冷功率变换方法，该系统包括：第一非稳压电源转换器，连接在输入电压母线与输出电压母线之间，所述第一非稳压电源转换器包括多个第一功率开关；第二非稳压电源转换器，连接在输入电压母线与输出电压母线之间，所述第二非稳压电源转换器包括多个第二功率开关；液冷系统，用于冷却多个所述第一功率开关和多个所述第二功率开关，以实现所述第一非稳压电源转换器和所述第二非稳压电源转换器之间的电流均衡分配。,H02M1/32; H05K7/20,H05K7/20927; H05K7/209; H02M3/003; H02M3/33576,,,2026
029-121-341-878-027,后盖、结构件及电子设备,本申请涉及电子设备技术领域，提供一种后盖、结构件及电子设备，能够解决相关技术中的后盖在凹腔的位置处的强度较低，容易发生损伤的问题。该后盖，用于电子设备，包括盖体、外观装饰层以及外观结构件；盖体为有机纤维复合材料盖体，盖体具有相背设置的第一表面和第二表面，第一表面设有通过模具压出的凹腔；外观装饰层覆盖于凹腔外围的第一表面上；外观结构件设置于凹腔内。本申请可用在手机中。,H05K5/03; H04M1/02,H01M50/247; H05K5/03; H01M50/271; H04M1/02,,,2026
030-201-500-563-74X,用于工业应用的可配置安全接地端子,本发明提供了一种安全接地端子装置，该安全接地端子装置可包括接地端子，该接地端子能够操作为在公共接地连接或隔离接地连接之间切换，其中接地端子包括能够在布置结构中经由导轨连接到外壳的基部的铰链点，该布置结构允许在需要隔离接地连接时从公共接地连接断开连接并且不损害电接触。接地端子可提供防水接地连接，而不论接地连接要求的类型如何。可在不组装任何另外零件的情况下实现公共接地连接或隔离接地连接。,H01R4/66; H01R13/40; H01R13/648; H01R13/70,H01R4/66; H01R13/40; H01R13/70; H01R13/648; H05K7/1468; H05K7/1482; H01R9/2691; G05B9/02; G05B19/0425; H01R9/2466; H01R9/2483; H01R13/501; H01R13/52,,,2026
184-689-760-859-850,一种行级空调与浸没射流式液冷柜耦合的数据机房分级冷却系统及方法,本发明涉及数据中心制冷系统的冷却散热领域，具体涉及一种行级空调与浸没射流式液冷柜耦合的数据机房分级冷却系统及方法，由冷却水系统、冷冻水系统、相变储能罐、行级空调、浸没射流冷却装置和服务器六部分组成。冷却水系统包括冷却塔和冷却水泵，冷冻水系统包括冷水机组、冷冻水泵、分集水器、三通阀、循环泵和板式换热器。冷却塔通过管道与冷水机组相连，冷水机组通过管道与行级空调相连，靠所提供的冷水来供冷。浸没射流冷却装置包括液冷柜、储液罐、分集水器、液泵和射流器，浸没射流冷却可以消除服务器总负荷的95％，同时利用风冷方式将机房剩余热量对流散出。采用不同的冷却方式对热量进行分级处理，实现了数据中心冷量的高效分配和利用。,H05K7/20,H05K7/20745; H05K7/20781; H05K7/208; H05K7/20836; Y02E60/14,,,2026
199-423-834-763-568,Substrate-fastening device and substrate-assembling structure using same,"A substrate-fastening device and a substrate-assembling structure are disclosed. The substrate-fastening device includes a base and a fastening component. The base correspondingly carries a substrate including a perforation. The fastening component is disposed on the base, corresponds to the perforation, and includes a supporting portion, a positioning portion, a resin-attaching portion, an end portion and a fixation resin. The supporting portion is disposed on the base to support the substrate. The positioning portion is disposed on a supporting surface of the supporting portion and extended along the perforation. The resin-attaching portion is extended along the perforation. The end portion is connected to the positioning portion through the resin-attaching portion. The fixation resin is disposed around the resin-attaching portion and connected between the end portion and the positioning portion. The fixation resin covers the second surface adjacent to the perforation, and fills the gap between the resin-attaching portion and the perforation.",B29C65/54; B29L31/34; H05K1/02,H05K1/02; H05K13/046; H05K1/0203; H05K2201/1003; H05K2203/167; H05K2201/09745; F16B11/006; F16B5/08; H05K7/142; H05K7/20509; F16B2200/83; B29C65/54; B29L2031/3425; H05K1/0201,194-354-239-126-320; 000-979-291-751-603; 008-463-467-519-538; 012-260-301-321-083; 061-644-966-874-432; 019-872-336-229-043; 033-800-911-429-258; 107-533-909-618-729; 148-830-437-416-448; 187-985-167-713-864; 108-030-182-693-390; 114-305-474-675-124; 132-051-949-710-698; 045-293-316-063-337; 062-665-385-820-013; 008-831-910-041-37X; 080-588-283-892-354; 006-100-768-407-26X; 192-505-513-535-26X,,2026
097-967-157-265-744,Lithium containing glasses,"A glass article including, on an oxide basis, from 60 mol % to 74 mol % SiO2, from 7 mol % to 18 mol % Al2O3, less than or equal to 16 mol % B2O3, from 0 mol % to 6 mol % Na2O, greater than or equal to 0.5 mol % SrO, and greater than or equal to 0.5 mol % of divalent cation oxides. The glass article has a molar ratio of Al2O3:(R2O+RO) greater than or equal to 0.9, where R2O is a sum of alkali metal oxides in mol % and RO is a sum of divalent cation oxides in mol %.",C03C3/085; C03C3/083; C03C3/089; C03C3/091; C03C3/093; C03C3/097; C03C21/00; G02F1/1333; H05K5/00; H05K5/03,C03C3/091; C03C3/093; C03C3/097; C03C21/002; C03C3/091; C03C3/089; C03C3/093; C03C3/097; C03C21/002; C03C3/083; C03C3/093; C03C3/091; G02F1/133331; C03C3/085; H05K5/0017; H05K5/03; C03C3/083; C03C3/089; C03C3/097; C03C21/002,033-140-483-452-53X; 112-945-349-502-008; 124-966-683-819-893; 025-518-278-025-338; 069-344-233-522-727; 183-147-859-088-344; 162-280-882-846-845; 170-811-815-630-905; 045-734-266-636-459; 124-180-209-501-779; 178-701-406-851-524; 143-394-930-705-956; 074-862-147-165-824; 099-741-102-025-672; 102-688-818-706-744; 051-858-806-262-622; 102-863-894-468-827; 091-070-235-712-454; 119-811-046-332-25X; 145-822-846-369-508; 172-169-329-354-121; 088-641-444-762-229; 039-932-418-051-637; 044-999-728-754-618; 158-798-390-280-285; 072-927-201-351-006; 085-150-981-798-184; 102-100-155-914-613; 065-250-847-485-091; 158-970-992-419-426; 154-958-007-802-779; 161-248-942-319-662; 059-392-492-164-737; 005-598-597-661-662; 102-298-463-962-904; 056-960-611-942-479; 055-095-788-622-729; 180-597-273-921-027,,2026
108-571-183-601-568,一种树脂组合物、包含其的电路材料和印刷电路板,本发明提供一种树脂组合物、包含其的电路材料和印刷电路板，所述树脂组合物包括(A)第一热固性树脂，包括聚丁二烯树脂和/或聚丁二烯共聚物树脂，数均分子量Mn≤5000g/mol；(B)第二热固性树脂，包括聚丁二烯树脂和/或聚丁二烯共聚物树脂，数均分子量Mn≥15000g/mol；(C)第一填料，包括钛酸钙，粒径D50为6～10μm，纯度≥99.5％；任选的(D)第二填料，包括无定形熔融二氧化硅，粒径D50为8～12μm，纯度≥99.5％；(E)阻燃剂；(F)硅烷偶联剂；(G)自由基引发剂；所述树脂组合物制备的电路材料具有高介电常数、低介电损耗、高的铜箔剥离强度，介电常数稳定且厚度一致性好。,C08L9/00; B32B15/14; B32B15/20; B32B17/04; B32B17/12; C08J5/24; C08K3/24; C08K3/36; C08K7/14; C08K9/06; C08L9/06; C08L53/02; H05K1/03,C08L9/00; C08L53/02; C08J5/248; B32B15/20; B32B15/14; B32B5/26; H05K1/036; C08K2201/005; C08J2309/00; C08J2353/02; C08J2409/00; C08J2453/02; C08J2409/06; C08K7/14; C08K9/06; B32B2260/023; B32B2260/021; B32B2260/046; B32B2262/101,,,2026
130-637-215-059-344,Scalable reconfigurable apparatus and methods for electric power system emulation,"An electric power system emulator apparatus includes a plurality of nodes arrayed in first and second dimensions and a plurality of transmission path emulator circuits, respective ones of which are configured to be connected between adjacent ones of the nodes in the first and second dimensions. The apparatus further includes a control circuit configured to control the transmission path emulator circuits to emulate transmission paths of an electric power system. The control circuit may be configured to control the transmission path emulator circuits to emulate transmission lines and/or transformers. The transmission path emulator circuits may include respective power electronics converter circuits. The apparatus may further include source/load emulator circuits configured to be coupled to the nodes.",H02B1/22; G06F1/18; H02B1/20; H02J11/00; H03K17/693; H05K7/14,G06F30/367; H02J3/00; G06F2119/06; H02J2103/30; H02B1/20; H05K7/14; G06F1/189; H02B1/22; H03K17/693; H02J11/00,107-161-555-275-436; 094-598-918-440-851; 123-048-371-641-951; 016-891-035-045-907; 023-347-017-242-135; 043-231-932-932-800; 021-878-298-245-26X; 096-719-348-767-342; 171-576-183-157-580; 085-336-588-985-819,,2026
150-163-756-332-140,Electronic device,"Disclosed is an electronic device including a shielding member. The electronic device includes a substrate having an electric element mounted thereon; a shield can mounted on the electric element and including an opening formed at a part facing the electric element; a shielding member mounted around a part in which the opening is formed on an outer surface of the shield can, and electrically connected to the shield can; a metal plate mounted on the shielding member, with the opening covered, and electrically connected to the shielding member; and a heat conductive member mounted in the opening and interposed between the electric element and the metal plate, and in contact with the electric element and the metal plate.",H05K7/20; H05K1/02; H05K1/18; H05K1/181; H05K9/00,H05K7/20454; H05K9/0032; H05K9/0031; H05K7/2039; H05K7/20481; H05K9/009; H05K9/0031; H05K9/0032; H05K7/20336; H05K7/20454; H05K9/0088; H05K1/0204; H05K1/0216; H05K1/181; H05K2201/10371; H05K9/003; H05K7/20472; H05K9/0088; H05K2201/10371; H05K1/0203; H05K1/0216; H05K1/181; H05K7/20336; H05K7/20454; H05K9/0032,136-253-896-510-051; 096-110-030-721-184,,2026
059-751-842-954-053,Weight optimized stiffener and sealing structure for direct liquid cooled modules,"A weight optimized stiffener for use in a semiconductor device is disclosed herein. In one example, the stiffener is made of AlSiC for its weight and thermal properties. An O-ring provides sealing between a top surface of the stiffener and a component of the semiconductor device and adhesive provides sealing between a bottom surface of the stiffener and another component of the semiconductor device. The stiffener provides warpage control for a lidless package while enabling direct liquid cooling of a chip or substrate.",H01L23/00; H01L23/16; H01L23/473,H10W95/00; H10W78/00; H10W40/235; H10W40/60; H10W40/611; H10W40/47; H05K7/20; H10W76/12; H10W76/40; H10W40/10; H10W40/22; H10W40/611; H10W40/47; H10W42/121; H10W90/00; H10W42/121; H10W40/47; H10W76/40,191-449-821-251-007; 087-361-763-345-702; 089-113-132-193-909; 024-319-734-303-904; 105-790-253-662-982; 151-378-980-148-166; 199-498-390-167-47X; 150-062-174-701-636; 161-225-037-255-484; 144-694-372-531-728; 091-740-662-367-181; 077-467-169-769-337; 114-079-682-485-621; 093-092-180-562-697; 057-767-812-993-274; 154-503-826-402-778,,2026
139-821-091-224-56X,Direct cooling type power module,"A direct cooling type power module comprising, an enclosure filled with an insulating fluid, a power semiconductor device disposed inside the enclosure and a bonding unit comprising a porous layer, and a thermally conductive layer to which the power semiconductor device is bonded, and allowing the power semiconductor device to exchange heat with the insulating fluid by the porous layer and the thermally conductive layer.",H01L23/373; H01L23/31; H01L23/46,H10W74/114; H10W40/226; H10W40/60; H10W40/47; H10W90/00; H10W76/45; H10W40/257; H10W40/70; H10W90/00; H05K7/20872; H05K7/20854; H05K7/20272; H10W40/47; H10W40/257; H10W40/40; H10W40/255; H10W40/258; H10W74/10,117-971-626-612-741; 132-755-019-246-193; 159-057-328-176-725; 017-284-056-937-420; 081-600-946-638-767,,2026
173-201-423-672-541,用于无刷电动机的控制设备,本发明涉及一种用于无刷电动机（16）的控制设备（18），特别是用于车辆座椅（2）的座椅调节装置（10），包括配备有电子构件的印刷电路板（20）和电接口（24），其具有布置在印刷电路板（20）两侧的第一接触面（26），用于与配合触点的电直接接触，其中，第一接触面（26）设置在印刷电路板（20）的边缘（28）上，其中，第一接触面（26）通过直接接触（29）电连接，并且其中，第二接触面（32）布置在垂直于第一接触面（26）定向的边缘（28）的端侧（30）上。,H05K1/11; H05K3/40,H05K1/117; H05K2201/09154; H05K3/403; H05K2203/0346; H05K2201/0979; H05K2201/099; H05K2201/0919; H01R12/721; H01R2201/26,,,2026
182-388-622-783-93X,包括带有嵌入式框架的基板的封装件,一种封装件，该封装件包括：集成器件；和基板，该基板通过至少多个焊料互连件耦合到集成器件。基板包括：至少一个电介质层；框架，该框架至少部分地位于至少一个电介质层中；和多个互连件，该多个互连件至少部分地位于至少一个电介质层中。框架可以是嵌入式框架。,H10W70/652; H10W42/00,H05K1/0271; H10W70/05; H10W90/701; H10W70/685; H10W70/65; H10W42/121; H10W90/724; H10W70/68; H10W72/07236; H10W76/10; H10W90/724,,,2026
163-575-699-079-187,Thermal management system and optical bench for diode laser device,"A thermo-optical ground plane includes a plate configured to mount a diode laser device defining a first surface area, an evaporation chamber in thermal communication with the plate, and a channel defined in thermal communication with the evaporation chamber. The channel is configured to receive and circulate a coolant fluid at a predetermined flowrate. The evaporation chamber is configured to receive a working fluid. The inner walls of the evaporation chamber define a second surface area that is greater than the first surface area of the diode laser device. The plate comprises beam shaping and folding optics for collimating and focusing the light from the diode laser device on an optical fiber. Light from a plurality of thermo-optical ground planes is combined on a single optical fiber. The structure enables cooling with exceptionally low coolant flowrate while also maintaining small specific volume and small specific weight.",H01S5/024; H01S5/023; H01S5/02325; H05K7/20,H01S5/02469; H01S5/4025; H01S5/405; H01S5/02423; H01S5/02326; H01S5/02251; H01S5/02255; H01S5/02253; H01S5/02345; H01S5/02423; H01S5/023; H05K7/20327; H01S5/02325; H01S5/02476,034-511-351-570-602; 119-179-611-968-204; 013-857-345-398-451; 143-226-981-422-486,,2026
150-163-756-332-140,Electronic device,"Disclosed is an electronic device including a shielding member. The electronic device includes a substrate having an electric element mounted thereon; a shield can mounted on the electric element and including an opening formed at a part facing the electric element; a shielding member mounted around a part in which the opening is formed on an outer surface of the shield can, and electrically connected to the shield can; a metal plate mounted on the shielding member, with the opening covered, and electrically connected to the shielding member; and a heat conductive member mounted in the opening and interposed between the electric element and the metal plate, and in contact with the electric element and the metal plate.",H05K7/20; H05K1/02; H05K1/18; H05K1/181; H05K9/00,H05K7/20454; H05K9/0032; H05K9/0031; H05K7/2039; H05K7/20481; H05K9/009; H05K9/0031; H05K9/0032; H05K7/20336; H05K7/20454; H05K9/0088; H05K1/0204; H05K1/0216; H05K1/181; H05K2201/10371; H05K9/003; H05K7/20472; H05K9/0088; H05K2201/10371; H05K1/0203; H05K1/0216; H05K1/181; H05K7/20336; H05K7/20454; H05K9/0032,136-253-896-510-051; 096-110-030-721-184,,2026
163-575-699-079-187,Thermal management system and optical bench for diode laser device,"A thermo-optical ground plane includes a plate configured to mount a diode laser device defining a first surface area, an evaporation chamber in thermal communication with the plate, and a channel defined in thermal communication with the evaporation chamber. The channel is configured to receive and circulate a coolant fluid at a predetermined flowrate. The evaporation chamber is configured to receive a working fluid. The inner walls of the evaporation chamber define a second surface area that is greater than the first surface area of the diode laser device. The plate comprises beam shaping and folding optics for collimating and focusing the light from the diode laser device on an optical fiber. Light from a plurality of thermo-optical ground planes is combined on a single optical fiber. The structure enables cooling with exceptionally low coolant flowrate while also maintaining small specific volume and small specific weight.",H01S5/024; H01S5/023; H01S5/02325; H05K7/20,H01S5/02469; H01S5/4025; H01S5/405; H01S5/02423; H01S5/02326; H01S5/02251; H01S5/02255; H01S5/02253; H01S5/02345; H01S5/02423; H01S5/023; H05K7/20327; H01S5/02325; H01S5/02476,034-511-351-570-602; 119-179-611-968-204; 013-857-345-398-451; 143-226-981-422-486,,2026
199-405-805-218-457,木棉衍生一维中空碳基磁性复合吸波材料及其制备方法,本发明公开了一种木棉衍生一维中空碳基磁性复合吸波材料及其制备方法，涉及吸波材料技术领域。制备方法包括如下步骤：步骤一：去除木棉纤维表面的蜡质；步骤二：将六水氯化铁和六水氯化钴加入一部分乙二醇和二乙二醇的混合溶剂中，溶解，加入步骤一预处理后的木棉纤维，分散均匀；再将无水乙酸钠加入剩余部分乙二醇和二乙二醇的混合溶剂；将以上两部分溶剂混合，进行水热反应，水热反应结束后，冷却，抽滤，清洗，干燥，得到铁钴复合木棉纤维；步骤三：将步骤二的铁钴复合木棉纤维于Ar气氛保护下煅烧。本发明吸波材料轻质高效，具有优异吸波性能，木棉纤维原料来源广泛，价格便宜，且本吸波材料制备工艺简单无污染，易于实现大规模生产。,H05K9/00,H05K9/0081,,,2026
137-098-850-873-913,Wire harness,A wire harness including: an electric wire; a conductive cylindrical tube through which the electric wire penetrates; a cylindrical electromagnetic shield that surrounds an outer circumference of the electric wire and is fixed to an end of the cylindrical tube; an annular fixing member that fixes the electromagnetic shield to the end of the cylindrical tube; and an oxidation suppression layer that seals a fixed portion of the cylindrical tube and the electromagnetic shield fixed by the fixing member.,H05K9/00; B60R16/02; H02G3/04,H01R13/648; H01R13/5202; H01R31/06; H01B7/17; H01B7/2806; B60R16/0215; H05K9/0098; H05K9/0018; H02G3/0462; H05K9/0098; H02G3/0481; B60R16/0215,,,2026
139-821-091-224-56X,Direct cooling type power module,"A direct cooling type power module comprising, an enclosure filled with an insulating fluid, a power semiconductor device disposed inside the enclosure and a bonding unit comprising a porous layer, and a thermally conductive layer to which the power semiconductor device is bonded, and allowing the power semiconductor device to exchange heat with the insulating fluid by the porous layer and the thermally conductive layer.",H01L23/373; H01L23/31; H01L23/46,H10W74/114; H10W40/226; H10W40/60; H10W40/47; H10W90/00; H10W76/45; H10W40/257; H10W40/70; H10W90/00; H05K7/20872; H05K7/20854; H05K7/20272; H10W40/47; H10W40/257; H10W40/40; H10W40/255; H10W40/258; H10W74/10,117-971-626-612-741; 132-755-019-246-193; 159-057-328-176-725; 017-284-056-937-420; 081-600-946-638-767,,2026
173-201-423-672-541,用于无刷电动机的控制设备,本发明涉及一种用于无刷电动机（16）的控制设备（18），特别是用于车辆座椅（2）的座椅调节装置（10），包括配备有电子构件的印刷电路板（20）和电接口（24），其具有布置在印刷电路板（20）两侧的第一接触面（26），用于与配合触点的电直接接触，其中，第一接触面（26）设置在印刷电路板（20）的边缘（28）上，其中，第一接触面（26）通过直接接触（29）电连接，并且其中，第二接触面（32）布置在垂直于第一接触面（26）定向的边缘（28）的端侧（30）上。,H05K1/11; H05K3/40,H05K1/117; H05K2201/09154; H05K3/403; H05K2203/0346; H05K2201/0979; H05K2201/099; H05K2201/0919; H01R12/721; H01R2201/26,,,2026
064-206-333-484-927,一种采集传输模块和应用其的海上地震勘探采集电缆,本发明属于海洋勘探设备技术领域，公开了一种采集传输模块和应用其的海上地震勘探采集电缆。该采集传输模块内嵌于采集电缆的预留窗口内，包括：两个与电缆芯线及电缆护套层融合连接的防水端块，用于轴向限位与端部密封；内设容纳采集控制电路板空间的保护壳体；用于固定壳体的两个固定端帽；由内衬环、限位块和限位支柱组成的限位组件，其连接于防水端块与固定端帽之间；采集传输模块通过内部胶粘结构填充各部件间隙使其固化一体，外部由注塑保护层整体包覆。本发明的采集传输模块解决了模块在复杂海洋环境下易松动、密封差、难维护的难题，显著提升了地震数据采集的稳定性和可靠性。,H05K5/02; G01V1/00; G01V1/20; H01B7/12; H01B7/18; H01B7/32; H05K5/04; H05K5/06; H05K7/14,G01V1/003; G01V1/201; H05K5/0217; H05K7/1427; H05K5/06; H05K5/0247; H05K5/04; H01B7/32; H01B7/12; H01B7/18,,,2026
015-672-624-627-474,カードエッジ型プリント配線基板,,H05K1/11,H05K1/05; H05K1/11; H01R12/72; H05K2201/0989; H05K2203/1377; H05K1/117; H05K3/28; H05K1/02; H05K1/0298; H05K2201/09154; H05K1/117; H05K3/28; H05K2201/0989; H05K2203/1377,,,2026
024-222-861-868-886,Polymer nanocomposite flexible films for electromagnetic interference shielding,"Materials are provided that can be used for electromagnetic interference (EMI) shielding, and methods of fabricating the same and methods of using the same are also provided. Polymer-based fiber thin films can have superior electrical conductivity and excellent EMI shielding efficiency while being ultra-flexible and ultra-lightweight. The fiber thin films can be dual polymer thin films and can incorporate quantum dots (QDs) (e.g., magnetic quantum dots) and/or two-dimensional (2D) conductive nanomaterials within a dual polymer matrix comprising a conductive polymer and a nonconductive polymer. The resultant composite thin film can have low density, high porosity, and high electrical conductivity.",D01D11/06; D01D1/02; D01D1/06; H05K9/00,D01D11/06; D01D1/02; D01D1/065; H05K9/009; H05K9/0092; D10B2321/10; D10B2401/16; D10B2403/0243,,,2026
043-215-783-689-922,"Drive system having a central module, distributors and drives","A drive system includes a central module, distributors, and drives. Each drive is assigned a respective distributor. A first hybrid cable is led from the respective drive through a respective first cable gland of the respective distributor into the respective distributor, a second hybrid cable is led from the central module through a second cable gland into a first distributor, and a further second hybrid cable is led from a respective distributor through a further second cable gland into a respective distributor arranged downstream. A respective first data cable is led from the respective drive through a respective third cable gland into the respective distributor, and a respective second data cable is led from the respective drive through a respective third cable gland into the respective distributor.",H05K7/14,H05K7/1432; H05K7/1432,019-909-642-450-455; 133-992-743-102-380; 031-412-086-251-922; 198-456-683-181-943; 033-147-608-516-384; 043-568-956-917-270; 115-209-881-736-218; 167-397-565-663-667; 075-639-607-508-387; 099-229-398-507-239,,2026
187-545-968-587-942,一种智能PCB电路板制造后冷却设备,本申请公开了一种智能PCB电路板制造后冷却设备，属于电路板制造领域，包括：箱体；导冷带本体，所述导冷带本体装配在箱体内壁正面；半导体制冷器，所述半导体制冷器装配在箱体内壁正面；滑板，所述滑板固定连接在箱体顶部；运输带，所述运输带固定连接在箱体底部；所述箱体内壁正面固定连接有挡板。通过电路板从滑板滑落到导冷带本体后，利用导冷带本体的移动带动电路板向右侧滑动，电路板通过橡胶滑轮下落到移动板处。通过第一圆齿轮、第一转杆等的配合，电路板被翻面并移动到新的位置。此过程通过减少电路板与挡板的碰撞，避免电路板变形、焊接点松动或卡在层间，从而提高翻面精度和引导效果，避免电路板的损坏。,H05K3/00; B65G47/22; B65G69/16; B65G69/20; F25B21/02; F25D23/00; F25D25/04; F25D31/00; H05K3/26,B65G47/22; B65G69/16; B65G69/20; F25D31/00; F25D23/00; F25D25/04; F25B21/02; H05K3/00; H05K3/26; H05K3/0008; B65G2201/022; H05K2203/1121; H05K2203/1545,,,2026
172-368-452-327-016,クリティカル電力の用途のための無停電電力及び冷却,,H02J9/06; H02J15/20; H05K7/20,H05K7/1492; H02J9/062; H02J3/381; Y02B10/70; H02J15/20; H02J2101/20; H02J2105/425; H05K7/20818; G05B2219/50333; G05B2219/2619; H02K7/18; H02J9/062; H02J15/20,,,2026
093-289-821-879-619,一种与电池连接的电路结构,本公开是关于一种与电池连接的电路结构，包括：电路板，包括层叠设置的多个线路层和位于所述多个线路层的第一表面设置的金属层；其中，所述多个线路层的第二表面具有第一连接端子、第二连接端子和第三连接端子；所述第二表面为所述第一表面的相反面；所述第一连接端子与第一连接器连接；所述金属层，分别与所述第一连接端子和电池正极电连接，形成所述第一连接端子与所述电池正极连接的第一线路；所述第二连接端子，分别与电池的正极和第二连接器连接，形成所述第二连接端子与所述电池正极连接的第二线路；所述第三连接端子，与所述第一连接端子和所述第二连接端子电隔离设置在所述第二表面，用于与电池负极连接。,H02J7/65; H02J7/70; H05K1/11; H05K1/18; H05K1/181,H05K1/18; H05K1/11; H02J7/751; Y02E60/10,,,2026
113-669-064-447-218,Electronic component holding member and endoscope,"An electronic component holding member includes a first base material including an electronic component, a first resin molded product, and first metal patterns in which a signal pattern and a grounding pattern are formed on a non-planar surface, a second base material including a second resin molded product, and a second metal pattern formed on a non-planar surface so as to overlap at least part of the first metal patterns, and grounding wiring configured to connect the grounding pattern and the second metal pattern.",A61B1/05; H05K1/02,A61B1/0011; A61B1/051; H04N23/555; A61B1/051; H05K1/0284,129-523-348-927-562; 098-200-567-611-569; 176-168-095-010-65X,,2026
025-095-464-355-443,造船用可移动式焊机箱,本发明涉及船舶焊接领域，具体公开了一种造船用可移动式焊机箱，包括焊机箱，焊机箱的下表面安装有万向滚轮，焊机箱的下端一侧设置有调节机构，调节机构包括：丝杆固定支座、调向丝杆，活动支架与焊机箱之间连接有调向转轴，活动支架的内侧位于调节机构的下端设置有连接横架，连接横架的上表面安装有固定耳板，固定耳板的内部设置有底部连杆，底部连杆的下表面安装有转动耳板，活动支架位于远离调向转轴的一端下表面安装有固定滚轮。对调向丝杆整体施加扭力时，会转动耳板和固定耳板进行活动，将活动支架整体在焊机箱外侧转动，整个焊机箱的放置状态会处于一定的倾斜角度，则焊机箱会有朝向较低端移动趋势，可以方便整个焊机箱的移动。,B23K37/00; B23K37/003; H05K5/02,B23K37/00; H05K5/0217,,,2026
126-224-702-415-57X,Electronic equipment sealing structure and method for manufacturing the same,"Provided is an electronic equipment sealing structure that includes a case, a flexible printed circuit board, and an adhesive layer, in which the case includes a case body, an opening provided in the case body, and a pair of thin plate portions having flexibility; part of the flexible printed circuit board is inserted into the case body through the opening; one thin plate portion and the other thin plate portion of the pair of thin plate portions are provided along the opening so as to face each of first and second surfaces of the flexible printed circuit board; and the adhesive layer is provided so as to close a clearance between an inner wall surface of the opening and the flexible printed circuit board.",H05K5/00,H05K5/06; H05K5/0217; H05K1/0393; H05K3/281; H05K5/0026,136-142-454-740-552; 124-487-326-119-663; 069-126-853-968-441,,2026
139-418-908-600-436,Noise reduction tool and wire harness,"A noise reduction tool includes a magnetic body that can be wound around, more than one turn around an axis of an electric wire or an electric wire bundle, the electric wire or the electric wire bundle and a fixing member that fixes, to each other, overlapping sections of a stacked portion in the magnetic body having a winding shape wound around the electric wire or the electric wire bundle and fixes the magnetic body to the electric wire or the electric wire bundle while keeping the winding shape of the magnetic body. The magnetic body is capable of changing a winding diameter according to an electric wire diameter of the electric wire or an electric wire bundle diameter of the electric wire bundle, and the fixing member fixes, to each other, the overlapping sections corresponding to a winding diameter of the magnetic body irrespective of the winding diameter.",H05K9/00; B60R16/02; H01F1/117; H01F1/375; H01F17/06; H02G3/04,B60R16/02; H02G3/04; H01F1/117; H01F1/375; B60R16/0207; B60R16/0207; H01F1/117; H01F1/375; H02G3/04; H05K9/00; H01F2017/065; H05K9/0098,,,2026
145-488-082-443-585,Multi-chip semiconductor switching device,"A semiconductor device includes first semiconductor chips that each include a first control electrode and a first output electrode, second semiconductor chips each include a second control electrode and a second output electrode, first and second input circuit patterns on which the first and second input electrodes are disposed, respectively, first and second control circuit patterns electrically connected to the first and second control electrodes, respectively, first and second resistive elements, and a first inter-board wiring member. The first control electrodes and first resistive element are electrically connected via the first control circuit pattern, the second control electrodes and second resistive element are electrically connected via the second control circuit pattern, and at least one of the first output electrodes and at least one of the second output electrodes are electrically connected to each other via the first inter-board wiring member.",H05K1/11; H05K1/18; H05K1/181; H10D80/20,H10W40/255; H10W90/00; H10W72/926; H10W90/753; H10W72/5475; H10W72/5473; H10W72/5445; H05K2201/0792; H05K2201/0784; H10D80/213; H10D80/251; H05K1/111; H05K1/181; H10W90/00; H10W40/255; H10W90/753; H10W90/754; H10W72/50,144-860-630-494-239; 151-688-822-657-030; 052-039-978-663-454; 090-197-303-452-589; 196-718-921-173-098; 163-665-901-483-829; 125-254-006-896-243; 085-070-265-165-837; 071-625-749-969-434; 065-545-749-093-447; 040-716-399-610-235,,2026
144-740-963-577-685,显示设备,一种显示设备，包括：显示面板；装饰膜和封装玻璃，设置在显示面板的前表面上；芯板，支撑显示面板的后表面并且附接到显示面板的后表面；以及后盖，与芯板的后表面结合。芯板具有朝向封装玻璃突出的突出部，后盖具有结合部，结合部与突出部结合以覆盖突出部的至少一部分，并且树脂被涂布于结合部的至少一部分，后盖通过树脂粘附于装饰膜或封装玻璃。,G09F9/30; G09F9/33; G09F9/35,G09F9/301; G09F9/33; G09F9/35; H10K59/12; H10K2102/311; H10K77/111; G06F1/1652; G06F1/1637; G06F1/1601; B60K35/223; B60K2360/332; B60K2360/688; B60K2360/693; B60K2360/84; B60K2360/96; H10K59/12; B60K35/50; B60K35/22; B60K35/60; G09F9/301; G09F9/33; C09J2203/318; G06F1/1652; G06F1/1601; H10K77/111; H10K59/12; H10K59/87; C09J7/20; H05K5/03; G09F9/35; G06F1/1637; B60K35/60; B60K35/50; B60K35/223; B60K35/22; H10K2102/311; B60K2360/96; B60K2360/84; B60K2360/693; B60K2360/688; B60K2360/332; H05K5/0018; H05K5/03; H10K59/12; H10K77/111; G06F1/1652; B60K35/22; B60K35/60; B60K35/50,,,2026
067-964-040-006-325,一种向上出风的功率柜,本实用新型公开了一种向上出风的功率柜，包括柜体和电抗器。柜体设有相对密闭的防护腔和罩体，罩体至少部分位于防护腔内或位于防护腔的下方并形成独立的散热风道；散热风道于柜体的外壁设有适于向上出风的第三出风口。电抗器位于散热风道内，以受散热风道内的风流散热。本实用新型的功率柜，电抗器独立风道散热，散热效果好，不影响机柜高防护区内的防护效果，且由于散热风道的第三出风口向上出风，热风排出后不易向下流动进入下游的功率柜，多柜并排使用时，上游功率柜的出风口的热风不会对下游的功率柜的进风口产生影响，从而能够有效避免电站热岛效应。,H02M1/00; H02B1/56; H05K7/20,H02M1/00; H05K7/20; H05K7/20136; H05K7/20218; H02B1/565,,,2026
152-180-649-191-642,Display device including digitizer,"A display device includes a display panel including a first non-folding region, a second non-folding region, and a folding region interposed between the first non-folding region and the second non-folding region, and a digitizer disposed under the display panel and divided into an active region and a non-active region surrounding the active region. The digitizer includes a first sensing coil disposed in the active region, a first compensating layer disposed on the first sensing coil to cover the first sensing coil, a second sensing coil disposed under the first sensing coil in the active region, a bridge line disposed under the second sensing coil, and a second compensating layer disposed under the bridge line to cover the bridge line. A surface of the first compensating layer, which is opposite to a surface of the first compensating layer covering the first sensing coil, is flat.",G06F3/046; G06F1/16; H05K5/00,G06F1/1641; G06F3/046; G06F1/1652; G06F2203/04102; H04M1/0214; H04M1/0268; H04M1/026; G06F3/0412; H10K59/40; H10K77/111; H10K2102/311; H05K5/0018; G06F1/1641; G06F3/046,150-873-423-102-714; 007-389-450-792-301; 170-186-723-969-062; 170-685-432-131-864; 038-176-335-744-844,,2026
180-833-637-164-445,连接器和用于该连接器的设置方法,本公开提供一种连接器，所述连接器设置有多个差分对接口，每个差分对接口作为受害差分对接口受到作为攻击差分对接口的多个邻近差分对接口的干扰，其中，所述多个邻近差分对接口的至少一个邻近差分对接口被空置，以减少对受害差分对接口的干扰。,H01R13/6461; H01R12/71; H01R25/00; H01R43/00; H05K1/18,H01R13/6461; H01R25/006; H01R12/716; H01R43/00; H05K1/18,,,2026
062-600-047-322-911,打印系统,本发明提供一种通过容易地组装多个模块而能够简单地制作的打印系统。打印系统(1)具备相互连结的多个模块(10、30、20)。各模块(10、30、20)均具有框体(11、31、21)和连结体(15、35、25)。在框体(11、31、21)和连结体(15、35、25)中的一方设有插入孔(16、36、26)，在另一方设有插入销(13、33、23)。,B41J29/00; B41J3/42; B41J15/04; B41J15/16; H05K5/02,B41J29/13; B41J3/42; B41J29/00; H05K5/02; B41J15/16; B41J15/04; B41J29/02; B41J15/04; B41J29/02,,,2026
062-946-185-134-191,一种电解铜箔及其制作方法和应用,本发明实施例涉及OLED显示技术领域，具体公开了一种电解铜箔及其制作方法和应用，本发明实施例提供的电解铜箔是在电解液中置入阴极辊进行电解生成生箔，然后将生箔依次经过粗化、固化、镀锌镍、镀铬及涂覆偶联剂等工序制成。本发明实施制备的电解铜箔具有良好的抗拉强度，可以满足高端OLED屏的制作要求。其中，由于采用的生箔添加剂的原料含有水解明胶、苯亚磺酸钠、羟乙基纤维素及盐酸，通过生箔电解工序提升铜箔抗拉强度，解决了现有电解铜箔的抗拉强度偏低，存在无法满足OLED屏制作要求的问题。而且，本发明实施例提供的电解铜箔的制作方法简单，具有广阔的市场前景。,C25D1/04; C25D5/12; C25D7/06; G06F1/20; H05K7/20; H10K50/80; H10W40/25,C25D1/04; C25D7/0614; C25D5/12; H05K7/20; G06F1/20; H10W40/25,,,2026
006-127-266-273-011,元件安装系统,本发明提供一种元件安装系统，具备：元件安装装置，具有将至少包括收容多个元件的元件收容器在内的更换要素在排列方向上排列的元件供给部；及更换装置，对可拆装地装备于元件供给部的更换要素进行更换，更换装置具备：排列方向移动部，以能够相对于元件安装装置在排列方向上移动的方式设置；壳体，设于排列方向移动部，具有能够将多个更换要素收容为在排列方向上并排的状态的内部空间；及多个保持部，能够保持收容于壳体内的更换要素，更换装置进行将更换要素分别保持于多个保持部并从元件供给部向壳体一同回收多个更换要素的动作以及从壳体向元件供给部一同装备多个更换要素的动作中的至少一方。,H05K13/02; H05K13/04; H05K13/08,H05K13/021; H05K13/0417; H05K13/0486; H05K13/086; H05K13/021; H05K13/086; H05K13/0417; H05K13/0417; H05K13/0486,,,2026
100-077-690-768-595,一种磁性粒子掺杂煤沥青基多孔碳吸波材料的制备方法,本发明公开一种磁性粒子掺杂煤沥青基多孔碳吸波材料的制备方法，属于电磁波吸收技术领域；一种磁性粒子掺杂煤沥青基多孔碳吸波材料的制备方法包括：在惰性气体气氛下，将煤沥青溶解在交联剂中，随后加入催化剂，反应得到沉淀物，经过洗涤后在索格利特萃取器中抽提，并将得到的粉末进行减压干燥得到煤沥青基超交联聚合物；将煤沥青超交联聚合物、六水合硝酸镍和尿素溶解于无水乙醇中，得到混合溶液，然后经过回流、冷却、洗涤沉淀，后将得到的粉末真空干燥，再置于管式炉中加热；从而采用简单的回流工艺高效地制备得到了具有三维多孔结构的磁性碳基复合吸波材料。,C01B32/05; B22F1/054; B22F9/20; B82Y25/00; B82Y30/00; B82Y40/00; H05K9/00,C01B32/05; H05K9/0081; B82Y40/00; B82Y25/00; B82Y30/00; B22F1/054; B22F9/20,,,2026
172-870-314-309-323,用于抑制电磁波生物效应的柔性能量选择表面,本发明涉及电磁波技术应用领域，尤其涉及用于抑制电磁波生物效应的柔性能量选择表面，其包括：介质层以及设置在所述介质层上表面的结构层；所述结构层由方形内切圆结构单元及其内部的耶路撒冷十字构成；所述耶路撒冷十字的端部均设有矩形片；所述方形内切圆结构单元与所述矩形片之间的间隙设有二极管；所述柔性能量选择表面被划分为若干个周期性排布的结构层，本发明提供的柔性能量选择表面在低功率电磁波入射条件下，柔性能量选择表面在5.1～6.3GHz频率范围内的插入损耗小于3dB；柔性能量选择表面在0.1‑8.5GHz的频率范围内提供针对高功率电磁波的超宽带保护，在电磁防护领域具有重要的应用价值。,H05K9/00,H05K9/0086,,,2026
039-660-458-640-026,Server information handling system with reversible airflow fan system,"A fan system for an information handling system. The fan system includes a fan module, the fan module being configured to mount in a fan bay of the information handling system in a plurality of orientations; and, a fan orientation sensor, the fan orientation sensor being configured to detect an orientation of the fan module when mounted within the fan bay of the information handling system.",H05K7/20; G06F1/20,G06F1/20; H05K7/20727; H05K7/20172; H05K7/20736; H05K7/20172; H05K7/20736; G06F1/20,013-966-664-711-196; 058-962-122-562-928; 044-733-444-979-446; 037-594-984-954-900; 004-763-222-330-656; 111-392-880-448-428,,2026
037-111-031-096-178,电路板及电路板的制作方法,一种电路板及电路板的制作方法。制作方法包括提供第一基板及第二基板。第一基板包括第一基材层及第一铜层，第一铜层位于第一基材层的第一表面。第二基板包括第二基材层及第二铜层，第二铜层位于第二基材层的第三表面。进行预处理，在第一铜层形成第一绒毛层，在第二铜层形成第二绒毛层。第一绒毛层具有多个第一绒毛及多个第一容纳部，各第一绒毛之间形成第一容纳部。第二绒毛层具有多个第二绒毛及多个第二容纳部，各第二绒毛之间形成第二容纳部。将第一基板与第二基板对接，使第一绒毛层与第二绒毛层相互嵌合。,H05K1/03; H05K1/14; H05K3/00; H05K3/42; H05K3/46,H05K1/03; H05K1/144; H05K3/0052; H05K3/42; H05K3/46,,,2026
047-128-542-231-435,航空发动机涡轮叶片冷效试验光学测试结构,本公开涉及航空发动机试验技术领域，尤其是提供一种航空发动机涡轮叶片冷效试验光学测试结构，包括光学玻璃、外机匣和光学通道管；光学玻璃位于光学通道管的入光侧，光学通道管的出光侧朝向目标叶片；外机匣套设在光学通道管的外侧，外机匣的内壁和光学通道管的外壁之间形成冷却通道，以对光学通道管进行冷却；光学玻璃底座与光学通道管的入光侧之间密封连接有气膜环，气膜环位于光学玻璃的出光侧；光学玻璃底座上设置有冷却气体入口，气膜环上具有气体射流孔，以使冷却气体对光学玻璃的出光面进行射流扫掠，且使冷却气体进入至光学通道管内，对光学通道管进行冷却，从而提高了涡轮叶片冷效试验结果的准确性。,G01J5/061; B08B5/02; B08B11/04; F01D21/00; G01J5/00; G01J5/05; G01K11/00; G01M15/02; G01M15/14; H05K7/20,G01J5/061; G01J5/0022; G01J5/051; G01K11/00; G01M15/02; G01M15/14; H05K7/20136; H05K7/20127; H05K7/20272; H05K7/20863; H05K7/20872; F01D21/003; B08B5/02; B08B11/04; G01J2005/0029,,,2026
073-219-641-898-469,具有弯曲的电介质谐振器天线的电子设备,本公开涉及具有弯曲的电介质谐振器天线的电子设备。提供了一种能够设置有具有弯曲的电介质谐振元件的相控天线阵列的电子设备。该弯曲的电介质谐振元件能够具有第一区段、不平行于该第一区段的第二区段和将该第一区段耦接到该第二区段的成角表面。一个或多个馈电探针能够耦接到该第一区段以激励该电介质谐振元件。反射器能够设置在该成角表面上以将电磁能从该第一区段引导到该第二区段，反之亦然。该弯曲的电介质谐振元件能够表现出比具有直的电介质材料柱的电介质谐振器更小的总体高度，从而允许减小该电子设备的厚度。尽管该总体高度减小，但该成角表面和该反射器能够优化天线的射频性能。,H01Q9/04; H01Q1/22; H01Q1/24; H01Q1/36; H01Q1/50; H01Q15/14,H01Q9/0485; H01Q1/50; H01Q1/36; H01Q15/14; H01Q1/2258; H01Q1/242; H01Q1/243; H01Q9/0492; H01Q21/06; H01Q21/245; H01Q1/243; H01Q15/14; H05K5/0017,,,2026
069-215-703-379-187,用于电子装置的保护罩,公开了一种用于电子装置的保护罩。所述电子装置包括处于所述电子装置的侧面上的导轨。所述保护罩包括：构造成围绕所述电子装置的周边延伸的边沿；带部分，其包括从所述边沿延伸的第一部分；以及底部部分，其相对于所述带部分的所述第一部分限定切口。此外，所述切口被构造成当所述保护罩的所述边沿围绕所述电子装置的周边延伸时，允许所述电子装置的所述导轨与充电基座的对应特征部匹配。,H05K5/02; H01R13/52,H04M1/04; H04M1/0203; H04M1/72409; G06F1/1629; G06F1/1635; G06F1/1658; H05K5/0234; H05K5/0247,,,2026
173-885-481-451-640,具有取向检测系统的外科器械,本发明公开了一种被配置成能够检测其取向并基于检测到的取向调整其操作的外科器械。,A61B17/072; A61B17/00; A61B17/16; A61B17/29,A61B17/07207; A61B2017/00398; A61B2017/2929; A61B2017/00017; A61B2017/00221; A61B2017/0046; A61B2017/00725; A61B2017/07271; A61B2017/07285; A61B2017/2927; A61B2090/061; A61B2090/064; A61B2090/065; A61B2090/0803; A61B2090/0811; A61B2090/0812; A61B2090/0814; A61B34/30; H05K1/028; H05K1/0283; G16H20/40; A61B2017/00119; A61B2017/00455; A61B2017/00424; A61B2034/2048; H05K3/103; H05K2201/10151; H05K1/147; H05K2201/09263; H05K2201/056; G16H40/63; H05K3/12; A61B2090/067; A61B17/072; A61B2017/00017; A61B2017/00039; A61B2017/00398; A61B2017/07257; A61B2017/07271; A61B2017/07278; A61B2017/07285,,,2026
148-408-488-226-317,一种BT覆铜板的半固化片生产设备,本发明涉及烘干装置技术领域，特别是涉及一种BT覆铜板的半固化片生产设备，用于解决现有装置温度控制响应速度慢容易导致半固化片发生过固化或欠固化问题；该装置包括加热机构，加热机构包括加热筒，加热筒的筒壁内设置有螺旋形加热丝，加热丝的匝数密度由加热筒的进料口至出料口递增，加热筒内靠近出料口的部位筒壁内不具有加热丝；加热筒内设置有控温机构；该装置对于烘烤温度的调整响应速度更快，从而减少过固化以及欠固化情况的出现，并且对加热筒内处于其端部的热空气引流至中部再加热，使得加热筒中部以及内部整体的温度能够迅速升高，无需将加热丝调整至更高功率的状态，从而节省升温的能耗。,H05K3/02; H05K3/22,H05K3/022; H05K3/227,,,2026
168-906-701-761-392,显示装置,一种显示装置包括：显示面板；数据驱动器，其将数据电压传输到所述显示面板；第一柔性印刷电路板，附接到所述显示面板并且包括电连接到所述数据驱动器的输入侧布线；第一印刷电路板(PCB)，电连接到所述输入侧布线以将高速驱动信号传输到所述数据驱动器；以及金属带，在平面图中与所述输入侧布线重叠并且附接在所述第一柔性印刷电路板上，其中，在所述平面图中所述金属带的与所述输入侧布线重叠的部分限定开口。,G02F1/1345; G09F9/33; G09G3/32; G09G3/3225; G09G3/3291; G09G3/36,G02F1/13452; G09F9/33; G09G3/32; G09G3/3225; G09G3/3291; G09G3/3648; G09G3/3688; H05K1/0253; H05K1/0225; H05K1/147; H05K1/0209; H05K2201/09681; H05K1/0393; H05K2201/10136; G02F1/13452; G02F1/13458; H05K1/147; H05K2201/05; G06F1/189; G06F1/20; G09G3/20; G09G2310/0275; H05K7/20963; H05K1/0209; H05K1/147; G02F1/13458,,,2026
034-068-609-776-779,一种高导热石墨烯散热膜及其制备方法,本发明公开了一种高导热石墨烯散热膜及其制备方法。采用半真空加压预还原—真空热压预石墨化—真空压延—气氛加压石墨化的方式、配上合适的工艺进行还原。通过抽真空、通气、升温工艺与压力四者结合，快速将还原产生的水蒸气和其他气体快速抽出，防止水蒸气冷凝；膜在合适的压力和工艺下进行预石墨化，可有效控制膜的膨胀率，保持结构的完整性和高取向性；膜在大压力下进行石墨化促进石墨化度，提升导热性能，从而制备出高导热性能的石墨烯散热膜。,C01B32/184; B82Y40/00; C01B32/194; C09K5/14; H05K7/20,C01B32/184; C01B32/194; C09K5/14; B82Y40/00; H05K7/2039; C01B2204/24; C01B2204/20,,,2026
132-531-560-330-876,壳体制造方法和电子设备的壳体,本申请提供了一种壳体制造方法和电子设备的壳体，其中，壳体制造方法，包括：在基材上通过UV转印工艺形成纹理层，以得到纹理基材；在纹理基材的纹理层上通过真空镀膜工艺形成单向透视膜层，以得到第一壳层；在纹理基材的纹理层上通过沉积工艺形成颜色膜层，以得到第二壳层；将第一壳层和第二壳层依次叠至玻璃盖板上以形成壳体；其中，第一壳层设置于第二壳层和玻璃盖板之间，第一壳层的单向透视膜层与第二壳层的基材贴合。,H05K5/02; C23C14/02; C23C14/08; C23C14/10; C23C14/20; C23C14/24; C23C14/34,H05K5/00; C23C14/34; C23C14/24; C23C14/022; C23C14/10; C23C14/08; C23C14/20; C23C14/205,,,2026
150-874-039-566-412,Fan enclosure with adjustable side venting,"Particular embodiments described herein provide for an electronic device that can be configured to include a first heat source, a second heat source, and a fan inside a fan enclosure between the first heat source and the second heat source. The fan enclosure includes a main vent to direct air from the fan towards a heatsink and one or more side vents to direct air from the fan towards the first heat source or the second heat source.",G06F1/20; H05K7/20,G06F1/206; G06F1/20; G06F1/206; H05K7/20145,125-128-780-580-435; 059-144-894-617-61X; 182-927-074-027-956; 088-021-358-084-612; 121-404-426-817-156; 193-908-894-358-799; 091-357-007-520-07X; 050-550-476-466-595; 059-287-066-138-54X; 039-343-328-719-044; 136-572-070-001-558; 002-417-675-828-778; 070-178-758-052-865,,2026
143-802-958-214-243,"Curable resin, cured product thereof, resin composition, and method for producing curable resin","A curable resin includes a structural unit represented by the following formula (1), a structural unit represented by the following formula (2), and a structural unit represented by the following formula (3):wherein R1 in the formula (1) is a divalent group having one or more of at least one of an ethylenic double bond and an acetylenic triple bond, and R2 in the formula (2) is a divalent group having an alicyclic structure.",B32B3/10; C08G64/18; C08G64/30; C08J5/04; C08J5/24; C09K3/10,C08G63/64; H05K1/03; B32B27/36; C08J5/24; C08J5/04; C08J5/244; C08J5/249; C08G63/78; C08G63/199; C08G63/54; H10W74/473; C08G63/64; C08G63/78; C08G64/30; C08L67/00; C08J5/04; C08J5/24; H05K1/03; B32B27/36; C08L2203/20; H10W74/473; C08G64/18; C08G64/305; C08J5/04; C09K2200/0655; C09K3/10; C08J2369/00; C08J5/24,163-100-218-134-087; 079-951-740-649-164; 154-544-541-039-427,,2026
111-945-947-988-996,Method of forming an electronic device on a flexible substrate,"A method of forming an electronic device on a flexible substrate without using acetone dissolvent, including the steps of: printing a hydrophobic mask on a porous membrane to form a pattern thereon which is complementary to a desired pattern; filtering an aqueous suspension of an electronic material through the non-printed region of the porous membrane, whereby some electronic material is deposited on said non-printed region following the desired pattern; pressing the flexible substrate against the printed face of the membrane in order to transfer the patterned electronic material deposited on the porous membrane to the flexible substrate to form the electronic device thereon.",G03F7/00; B01D67/00; B01D69/02; B01D71/02; B01D71/12; H05K1/189; H05K3/00; H05K3/12,G03F7/0002; B01D69/02; B01D67/0034; B01D71/12; G03F1/50; B01D71/0211; B01D67/0034; B01D69/02; B01D71/12; G03F7/0002; B01D71/0211; G03F7/0002; B01D67/0034; B01D69/02; B01D71/12; H05K1/189; H05K2201/0145; H05K2203/0736; H05K3/0076; H05K3/1275; B01D71/0211; B01D67/0034; B01D69/02; B01D71/12; G03F7/0002; G03F1/50; B01D71/0211; B01D67/0034; B01D71/12; B01D69/02; B01D71/0211; G03F7/0002; H05K1/189; H05K3/0076; H05K3/1275; H05K2201/0145; H05K2203/0736,135-419-816-886-683,,2026
052-098-266-399-915,Method for controlling a cooling system for autonomous cooling of a rack,"A method for controlling a cooling system of a rack, the rack comprising a heat generating component. The method comprises receiving, by a controller, at least one first temperature indications indicative of temperature variations of at least one heat transfer fluid circulating in at least one respective liquid channel of the cooling system; receiving, by the controller, at least one second temperature indications indicative of a temperature of an air flow of ambient air within the rack, the air flow being generated by at least one fan of the cooling system; and adjusting, based on the at least one first and second temperature indications, a rotational speed of the at least one fan and a rotational speed of at least one pump configured for causing the at least one heat transfer fluid to flow in at least one respective liquid channel.",H05K7/20,H05K7/20836; H05K7/20736; H05K7/20781; H05K7/20263; H05K7/20736; H05K7/20781; H05K7/20836,133-162-425-373-73X; 070-483-080-831-689; 036-644-891-845-656; 121-834-706-017-815; 151-933-669-681-347; 032-398-686-068-089; 055-626-490-738-796; 038-391-308-948-835; 170-196-230-527-767; 107-244-389-520-945; 134-346-840-343-733; 106-263-453-696-118,,2026
195-321-129-270-378,电子零件搭载基板、电子零件保护片以及电子机器,本发明提供一种具有优异的绝缘性、耐冷热循环性优异且切割适应性优异的电子零件搭载基板、电子零件保护片以及电子机器。电子零件搭载基板(10)中，在基板(1)上搭载有电子零件(2)，且电子零件(2)由电子零件保护层(3)被覆。电子零件保护层(3)的表面中，将利用数式(1)而算出的动态指数(FI)设为0.3～80。(L*15°、L*45°、L*110°分别为相对于电子零件表面的垂线方向而以45°的角度入射的光的从正反射光的偏移角为15°、45°、110°下的由JIS Z8781‑4规定的L*a*b*表色系的L*。)[数式1],H05K3/28; H10W74/10; H10W74/47,H05K3/28; H10W74/40; H10W74/10; H05K3/284; H05K3/285; H05K1/182,,,2026
051-437-660-102-080,SINGLE COMPONENT UV CURABLE CONFORMAL COATING WITH MOISTURE SECONDARY CURE FUNCTION,,C08G18/10; C08G18/22; C08G18/42; C08G18/62; C08G18/67; C08G18/73; C09D175/16,C08G18/73; C08G18/227; C08G18/4288; C08G18/672; C08G18/6208; C08G18/10; C09D175/16; C09D175/14; C09D119/006; C09D133/06; H05K3/287; C09D4/06; C09D175/16; C08F290/067; C08G18/672; C08G18/4288; C08G18/6208; C08G18/73; C08G18/10; C08G18/227; H05K3/287; C09D7/65; C09D7/63; C08F2/50; C08F283/008; C08G18/10; C08G18/227; C08G18/672; C08G2150/00; C08K5/05; C08K5/101; C08K5/43; C08K5/47; C08K5/5425; C09D175/14,,,2026
192-132-759-619-376,Air conditioner using water vapor refrigerant for modular data center and data center comprising same,"An air conditioner using a water vapor refrigerant for a modular data center in the present invention comprises a box body and an air conditioning system. The air conditioning system includes a heat exchanger, a water atomization device, an air circulation side fan and a vapor side fan. The heat exchanger is provided with multiple columns of bidirectional micro-channels on both sides; the water atomization apparatuses cooperate with pressure regulation apparatuses to form vapor; the vapor side fan is used for forming a negative pressure, such that the vapor evaporates under the negative pressure in a C-D direction and absorbs heat in the heat exchangers so as to achieve refrigeration; and the air circulation side fan is used for sucking, into the micro-channels of the heat exchanger and in an A-B direction, air in a space needing to be cooled.",H05K7/20,A62C3/16; H05K7/20827; H05K7/20745; F24F5/0035; F24F1/0059; F24F6/14; H05K7/20827,118-289-208-789-135; 042-712-027-606-547; 098-660-849-280-216; 193-683-053-733-457; 077-477-102-903-879; 151-263-240-839-543; 194-960-300-464-805; 126-826-341-160-150; 138-149-797-732-866; 126-153-340-578-439; 153-088-520-285-909; 005-518-518-289-418; 068-406-728-908-968; 185-198-864-153-414; 107-619-428-222-27X; 176-256-424-197-268; 159-091-904-326-103; 016-638-123-378-171,,2026
163-381-454-111-18X,电子设备,本申请提供一种电子设备，能够承受使用高压蒸汽灭菌器进行灭菌处理等的严酷环境变化的反复。平板终端(电子设备)(106)具有：框体(10)；设置在框体(10)的内部空间中的基板(30)；安装在基板(30)上的电子电路部件(40)；沿框体(10)设置的隔热层(第一隔热层)(50)；能够将隔热层(50)的内侧空间的热量排出到框体(10)的外部的散热机构部(第一散热机构部)(70)。,H05K5/02; H05K7/14; H05K7/20,H05K5/0217; H05K7/2039; H05K7/14; G06F1/1626; G06F1/1656; G06F1/203; H04M1/18; H04M1/0249; H05K7/20963; H05K5/0017; H05K5/03; H05K5/06; H05K5/13,,,2026
024-535-481-689-592,Electronic apparatus,"Provided is an electronic apparatus including a display panel, a chassis including a first part disposed adjacent to the display panel, and a second part which is connected to the first part and is spaced apart by a predetermined distance from the display panel to define a flow space between the second part and the display panel, and in which a first opening and a second opening communicating with the flow space are defined, and a cooling module disposed inside or outside of the second part, wherein the second opening is located to be lower than a reference line passing through the center of the display panel.",H05K7/20,H05K7/20972; G06F1/20; G06F2200/1631; G06F1/1601; H05K7/20145; H05K7/20972,001-588-955-497-862; 095-061-167-700-726; 021-244-342-058-505,,2026
028-715-909-689-846,System and method for reducing power losses for magnetics integrated in a printed circuit board,"A system and method for integrating a magnetic component within a power converter includes a coil integrated on a PCB. The PCB includes multiple layers and traces on each layer to form a single coil or to form multiple coils on the magnetic component. The PCB further includes at least one opening in the PCB through which a core component may pass, such that the magnetic component is defined by the coils and the core material. To reduce eddy currents built up within the traces, the dimensions of traces on a layer are varied and the position of traces between layers of the PCB are varied. The widths and locations of individual traces are selected to reduce coupling of the trace to leakage fluxes within the magnetic component. A floating conductive layer may also be provided to still further reduce the magnitude of eddy currents induced within the coil.",H01F27/28; H01F5/00; H01F17/00; H01F27/34; H02M1/12; H05K1/181,H01F17/0013; H01F17/0033; H01F2017/008; H01F2027/348; H01F2027/2819; H05K1/165; H05K2201/09672; H05K2201/086; H05K3/4644; H05K2201/0792; H01F27/2804; H01F27/346; H01F27/2885; H01F2027/2809; H02M1/12; H05K2201/08; H05K2201/0792; H05K1/181; H01F5/003; H01F17/0006,021-208-383-141-358; 105-068-078-096-777; 056-639-117-840-417; 088-487-488-254-135,,2026
113-007-704-117-565,Enhanced fluid replacement structures for use in immersion cooling tanks,"Fluid replacement structures used in immersion cooling tanks can include various enhancements to make them functional beyond simply taking up space. For example, the density of fluid replacement structures can be variable to assist with buoyancy control. As another example, fluid replacement structures can be designed to enable vaporized working fluid to be directed to a desired location. As another example, fluid replacement structures can include emergency cooling features, such as different substances that cause an endothermic reaction to occur when they are mixed together. The substances can be separated by a membrane that melts when the temperature reaches a certain point. As another example, a fluid replacement structure can provide structural support for an immersion cooling tank when negative pressure operations are performed. Fluid replacement structures can also include alignment features, lifting features, locking features, mating guides, fiducial markers, or the like.",H05K7/20,H05K7/203; H05K7/20236; H05K7/20781; H05K7/20818; H05K7/20236; H05K7/20272; H05K7/203; H05K7/20772; H05K7/20809; H10W40/30,067-072-192-466-757; 160-727-237-383-02X; 118-500-211-961-283,,2026
039-308-772-370-674,"Conversion apparatus from chip package to waveguide, radio frequency apparatus and radar apparatus","The present application discloses a conversion apparatus from a chip package to a waveguide, a radio frequency apparatus and a radar apparatus. The conversion apparatus includes: a first metal layer as a metal ground layer, a second metal layer, a third metal layer, a shielding metallization via, a conversion via, and a dielectric substrate disposed between different metal layers to function as a support; the second metal layer is configured to lay an RF trace; the third metal layer is configured to dispose a patch element; a capacitance formed between the RF trace and patch element introduces capacitance characteristic; multiple shielding metallization vias are ground vias around the patch element and RF trace for guiding RF signal propagation; at least one conversion metallization via is disposed on one end of the RF trace close to the patch element, for connecting the RF trace and patch element and introducing inductance characteristic.",H01P5/107; H01P3/08,H05K1/18; H01P5/107; H10W42/20; H10W44/20; H01P3/081; H01P5/107; H10W42/20; H10W44/20,076-266-538-672-315; 097-046-471-221-276; 102-225-351-783-592; 192-516-471-818-221; 120-727-218-317-069; 130-788-483-682-309; 040-911-049-654-143; 001-374-482-369-09X; 129-521-139-984-131; 152-957-220-646-288; 027-298-054-766-074; 043-384-816-421-189; 076-372-045-394-66X; 019-815-016-395-906; 136-526-589-168-699; 157-755-023-900-837; 189-888-240-576-105; 030-164-928-483-345; 137-438-894-538-103,,2026
081-124-743-655-570,配电模块及通信电源系统,本申请提供一种配电模块及通信电源系统。配电模块包括功率母排、重要负载输出模块、次要负载输出模块、电池模块及信号驱动采集模块，重要负载输出模块、次要负载输出模块、电池模块均包括断路器，功率母排与断路器连接，信号驱动采集模块与断路器连接以采集断路器信号，信号驱动采集模块包括多个沿第一方向依次排列的第一信号单元，信号驱动采集模块与每个断路器相接的连接区域设有整数个第一信号单元，断路器均设有第二信号单元，第二信号单元与连接区域的整数个第一信号单元中的其中一个对接，如此，使得配电模块在物理硬件上无重要负载、次要负载、电池接入等功能性区分，方便各个断路器与信号驱动采集模块进行无极混接。,H02B1/20; H02B1/056; H02B1/24; H02J13/36,H02B1/205; H02B1/0565; H02J1/10; H02B1/056; H02J9/061; H01H71/0264; H02B1/0565; H02B1/205; H05K7/1457,,,2026
058-966-582-965-865,"Filter unit, antenna filter unit and radio unit","The present disclosure relates to a filter unit, including: a cavity filter including a hollow main body, with an inner-side surface of the main body defining a closed cavity for housing resonance elements, the main body is formed by joining a filter chassis part and a filter cover part covering the filter chassis part, wherein an outer-side surface of the filter chassis part or the filter cover part facing a radio board that is to be electrically coupled with the cavity filter is metalized in such a manner that a metal layer formed thereby is configured as an electromagnetic compatibility (EMC) cover for blocking the radio board from electromagnetic interference. Also, the present disclosure relates to an antenna filter unit including the above-said filter unit and a radio unit including the above-said filter unit or the antenna filter unit.",H01P1/208; H01P3/12; H01Q1/38; H05K9/00,H01P1/208; H05K9/0026; H04B1/00; H01P1/208; H01P3/12; H01Q1/38; H05K9/0026,153-473-314-032-557; 091-739-866-452-128; 138-696-418-890-446; 113-798-052-594-780; 096-038-753-336-956; 108-635-186-346-347; 090-753-278-409-38X; 196-921-572-806-11X; 150-820-309-639-965; 147-909-416-195-522; 194-750-534-415-912; 165-517-813-199-770; 166-115-860-685-709; 087-744-323-572-002; 131-731-171-920-282; 023-803-530-184-120; 097-796-381-652-630; 108-040-801-827-327; 160-592-300-820-750; 174-232-626-862-300; 071-064-678-641-804; 067-935-389-017-796; 196-673-605-886-284; 026-459-190-607-623; 108-345-662-121-70X; 130-530-183-727-888; 083-869-347-364-21X,,2026
099-442-768-205-581,Measuring device,"This is an improvement of a measuring device, for example, it is possible to stably measure an electrical characteristic even when a component is small. In the present measuring device, at least one of a relative positional relationship between a main body and a loading stand for holding the component and a relative positional relationship between the main body and at least one of a pair of probes can be adjusted. Therefore, the component held on the loading stand can be more favorably gripped by the pair of probes, and the electrical characteristic can be stably measured even when the component is small.",G01R31/26; H05K13/08,H05K13/082; G01R31/26; G01R31/28; H05K13/082; G01R31/2601,019-589-161-226-444; 028-224-233-313-534; 067-205-442-360-987; 010-821-478-586-946; 172-704-897-447-248; 045-761-266-236-440; 125-950-096-821-585; 173-110-996-322-000,,2026
070-702-634-399-195,一种机柜电缆跟线架机构,本发明涉及一种机柜电缆跟线架机构，属于线缆连接结构设计领域。本发明的机构包括支撑梁1、活动端转接板2、保持器3、滑动门锁4、第一铰链5、长走线板6、短走线板7、固定端转接板8、第二铰链9和第三铰链10；本发明专利结构形式简单，不需要额外的工具就可快速将跟线架完成锁定及解锁工作。同时可以满足小型设备的线缆跟线工作，从根本上解决了对于小型设备无法实现线缆随设备一起运动及不便拆卸维修的短板。,H05K7/02; H05K7/18,H05K7/02; H05K7/18,,,2026
181-845-586-417-127,フレキシブル表示装置,,G09F9/00; G06F1/16; G09F9/30,G09F9/301; G06F1/1652; G06F1/1624; H04M1/0268; H04M1/0237; G09F9/301; H05K5/0217,,,2026
012-050-681-322-081,Case forming member,"A case forming member forms a shield case by being conductively mounted on an opening of a box-shaped accommodating member made of metal and is provided with a cover-side shield connector including a cover-side outer conductor and a cover for covering the opening. The cover is configured by uniting a plate-like electrically conductive member, which is made of metal and includes a plate-like shield portion fixable to the accommodating member to cover the opening and a connecting portion connected to the cover-side outer conductor, and a housing, which is made of synthetic resin and includes a holding portion for holding the cover-side shield connector and a plate-like exterior portion to be overlapped on an outer surface of the shield portion. A plate thickness of the exterior portion is larger than a plate thickness of the shield portion in a covering portion where the shield portion and the exterior portion overlap.",H01R13/512; H01R13/6591; H01R24/38,H04N23/51; H05K9/0018; H01R13/512; H01R13/6591; H01R24/38,174-388-495-182-997,,2026
088-510-168-486-634,一种可自动交叉开合拉伸的基板转移装置,本发明公开一种可自动交叉开合拉伸的基板转移装置，包括：支撑架、两组夹持组件、开夹件、移动驱动件，所述的两组夹持组件对称设置于所述支撑架的两端上；所述夹持组件内设置有若干夹持件，所述夹持件包括：固定轴、可旋转地安装于所述固定轴上的滚珠夹爪、与所述滚珠夹爪一端连接的弹性复位件、与所述滚珠夹爪相配合的固定夹爪，所述固定夹爪安装在所述支撑架上；所述开夹件包括：开夹部、用于驱动所述开夹部旋转的旋转驱动装置。本发明可实现基板上夹持点的快速清洗，有效避免基板污染的问题，提高产品的质量，有效提高产品良率。,B65G47/90; B08B3/02; B08B3/08; B08B13/00; H05K3/00,B65G47/90; B08B3/02; B08B3/08; B08B13/00; H05K3/00,,,2026
173-243-766-838-609,はんだ合金、ソルダペースト、プリント回路基板および電子制御装置,【課題】 耐熱疲労特性と耐衝撃性とを両立できるはんだ合金、ソルダペースト、電子回路基板および電子制御装置の提供。【解決手段】 Ａｇと、Ｃｕと、Ｂｉと、Ｎｉと、Ｃｏと、を含み、残部がＳｎからなり、Ａｇの含有量が、２．５質量％以上４．０質量％以下、Ｃｕの含有量が、０．６質量％以上０．７５質量％以下、Ｂｉの含有量が、２．０質量％以上４．５質量％以下、Ｎｉの含有量が、０．０１質量％以上、Ｃｏの含有量が、０．０１質量％以上、ＮｉおよびＣｏの合計含有量が、０．０５質量％以下であり、以下の式（１）を満たす、はんだ合金。１３≦５８．０４６＋（－４．２３８×Ａｇ）＋（－１１．３７１×Ｃｕ）＋（－４．１４５×Ｂｉ）≦３３ （１）（但し、上記式（１）中の元素記号は、はんだ合金における各元素の含有量（質量％）を表す。）【選択図】図２,B23K35/26; B23K35/363; C22C13/00; C22C13/02; H05K3/34,B23K35/262; B23K35/0244; B23K35/025; C22C13/00; C22C13/02; B23K35/362; B23K1/0016; B23K2101/42; B23K35/262; C22C13/02; H05K1/0271; H05K1/181; H05K2201/032,,,2026
134-172-411-403-040,冷却装置,,H10W40/73; F28D15/02; G06F1/20; H05K7/20,G06F1/20; H05K7/20809; G06F2200/201; F28D15/0266; F28D2021/0029; F28D2021/0031; H10W40/73,,,2026
103-033-877-953-648,TOOLING VACUUM UNIT,,B41F15/20; B25B11/00; B41F15/08; H05K3/12,B41F15/08; B41F15/20; B41F15/40; B41F15/20; B41F15/0881; H05K13/0061; B41F15/26; B25B11/005; B41F15/20; H05K3/1216; H10P72/78; B41F15/20; B41F15/26; B41F15/08; B41F15/20; H05K3/1225; H05K2203/1509,,,2026
145-189-364-693-566,IMAGE DISPLAY DEVICE,,G06F1/16,G06F1/1652; G06F3/0412; G06F2203/04102; H05K5/03,,,2026
036-762-356-905-28X,JET SOLDERING DEVICE,,B23K1/08; B23K1/00; B23K3/06; B23K101/36; H05K3/34,B23K3/0653; B23K1/085; H05K2203/044; H05K3/3468; B23K2101/36; B23K1/08; B23K3/06; H05K3/34; B23K1/085; B23K3/0653,,,2026
101-636-146-009-178,"CONNECTOR FOR CONNECTING AN ELECTRONIC DEVICE, ESPECIALLY AN ELECTRONIC TRACKING DEVICE, TO A CONTAINER, ELECTRONIC ASSEMBLY, CONTAINER ASSEMBLY AND METHOD FOR MOUNTING A CONNECTOR ON A CONTAINER",,H05K5/02; B65D8/00; B65D27/00; B67D1/08; G06K19/00,H05K5/0252; H05K5/0286; H05K5/0204; B65D11/06; B65D2203/10,,,2026
190-192-165-241-742,AN INDUCTION HEATING ASSEMBLY FOR AN AEROSOL GENERATING DEVICE,,H05B6/10; A24F40/465,H05B6/108; A24F40/465; A24F40/20; A24F40/465; H05B6/108; H05B6/36; A24F40/20; A24F40/465; A24F40/20; H05B6/105; H05K9/0088,,,2026
077-629-597-707-174,粗化処理銅箔、銅張積層板及びプリント配線板,,H05K3/18; B32B15/08; B32B15/20; C25D7/06,B32B15/08; B32B15/20; C25D1/04; C25D5/16; C25D7/06; H05K3/18; C25D5/605; C25D3/38; H05K3/384; C25D7/0614; H05K1/09; C25D1/04; C25D3/38; C25D5/16; C25D7/06; C25D5/605; C25D5/615; H05K3/18; B32B15/08; B32B15/20; C25D5/605; C25D1/04; H05K1/09,,,2026
127-432-622-873-602,低いＧＷＰを有するフッ素化化合物を使用する熱交換方法,,C09K5/04; F28D15/02; G06F1/20,C09K5/10; Y02E60/10; C09K5/10; H10P72/0431; H10P74/20; H01M10/617; H01M10/625; H01M10/6569; C09K5/045; G01R31/2875; G01R31/2877; H01J37/32522; H01J2237/3321; H01J2237/3341; H05K1/0203; H05K7/208; H05K2201/064; H10W99/00,,,2026
130-627-279-031-704,情報処理装置、情報処理システム、書き込み治具、及び書き込み方法,【課題】信頼性を低下させずに、複数のＳＰＩメモリＩＣに対して、データを書き込む。【解決手段】情報処理装置は、制御部との間をＳＰＩ（Serial Peripheral Interface）により接続されている複数のＳＰＩメモリＩＣと、前記複数のＳＰＩメモリＩＣが実装されている基板とを備え、前記基板は、前記複数のＳＰＩメモリＩＣのうちの少なくとも１つのＩＣの端子におけるはんだ付けパッドパターンであり、書き込み治具を前記端子に接続可能なように、前記ＩＣの周辺に拡張して配置されている拡張パッドパターンと、前記端子に前記書き込み治具を接続する際の位置決め用のスルーホールと、前記書き込み治具から前記複数のＳＰＩメモリＩＣのうちの１つを選択可能なように、前記複数のＳＰＩメモリＩＣのそれぞれのチップセレクト端子に接続された導体部とを備える。【選択図】図４,H05K1/02,H05K1/181; H05K2201/10159; H05K3/3421; H05K2201/10666; H05K2201/10628; H05K2203/167; H05K1/111; H05K2201/09409; H05K1/0295; H05K3/325; H05K2201/10212; H05K1/0218; G06F13/4282,,,2026
103-751-128-732-721,粗化処理銅箔、銅張積層板及びプリント配線板,,H05K3/18; B32B15/08; B32B15/20; C25D7/06,B32B15/08; B32B15/20; C25D1/04; C25D5/16; C25D7/06; H05K3/18; C25D5/605; C25D3/38; H05K3/384; C25D7/0614; H05K1/09; C25D5/605; C25D1/04; C25D5/16; C25D7/06; H05K3/18; B32B15/08; B32B15/20; C25D5/605; C25D1/04; C25D3/38; H05K1/09; H05K3/18; H05K2201/0355,,,2026
118-647-935-234-221,パワートレインのハウジング、パワートレイン及び車両,本願は、車両の技術分野に関し、パワートレインのハウジング、パワートレイン及び車両を開示し、ハウジングはケース及びシールアセンブリを備え、ケースの内部には、対向して設置される頂壁及び底壁を有する収容キャビティが形成され、頂壁に操作開口が設置され、底壁には、パワートレインにおける高電圧ハーネスを固定するためのハーネス取付構造があり、シールアセンブリは、操作開口に取り外し可能に接続され、収容キャビティを密封又は開放するために用いられる。本願により提供されるパワートレインのハウジング、パワートレイン及び車両は、パワートレインにおける高電圧ハーネスの着脱ステップを簡略化させる。,H05K5/06,H05K5/0217; H05K5/0247; H05K5/069; H05K5/0217; H05K5/0247; H05K5/069; H05K5/0247; H05K5/069; B60K6/22; B60Y2200/91; B60Y2200/92; Y02T10/64,,,2026
091-122-184-259-62X,部品装着装置、及び、部品装着方法,,H05K13/08; H05K13/04,H05K13/08; H05K13/04,,,2026
070-226-436-853-620,部品供給装置およびそれを備える部品実装機、並びに、部品供給方法,,H05K13/02; H05K13/04; H05K13/08,H05K13/029; H05K13/022; H05K13/04,,,2026
196-301-825-067-611,LED LIGHT MODULE WITH A FLAT HOLDER FOR LEDS,,F21V17/10; F21Y103/10; F21Y115/10,F21V3/02; F21V17/104; F21V19/003; F21V23/002; F21Y2103/10; F21Y2115/10; F21Y2103/33; F21Y2105/18; H05K3/0061; H05K2201/10106; H05K2201/066; H05K1/189; H05K2201/2054; H05K2201/0145; H05K2203/0759; H05K2201/0108; H05K2201/0323,,,2026
063-626-357-436-772,座板付きコンデンサ,,H01G2/02; H01G2/06; H01G9/012; H01G9/048; H01G9/08; H01G9/10,H01G2/02; H01G9/08; H01G9/10; H05K3/3426; H05K2201/10606; H05K2201/10015; Y02P70/50; H01G2/02; H01G9/10,,,2026
013-123-273-128-360,SOLDERING DEVICE,,F04D25/08; B23K1/008; B23K3/04; H05K3/34,B23K1/008; B23K3/04; B23K1/012; H05K3/3494; F04D25/166; F04D29/4226; F04D29/4213; B23K1/008; B23K3/04; H05K3/34; F04D25/08; B23K1/012; B23K3/04; B23K3/08,,,2026
159-365-977-307-275,工程制御装置,,H05K13/04,H05K13/085; H05K13/0409; H05K13/0812; H05K13/085; H05K13/02,,,2026
047-138-808-358-011,電子機器,,G06F1/16; G06F1/20; H05K7/20,G06F1/203; G06F1/1616; H05K7/20172; G06F1/1681; G06F1/203; H05K7/20145; H05K7/20154; H05K7/20172,,,2026
182-150-265-649-336,回路基板、半導体装置及び電子モジュール,,H10W70/62; H05K1/02; H10W70/00; H10W70/68,H05K1/02; H10W70/60; H10W70/68,,,2026
093-157-402-123-062,ヒートシンク,,F28D15/02,H05K7/20; F28D15/02; H05K7/20336; H10W40/73; H05K7/20336,,,2026
070-384-354-422-185,Portable energy storage,"Przenośny magazyn energii charakteryzuje się tym, że obudowa jest metalowa oraz jest wewnątrz pokrowca (10) tekstylnego, zawierającego prostokątne dno, na którego krawędziach są prostopadłe względem niego ścianki boczne, przy czym pokrowiec (10) od góry jest zamknięty rozłącznie ścianką górną, a wewnętrzna powierzchnia dna oraz ścianek bocznych pokrowca (10) jest spasowana z powierzchnią zewnętrzną dolnej ścianki oraz prostopadłych względem niej ścianek bocznych obudowy, ponadto obudowa zawiera dwa ucha usytuowane po jej dwóch przeciwległych bokach od strony jego górnej ścianki, a pokrowiec (10) od strony każdego z uch zawiera szczelinę pomiędzy górną krawędzią jego ścianek bocznych a ścianką górną, a ponadto zawiera pas (12), który na jednym końcu jest połączony rozłącznie z jednym uchem, a na drugim końcu jest połączony rozłącznie z drugim uchem, a ponadto wystaje na zewnątrz pokrowca (10) przez szczeliny pomiędzy górną krawędzią pokrowca (10) a pokrywą (11), zaś zespoły akumulatorów są pokryte warstwą termoizolacyjną.",H05K5/02; A45F3/02; A45F5/00,H05K5/02; A45F5/00; A45F3/02; H05K5/023; Y10S224/902; Y10S224/93,146-034-862-367-915; 101-731-198-822-967,,2026
099-970-764-110-234,ロック解除装置、およびロック・ロック解除コンポーネント,,H01R13/629; H05K5/02,H01R13/639; H01R13/62; H05K7/1409; H01R13/52; H01R13/502,,,2026
178-055-759-729-731,显示模组及其制备方法、背膜、显示装置,本申请提供了一种显示模组及其制备方法、背膜、显示装置，涉及显示技术领域，旨在提高显示模组的防水防腐性能。该显示模组包括显示面板、柔性线路板、保护膜和防护层。显示面板包括设置有显示区的第一部，以及设置有绑定区的第二部，第一部包括相对的显示面和非显示面，第二部弯折至靠近非显示面的一侧。柔性线路板设置于第二部的远离第一部的一侧，且与第二部的绑定区相连。保护膜设置于第二部的靠近第一部的一侧，保护膜在第二部上的正投影位于绑定区内。防护层覆盖在柔性线路板的靠近第一部的一侧，覆盖柔性线路板与第二部的连接处，且覆盖在保护膜的靠近第一部的一侧。,G09F9/33; G09F9/30; H05K1/02; H05K1/11; H10K59/10; H10K59/80,G09F9/335; G09F9/301; H05K1/02; H05K1/11; H10K59/80; H10K59/10,,,2026
155-236-481-710-224,散热组件及显示装置,本发明涉及显示技术领域，更具体地，涉及一种散热组件及显示装置。本发明的散热组件包括外壳体及内壳体；外壳体的一端设置有第一进风口，外壳体的壳壁上还设置有沿第一方向延伸的第一出风口；内壳体的一端设置有第二进风口，内壳体的壳壁上设置有沿第一方向延伸第二出风口；内壳体套设于外壳体中，第一出风口和所述第二出风口至少部分交叠形成出风口交叠部。本发明所提供的散热组件及显示装置，出风口交叠部的宽度是可以变化的，如此，通过出风口交叠部的宽度变化可以改变散热组件的出风口宽度，进而，可以根据需要散热需求调节散热组件的出风口宽度，使得散热组件能够满足不同宽度或不同展开宽度的显示面板的散热。,H05K7/20; H05K5/02,H05K7/20127; H05K5/0217; H05K7/20972; G09F9/301; G06F1/1652; G06F1/1656; G06F1/203; H05K7/20972; H05K7/20145,,,2026
016-799-618-982-888,一种导气垫板,本发明涉及一种导气垫板。本发明所述的一种导气垫板包括：底板；若干支撑钉，所述支撑钉布置于所述底板上，包括壳体和连接块，所述壳体的支撑面上设有向内凹陷的导气槽，所述壳体侧壁上开设有与所述导气槽连通的缺口，所述壳体底部通过连接块与所述底板固定；定位钉，包括定位座和定位销，所述定位座设置于所述底板上，所述定位销突出设置于所述定位座上。本发明所述的一种导气垫板具有节省生产成本和时间、通用性好的优点。,H05K3/00; B26F1/16; H05K3/40,H05K3/0094; H05K3/40; B26F1/16,,,2026
168-427-328-909-572,一种电磁屏蔽膜及线路板,本发明公开了一种电磁屏蔽膜及线路板，其中，所述电磁屏蔽膜包括依次层叠设置的保护层与屏蔽层，所述保护层的一侧面设有若干第一凸起部，且所述第一凸起部的硬度小于所述屏蔽层的硬度。本发明通过在所述保护层的一侧面设有若干第一凸起部，使得电磁屏蔽膜在受到弯折时，所述第一凸起部能够缓解外部应力，减缓外部应力对屏蔽层的损伤，进而提高电磁屏蔽膜的弯折性能。通过在所述保护层的一侧面设置若干硬度小于所述屏蔽层的硬度第一凸起部，使得电磁屏蔽膜在受到弯折时，避免因第一凸起部硬度过大而挤压刺破屏蔽层，从而保证屏蔽层的完整性，进而够保证屏蔽性能的稳定性。,H05K9/00; H05K1/02,H05K9/0088; H05K1/023,,,2026
078-148-510-212-072,等离子气体制作精细线路的方法及含精细线路的线路板,本发明提供等离子气体制作精细线路的方法及含精细线路的线路板，所述方法包括如下步骤：原始基材的表面依次经贴覆第一感光干膜、曝光和显影，得到第一基材，所述第一基材的非线路区域被膜贴覆，所述第一基材的线路区域露出；所述第一基材中线路区域的无机物在等离子气体中经反应气化，然后依次抽真空和通入烧蚀气体，所述烧蚀气体与第一基材中线路区域发生烧蚀反应，将所述线路区域粉末化，形成线路槽；所述线路槽依次进行清洗和活化处理；循环进行直至得到完整线路槽；并去除所述第一感光干膜，得到第二基材；第二基材经过后续处理得到含精细线路的线路板。本发明所述方法适用范围广，精度可达到0.5mil以内。,H05K3/06; H05K1/02; H05K3/18; H05K3/42,H05K3/06; H05K3/067; H05K3/18; H05K3/424; H05K1/0296,,,2026
100-446-327-452-888,一种强脉冲光治疗仪,本发明涉及医疗设备技术领域，具体的说是一种强脉冲光治疗仪，包括主机组件，且主机组件的上表面固定安装有显示屏，且主机组件的两端均插接有手柄组件，手柄组件的一端与主机组件相电性连接，主机组件的前端一侧固定安装有钥匙开关和急停开关，且主机组件的内部下端固定安装有散热组件，主机组件的后侧固定安装有空气开关，且空气开关的进线端与外部市电相电性连接，空气开关输出端与主机组件相电性连接，在进行使用时，通过采用两个手柄组件，两个手柄组件中的波长、治疗面积以及能量密度不同，便于针对不同的使用要求进行调节，且通过采用散热组件，在进行使用时，便于进行散热，避免热量堆积，提高使用寿命，并提高在使用时的安全性能。,A61B18/18; A61B90/00; H05K7/20,H05K7/2029; H05K7/20318; A61B18/18; A61B90/08; A61B2018/1807; A61B2018/00452; A61B2018/00458; A61B2018/00702; A61B2018/00696; A61B2090/0803,,,2026
085-120-402-892-217,Dispositif de filtrage embarqué pour connecteur,"Dispositif de filtrage embarqué pour connecteur Un aspect de l’invention concerne un dispositif (10) de filtrage destiné à être connecté avec un connecteur (20) électrique, le dispositif de filtrage comprenant une couche (11) en matériau diélectrique, laquelle comprenant une pluralité de premiers vias débouchant ménagés dans son épaisseur, de la céramique ferromagnétique étant déposée dans chaque premier via sur un pourtour de celui-ci, le dispositif de filtrage étant destiné à coopérer avec le connecteur électrique par insertion d’une pluralité de broches (21) dudit connecteur électrique dans la pluralité de premiers vias, chaque broche venant s’insérer dans le circuit magnétique créé par la céramique ferromagnétique dans le premier via afférent, l’épaisseur de la couche diélectrique étant telle que la pluralité de broches du connecteur électrique dépasse de la couche diélectrique lorsque lesdites broches sont insérées. Figure à publier avec l’abrégé : Figure 2",H05K1/11; H01R12/71; H01R13/719; H05K3/42; H05K7/14,H03H1/0007; H01R13/7195; H05K1/0233; H05K1/144; H05K1/181; H05K3/301; H05K3/306; H05K2201/10378; H05K2201/10189; H05K2201/10106; H05K2201/083; H05K2201/086; H05K1/162,026-194-789-517-850; 039-234-334-919-314,,2026
133-384-301-940-476,用于制造印刷电路板的方法,描述了一种制造具有金属导体结构的印刷电路板的方法。该方法包括：提供呈膜或片材形式的基础基板（101），该基础基板具有第一基板侧（101a）和第二基板侧，该基础基板至少部分地由非导电有机聚合物材料构成，其中，第一基板侧（101a）覆盖有覆盖金属层（102）；以及去除第一基板侧（101a）的某些区域中的覆盖金属层（102）。为了去除覆盖金属层（102），将掩模层（103）施加到覆盖金属层（102）上。在某些区域中去除掩模层（103），使得第一基板侧（101a）被划分为至少一个第一子区域（104）和至少一个第二子区域（105），在该第一子区域中，第一基板侧（101a）仅被覆盖金属层（102）覆盖，在该第二子区域中，第一基板侧（101a）被覆盖金属层（102）和掩模层（103）覆盖。然后，在该至少一个第一子区域（104）中去除覆盖金属层（102）。提出通过使用蚀刻溶液的蚀刻处理来去除掩模层（103），并且在蚀刻处理之前在第一子区域（104）中的掩模层（103）中实现相变或化学转化。,H05K3/10; H05K3/00,H05K3/107; H05K2203/107; H05K3/0076; H05K3/0041; H05K3/0082; H05K2203/0554; H05K2203/0551; H05K2201/0175; H05K2203/1476,,,2026
133-931-223-673-711,变频控制柜及变频系统,本公开涉及变频控制柜及变频系统，其中变频控制柜包括：箱体(1)，箱体(1)内的空间分为四个容纳区(S)，四个容纳区(S)按象限分布；安全保护模块(3)，设在箱体(1)内，被配置为提供过载保护；电抗器模块(4)，设在箱体(1)内，被配置为降低工频暂态过电压，平衡无功功率；整流滤波模块(5)，设在箱体(1)内，被配置为将交流电转换为直流电，并滤除特定频率点信号；和电源驱动模块(6)，设在箱体(1)内，被配置为输出供电电源；其中，安全保护模块(3)、电抗器模块(4)、整流滤波模块(5)和电源驱动模块(6)分别设在四个容纳区(S)内。,H02M1/00; H02M1/32; H02M1/44; H02M7/00; H05K7/14; H05K7/20,H02M1/00; H05K7/1432; H05K7/2089; H05K7/20909; H05K7/20936; H02M7/003; H02M1/32; H02M1/44,,,2026
034-463-171-922-216,电子控制装置,一种电子控制装置（1）具备：收容电路基板(10)的第一框体(20)和第二框体(30)；形成在第一框体(20)和第二框体(30)的至少任意一方上的玻璃涂层(31a)；以及设置在第一框体20与第二框体30之间的密封构件(40)，玻璃涂层31a配置为与密封构件(40)相接触。由此，能够提供一种具有满足日益严格的防止盐害的要求的可靠性高的气密性且紧凑的电子控制装置。,H05K5/06,H05K5/06,,,2026
130-036-348-358-352,均温板,本发明的均温板用钛铜合金板含有2.0～5.0质量%的Ti、合计0.05～0.5质量%的选自由Fe、Co、Mg、Si、Ni、Cr、Zr、Mo、V、Nb、Mn、B、P及Al所组成的群中的1种以上元素，剩余部分由铜及不可避免的杂质构成。,C22C9/00; C22F1/08; G06F1/20; H05K7/20,C22C9/00; C22F1/08; H05K7/20336; G06F1/203; C22C9/00; C22F1/08; H05K7/20336,,,2026
053-041-097-116-070,半导体装置,提供的具有高强度及散热性的半导体装置包含第一电路基板；具有相互对置的第一及第二面且在第一面中与第一电路基板接触的第一半导体芯片、位于第二面上的第二导电体、具有相互对置的第三及第四面且在第三面中与第一电路基板接触的第二半导体芯片、位于第四面上的第三导电体、具有第五及第六面且在第五面与第一电路基板接触的第一柱、与第二导电体的与第一半导体芯片相反侧的面、第三导电体的与第二半导体芯片相反侧的面、第二导电体的第六面接触的第二电路基板、沿连结第一及第二电路基板的方向延伸且各自与第一及第二电路基板接触的多个绝缘性的柱及第一及第二半导体芯片、第一柱、多个绝缘性的柱且包含半导体装置的表面的密封体。,H10W76/40; H10D80/20; H10W40/22; H10W72/00; H10W74/10; H10W74/40,H10D80/20; H05K1/0298; H05K1/181; H10D80/251; H05K1/144; H10W76/47; H10W74/114; H10W90/00; H10W72/865; H10W72/884; H10W90/734; H10W90/736; H10W90/754,,,2026
049-711-652-231-197,壳体加工方法、壳体及电子设备,本公开是关于一种壳体加工方法、壳体及电子设备，壳体加工方法包括提供初始壳体，以第一预设电压对初始壳体进行第一阳极氧化处理，使初始壳体的第一区域形成第一阳极氧化膜层，第一阳极氧化膜层具有第一颜色，对第一区域中的至少一个第一预设区域进行重复阳极氧化处理，重复氧化处理过程包括去除第一预设区域表面的第一阳极氧化膜层，形成第一待加工区域，对第一待加工区域进行氧化处理，氧化处理过程中使用的加工电压不断升高。本公开中的方法使用的加工电压的初始电压低于第一预设电压，可以减小对第一阳极氧化膜层的冲击，氧化处理过程中，使用的加工电压不断升高，对第一阳极氧化膜层影响较小，提升生膜速度，提高生产效率，提升了生产良率。,C25D11/12; C25D7/00; H05K5/00,C25D11/12; C25D7/00; H05K5/00,,,2026
064-218-175-646-22X,构造体和带电子部件的构造体,构造体(201)具备：主基板(1)，其具有第一面(1a)和与第一面(1a)朝向相反侧的第二面(1b)；电源模块(3)，其设置于主基板(1)；插座(4)，其设置于主基板(1)；以及一个以上的电源布线(8)及一个以上的信号布线(9)，其沿主基板(1)的厚度方向延伸且贯穿插座(4)。所述一个以上的电源布线(8)分别具有第一面(1a)侧的第一端(71)以及与第一端(71)为相反侧的第二端(72)。所述一个以上的信号布线(8)分别具有用于与电子部件电连接的第三端(73)以及与第三端(73)为相反侧的第四端(74)，第四端(74)与设置于第一面(1a)的导体图案电连接。,H05K1/14,H05K1/141; H05K3/301; H05K2201/10325; H05K2201/09072; H05K1/0215; H05K3/32; H05K7/1092; H10W44/601,,,2026
135-271-922-849-298,一种温度可调控性液冷板结构,本发明提供了一种温度可调控性液冷板结构，其在诸多晶体管同时需散热时，可控制某个局部区域的晶体管的温度范围，从而达到可控制水冷板温度的效果。其包括：上盖板，其包括中心上凸部分；下盖板；第一组堆叠翅片；第二组折叠翅片；第三组堆叠翅片；入液口；以及出液口；所述上盖板密封盖装于所述下盖板的上表面，上凸部分和下盖板组合形成冷却腔体，所述冷却腔体顺着长度方向上顺次设置有入液区域、第一组堆叠翅片、第一过渡区、第二组折叠翅片、第二过渡区、第三组堆叠翅片、出液区域；所述上凸部分的上板的长度方向两端分别设置有入液口、出液口，所述第一组堆叠翅片的第一翅片沿着冷却腔体的宽度方向顺次间隔排布、形成若干组第一流道。,H05K7/20; H02P29/00,H05K7/209; H05K7/20927; H02P29/00,,,2026
153-970-566-145-985,冷却剂分配单元软启动泵控制,本发明涉及冷却剂分配单元软启动泵控制。液体冷却系统的冷却剂分配单元包括：多个泵，所述多个泵被配置成使冷却剂在液体冷却系统内循环，其中，当多个泵中的至少一个泵没有处于操作时，多个泵的子集能够处理液体冷却系统的全操作负载；以及通信地耦接至多个泵的控制器。控制器被配置成：响应于确定泵已经被启用，将所述泵和多个泵中的其余泵调整至第一泵速度；以及将所述泵和其余泵调整至第二泵速度，其中，第一泵速度对应于低于第二泵速度的中间操作速度，以及第二泵速度对应于最终操作速度。,F04B49/20; F04B49/02; F04B49/06; G06F1/20; H05K7/20,H05K7/20836; F04B23/04; F04B49/20,,,2026
053-189-477-601-466,滤波器装置,提供一种滤波器装置，减小尺寸且抑制滤波器特性的劣化。滤波器装置具备：层叠基板，其包括第一电介质层、包括被供给基准电位的基准电极的第一布线层及位于第一电介质层与第一布线层之间且具有与第一电介质层不同的厚度的第二电介质层；串联无源元件，其设置于将第一端子与第二端子电连接的串联布线；第一并联布线，其将串联布线与基准电极电连接；及第一并联无源元件，其设置于第一并联布线，第一并联布线包括：第一过孔，其贯穿第一电介质层且与第一并联无源元件电连接；及第二过孔，其贯穿第二电介质层且将第一过孔与基准电极电连接，第一电介质层位于第一并联无源元件与第二电介质层之间，第一过孔的截面面积与第二过孔的截面面积不同。,H03H1/00; H03H7/01,H05K1/0233; H05K1/0231; H05K1/115; H03H7/0115; H03H2001/0085; H05K1/0298; H05K1/115; H05K2201/1006; H05K2201/1003; H05K2201/10015,,,2026
121-422-196-228-186,散热装置及服务器,本申请涉及服务器散热技术领域，旨在解决如何改善对内存的散热效果的问题，提供散热装置及服务器。其中，散热装置包括多个第一导热件、多个第二导热件和两个液冷件。多个第一导热件沿第一方向间隔排布。多个第二导热件沿第一方向间隔排布，多个第二导热件分别与多个第一导热件对应，第二导热件分别与对应的第一导热件沿第一方向的相对两侧贴合，相邻的两个第二导热件之间沿第一方向限定出插槽，第二导热件被构造为能够沿第一方向发生弹性形变，以使内存可操作地挤入插槽内，并与第二导热件紧密贴合。第一导热件沿第二方向的两端分别与两个液冷件连接。本申请的有益效果是提高对内存的散热效果。,G06F1/183; G06F1/20,H05K7/20772,,,2026
175-876-262-592-636,一种转轴组件及电子设备,本申请涉及一种转轴组件及电子设备，转轴组件包括轴座和支架，轴座设置有滑动组件，支架设置在轴座沿转轴组件的宽度方向的两侧，支架连接有摆臂组，其中，滑动组件至少包括第一滑动件和第二滑动件，第一滑动件收容于第二滑动件内，且第一滑动件与第二滑动件滑动连接，第二滑动件可滑动地设置于轴座，摆臂组与第一滑动件滑动连接。通过在轴座上设置能够相对于轴座滑动的滑动组件，有利于为摆臂组提供充足的滑动行程，以使得各个摆臂组均可以向内转动以及向外转动，从而实现了电子设备的向内折叠以及向外折叠。其中，第一滑动件和第二滑动件可以形成可伸缩的嵌套结构，以进一步增加了的摆臂的滑动行程，以满足摆臂的转动需求。,F16C11/12; G06F1/16; G09F9/30; H04M1/02; H05K5/02,F16C11/12; G09F9/301; H05K5/0226; H04M1/0216; H04M1/0268; G06F1/1681; G06F1/1652; F16C2380/00; F16C2370/00,,,2026
129-000-910-477-093,防抖电路板及其制备方法、摄像头模组和电子设备,本申请提出一种防抖电路板及其制备方法、摄像头模组和电子设备。本申请通过将防抖电路板划分为连接区和活动区(用于承载连接图像传感器等电子元件)，将连接区的内层设置为包含有多个间隔的悬丝的悬丝区，在连接区的外层设置线路层，使得内层的悬丝区与外层线路板的线路层分开设置，震动过程彼此不受影响，上层的线路层的布线宽度不受制约，叠层上不受限制，既能提高布线密度，又减小了线路制作难度。,H05K1/183; H04N23/54; H05K1/11; H05K3/46,H05K1/18; H05K1/11; H05K3/4611; H05K3/4626; H04N23/54,,,2026
001-380-404-131-319,显示设备,该显示设备包括用于支撑显示器的支架。所述支架包括支架基座和支架颈部，所述支架基座由支撑表面支撑，并且所述支架基座包括倾斜部，当所述支架基座被所述支撑表面支撑时，所述倾斜部相对于所述支撑表面以预定角度倾斜，所述支架颈部用于将所述显示器的后表面连接到所述支架基座，使得所述支架支撑所述显示器，所述支架颈部包括反射部，所述反射部连接到所述倾斜部以使得所述反射部被定位成垂直于所述倾斜部。所述反射部被设置成反射所述倾斜部。,F16M11/04,G02B7/182; F16M11/10; F16M11/041; F16M11/22; F16M2200/08; G02B7/182; H05K5/0234,,,2026
